Ingredient_Name,canonical_group_id,Primary_Function,Ingredient_Category,Origin,Regulatory_Status,Safety_Level_true,Safety_Level_pred,Safety_Level_correct,Safety_Level_confidence,Allergy_Risk_true,Allergy_Risk_pred,Allergy_Risk_correct,Allergy_Risk_confidence,Irritation_Risk_true,Irritation_Risk_pred,Irritation_Risk_correct,Irritation_Risk_confidence
Aqua (Water),Aqua (Water),Solvent,Solvent,Natural,Approved,Very Safe,Very Safe,True,0.8549928174900505,No Risk,Low,False,0.866469181186117,No Risk,No Risk,True,0.9760015154727679
Butylene Glycol,Butylene Glycol,Solvent,Solvent,Synthetic,Approved,Safe,Safe,True,0.8710840607584533,Low,Low,True,0.9958111162159431,Low,No Risk,False,0.9706163963493695
Propylene Glycol,Propylene Glycol,Humectant,Humectant,Synthetic,Approved,Safe,Safe,True,0.9975837310395104,Medium,Low,False,0.9551792810328594,Low,Low,True,0.6184481402275649
Pentylene Glycol,Pentylene Glycol,Humectant,Humectant,Synthetic,Approved,Safe,Safe,True,0.998471341484518,Low,Low,True,0.9584811531583125,No Risk,Low,False,0.6507146892304938
Dipropylene Glycol,Dipropylene Glycol,Solvent,Solvent,Synthetic,Approved,Safe,Safe,True,0.90924746142004,Low,Low,True,0.9972824985054217,Low,No Risk,False,0.5444133745656862
Hexylene Glycol,Hexylene Glycol,Solvent,Solvent,Synthetic,Approved,Safe,Safe,True,0.9298761919808348,Low,Low,True,0.9981330228163069,Low,No Risk,False,0.9553793025577798
Isopropyl Alcohol,Isopropyl Alcohol,Solvent,Alcohol,Synthetic,Approved,Moderate Risk,Moderate Risk,True,0.9995389826155839,Low,Low,True,0.9889785518388818,Medium,Medium,True,0.9991925373016644
Ethanol,Ethanol,Solvent,Alcohol,Naturally Derived,Approved,Moderate Risk,Moderate Risk,True,0.6050403652232482,Low,Low,True,0.9928316043847817,Medium,Medium,True,0.7534679803311348
Alcohol Denat.,Alcohol Denat.,Solvent,Alcohol,Synthetic,Approved,Moderate Risk,Moderate Risk,True,0.9951286495244211,Low,Low,True,0.9382332416550612,Medium,Medium,True,0.9907156853294823
SD Alcohol 40,SD Alcohol 40,Solvent,Alcohol,Synthetic,Approved,Moderate Risk,Moderate Risk,True,0.8918373924848827,Low,Low,True,0.9919582742517455,Medium,Medium,True,0.9819157767879759
Caprylyl Glycol,Caprylyl Glycol,Humectant,Humectant,Naturally Derived,Approved,Safe,Safe,True,0.5313593990742698,Low,Low,True,0.6169561553919587,No Risk,Low,False,0.6512790587648516
Glycerin,Glycerin,Humectant,Humectant,Naturally Derived,Approved,Very Safe,Safe,False,0.775068259407855,Low,Low,True,0.9892459907999159,No Risk,Low,False,0.7148838530157253
Sodium PCA,Sodium PCA,Humectant,Humectant,Biotechnology Derived,Approved,Safe,Safe,True,0.6751616717775127,Low,No Risk,False,0.8185473269406512,No Risk,Low,False,0.6246476021050313
Propanediol,Propanediol,Humectant,Humectant,Naturally Derived,Approved,Safe,Safe,True,0.6605708598822212,Low,Low,True,0.9590396284357995,No Risk,No Risk,True,0.9515684980925648
Sorbitol,Sorbitol,Humectant,Sugar,Naturally Derived,Approved,Very Safe,Very Safe,True,0.7066638632373096,No Risk,Low,False,0.9560575578727734,No Risk,No Risk,True,0.9072794308896147
Glyceryl Glucoside,Glyceryl Glucoside,Humectant,Sugar,Naturally Derived,Approved,Safe,Very Safe,False,0.696483100574091,Low,Low,True,0.9294290670889893,No Risk,No Risk,True,0.9886724857964077
Trehalose,Trehalose,Humectant,Sugar,Naturally Derived,Approved,Very Safe,Safe,False,0.9997877615834151,No Risk,Low,False,0.999551600337478,No Risk,No Risk,True,0.9991180016096145
Xylitol,Xylitol,Humectant,Sugar,Naturally Derived,Approved,Very Safe,Safe,False,0.8746414108921082,Low,Low,True,0.7337572168712314,No Risk,No Risk,True,0.9792139818009884
Xylitylglucoside,Xylitylglucoside,Humectant,Sugar,Biotechnology Derived,Approved,Safe,Very Safe,False,0.5092318666302348,Low,Low,True,0.9197001704520141,No Risk,No Risk,True,0.9709425891565007
Anhydroxylitol,Anhydroxylitol,Humectant,Sugar,Biotechnology Derived,Approved,Safe,Safe,True,0.5450213426989765,Low,Low,True,0.8171230464745879,No Risk,No Risk,True,0.8968867684269085
Inulin,Inulin,Humectant,Sugar,Natural,Approved,Safe,Safe,True,0.9952277492142679,Low,Low,True,0.686661799343316,No Risk,No Risk,True,0.996227991810641
Sodium Lactate,Sodium Lactate,Humectant,Salt,Naturally Derived,Approved,Safe,Very Safe,False,0.9495899386654979,Low,No Risk,False,0.5317915863261418,Low,Low,True,0.6810280170475586
Polyglutamic Acid,Polyglutamic Acid,Humectant,Polymer,Biotechnology Derived,Approved,Safe,Very Safe,False,0.5342804046403162,Low,No Risk,False,0.9065897144022546,No Risk,No Risk,True,0.9947642257034848
Beta-Glucan,Beta-Glucan,Humectant,Polymer,Naturally Derived,Approved,Safe,Very Safe,False,0.8577076109891957,Low,Low,True,0.9844711255400427,No Risk,No Risk,True,0.9961398928093678
Betaine,Betaine,Humectant,Amino Acid,Naturally Derived,Approved,Safe,Safe,True,0.7813176532263932,Low,Low,True,0.8424241752267647,No Risk,Low,False,0.9258798077664191
Urea,Urea,Humectant,Humectant,Synthetic,Approved,Safe,Safe,True,0.6444045369711388,Low,Low,True,0.5350280462128193,Medium,Low,False,0.7821428741273005
Honey (Mel),Honey (Mel),Humectant,Natural Ingredient,Natural,Approved,Safe,Safe,True,0.7329998399215855,Medium,Low,False,0.7860768274614892,Low,No Risk,False,0.6786551053127339
Aloe Barbadensis Leaf Juice,Aloe Barbadensis Leaf Juice,Humectant,Plant Extract,Natural,Approved,Very Safe,Safe,False,0.8102258431861212,Low,Low,True,0.9216510637120963,No Risk,No Risk,True,0.927936195583714
Sodium Hyaluronate,Sodium Hyaluronate,Humectant,Polymer,Biotechnology Derived,Approved,Very Safe,Safe,False,0.6818023430376607,No Risk,No Risk,True,0.9769834002148893,No Risk,No Risk,True,0.9958535627492945
Hyaluronic Acid,Hyaluronic Acid,Humectant,Polymer,Biotechnology Derived,Approved,Very Safe,Safe,False,0.6266202402558039,No Risk,No Risk,True,0.650849939676931,No Risk,No Risk,True,0.9169261193388819
Sodium Hyaluronate Crosspolymer,Sodium Hyaluronate Crosspolymer,Humectant,Polymer,Biotechnology Derived,Approved,Safe,Safe,True,0.9563553984893732,No Risk,No Risk,True,0.8082768748257321,No Risk,No Risk,True,0.9969448440661366
Panthenol,Panthenol,Humectant,Vitamin,Synthetic,Approved,Very Safe,Very Safe,True,0.9757084637323885,Low,No Risk,False,0.8032930863665149,No Risk,No Risk,True,0.88372444311069
Dexpanthenol,Dexpanthenol,Conditioning Agent,Vitamin,Synthetic,Approved,Very Safe,Safe,False,0.931469919273204,Low,Low,True,0.9766846132453477,No Risk,No Risk,True,0.9768766442496354
Caprylic/Capric Triglyceride,Caprylic/Capric Triglyceride,Emollient,Oil,Naturally Derived,Approved,Very Safe,Safe,False,0.8465624811782869,Low,Low,True,0.9964950792849678,No Risk,No Risk,True,0.7537571474668249
Isopropyl Myristate,Isopropyl Myristate,Emollient,Emollient,Synthetic,Approved,Safe,Safe,True,0.9981328586162641,Low,Low,True,0.9976964819121784,Low,No Risk,False,0.8343815819773367
Isopropyl Palmitate,Isopropyl Palmitate,Emollient,Emollient,Synthetic,Approved,Safe,Safe,True,0.9958846289386919,Low,Low,True,0.9735817839226405,Low,Low,True,0.8683579336614268
Cetyl Alcohol,Cetyl Alcohol,Emollient,Fatty Alcohol,Naturally Derived,Approved,Very Safe,Very Safe,True,0.6787405051425496,Low,Low,True,0.9731738145562125,No Risk,No Risk,True,0.982658455333281
Stearyl Alcohol,Stearyl Alcohol,Emollient,Fatty Alcohol,Naturally Derived,Approved,Very Safe,Very Safe,True,0.7871855236389457,Low,Low,True,0.9836052608373901,No Risk,No Risk,True,0.9050946861403312
Cetearyl Alcohol,Cetearyl Alcohol,Emollient,Fatty Alcohol,Naturally Derived,Approved,Very Safe,Safe,False,0.8649759517975311,Low,Low,True,0.9807822401697445,No Risk,No Risk,True,0.794247608285624
Behenyl Alcohol,Behenyl Alcohol,Emollient,Fatty Alcohol,Naturally Derived,Approved,Safe,Very Safe,False,0.8649890211590219,Low,Low,True,0.9983205272015248,No Risk,No Risk,True,0.6990576706097946
Myristyl Alcohol,Myristyl Alcohol,Emollient,Fatty Alcohol,Naturally Derived,Approved,Safe,Very Safe,False,0.5656000230239894,Low,Low,True,0.9504636099834401,No Risk,No Risk,True,0.944993262848596
Lauryl Alcohol,Lauryl Alcohol,Emollient,Fatty Alcohol,Naturally Derived,Approved,Safe,Safe,True,0.8436369242180515,Low,Low,True,0.9867724765021023,Low,No Risk,False,0.9084083704639752
Squalane,Squalane,Emollient,Oil,Naturally Derived,Approved,Very Safe,Safe,False,0.6169004366267977,Low,Low,True,0.9989368439116004,No Risk,No Risk,True,0.9189561244969018
Squalene,Squalene,Emollient,Oil,Animal Derived,Approved,Safe,Safe,True,0.959639477654722,Low,Low,True,0.9787757342510759,No Risk,No Risk,True,0.8297417758532756
Simmondsia Chinensis Seed Oil (Jojoba Oil),Simmondsia Chinensis Seed Oil (Jojoba Oil),Emollient,Oil,Natural,Approved,Very Safe,Safe,False,0.8732597487189018,Low,Low,True,0.9809168480849,No Risk,No Risk,True,0.9695489094981854
Cocos Nucifera Oil (Coconut Oil),Cocos Nucifera Oil (Coconut Oil),Emollient,Oil,Natural,Approved,Safe,Safe,True,0.661410694986319,Medium,Low,False,0.9876413882016261,Low,Low,True,0.9097256345329595
Prunus Amygdalus Dulcis Oil (Sweet Almond Oil),Prunus Amygdalus Dulcis Oil (Sweet Almond Oil),Emollient,Oil,Natural,Approved,Safe,Very Safe,False,0.5603825805309866,Medium,Low,False,0.8549664278568793,Low,No Risk,False,0.7277172222212424
Argania Spinosa Kernel Oil (Argan Oil),Argania Spinosa Kernel Oil (Argan Oil),Emollient,Oil,Natural,Approved,Very Safe,Safe,False,0.8887465942768416,Low,Low,True,0.9909173004688487,No Risk,No Risk,True,0.6874482245899652
Butyrospermum Parkii Butter (Shea Butter),Butyrospermum Parkii Butter (Shea Butter),Emollient,Butter,Natural,Approved,Very Safe,Safe,False,0.9912058172883875,Low,Low,True,0.9948356009546284,No Risk,No Risk,True,0.9626238944563992
Theobroma Cacao Seed Butter (Cocoa Butter),Theobroma Cacao Seed Butter (Cocoa Butter),Emollient,Butter,Natural,Approved,Safe,Safe,True,0.9984270646403777,Medium,Low,False,0.9807841336458782,Low,No Risk,False,0.9785240212017949
Paraffinum Liquidum (Mineral Oil),Paraffinum Liquidum (Mineral Oil),Occlusive,Oil,Mineral,Approved,Safe,Very Safe,False,0.9475288327347476,Low,Low,True,0.9741127027708941,No Risk,Low,False,0.7183734368790441
Petrolatum,Petrolatum,Occlusive,Wax,Mineral,Approved,Very Safe,Safe,False,0.9045828595259273,Low,Low,True,0.9922666965155833,No Risk,No Risk,True,0.6549160000034691
Dimethicone,Dimethicone,Occlusive,Silicone,Synthetic,Approved,Very Safe,Safe,False,0.948988033250796,Low,Low,True,0.9661165649404514,No Risk,No Risk,True,0.9944911928923339
Cyclomethicone,Cyclomethicone,Emollient,Silicone,Synthetic,Approved,Safe,Safe,True,0.9751373496135619,Low,Low,True,0.996675920885381,No Risk,No Risk,True,0.997695410980864
Cyclopentasiloxane,Cyclopentasiloxane,Emollient,Silicone,Synthetic,Country Restricted,Safe,Safe,True,0.9549564095582344,Low,Low,True,0.9954327613382719,No Risk,No Risk,True,0.9931454486291766
Cyclohexasiloxane,Cyclohexasiloxane,Emollient,Silicone,Synthetic,Country Restricted,Safe,Moderate Risk,False,0.5580279571262083,Low,Low,True,0.9609432783487035,No Risk,No Risk,True,0.9795697694264802
Isohexadecane,Isohexadecane,Emollient,Emollient,Synthetic,Approved,Safe,Safe,True,0.9969156588070169,Low,Low,True,0.9753495601071407,No Risk,No Risk,True,0.9354806180408187
Octyldodecanol,Octyldodecanol,Emollient,Fatty Alcohol,Synthetic,Approved,Safe,Safe,True,0.9836898161389521,Low,Low,True,0.9969554516930603,Low,No Risk,False,0.7011193510230799
PPG-15 Stearyl Ether,PPG-15 Stearyl Ether,Emollient,Emollient,Synthetic,Approved,Safe,Safe,True,0.9948734667989693,Low,Low,True,0.970819315848519,Low,No Risk,False,0.9666139205111051
Butyl Stearate,Butyl Stearate,Emollient,Emollient,Synthetic,Approved,Safe,Safe,True,0.9977893513169565,Low,Low,True,0.9918033821654008,No Risk,No Risk,True,0.9672205568426363
Isononyl Isononanoate,Isononyl Isononanoate,Emollient,Emollient,Synthetic,Approved,Safe,Safe,True,0.9998029593920906,Low,Low,True,0.9862506664090193,No Risk,No Risk,True,0.979213579208733
C12-15 Alkyl Benzoate,C12-15 Alkyl Benzoate,Emollient,Emollient,Synthetic,Approved,Safe,Safe,True,0.999528291750317,Low,Low,True,0.9149580708045566,No Risk,No Risk,True,0.8997768094795389
Diisopropyl Adipate,Diisopropyl Adipate,Emollient,Emollient,Synthetic,Approved,Safe,Safe,True,0.9996712715354116,Low,Low,True,0.9719585306445991,No Risk,No Risk,True,0.8357206928580688
Dicaprylyl Carbonate,Dicaprylyl Carbonate,Emollient,Emollient,Naturally Derived,Approved,Safe,Safe,True,0.9998953451036694,Low,Low,True,0.9930761076143746,No Risk,No Risk,True,0.9992388714748042
Ethylhexyl Palmitate,Ethylhexyl Palmitate,Emollient,Emollient,Synthetic,Approved,Safe,Safe,True,0.9999627423594454,Low,Low,True,0.9985462156008463,No Risk,No Risk,True,0.8507564441694678
Glyceryl Stearate,Glyceryl Stearate,Emulsifier,Emulsifier,Naturally Derived,Approved,Very Safe,Safe,False,0.9643858324715537,Low,Low,True,0.8227476954827154,No Risk,No Risk,True,0.9963361321956002
Olea Europaea Fruit Oil (Olive Oil),Olea Europaea Fruit Oil (Olive Oil),Emollient,Oil,Natural,Approved,Safe,Safe,True,0.8989988360058213,Low,Low,True,0.9960714375218503,No Risk,Low,False,0.8394413030620184
Helianthus Annuus Seed Oil (Sunflower Oil),Helianthus Annuus Seed Oil (Sunflower Oil),Emollient,Oil,Natural,Approved,Very Safe,Safe,False,0.9215589873743248,Low,Low,True,0.9911340593889217,No Risk,No Risk,True,0.5742281209725639
Sesamum Indicum Seed Oil (Sesame Oil),Sesamum Indicum Seed Oil (Sesame Oil),Emollient,Oil,Natural,Approved,Safe,Safe,True,0.9744429145931984,Medium,Low,False,0.8289649200557141,Low,No Risk,False,0.7362697569799345
Ricinus Communis Seed Oil (Castor Oil),Ricinus Communis Seed Oil (Castor Oil),Emollient,Oil,Natural,Approved,Safe,Safe,True,0.9964368496713963,Low,Medium,False,0.7960666182041829,Low,No Risk,False,0.8653181074546344
Vitis Vinifera Seed Oil (Grapeseed Oil),Vitis Vinifera Seed Oil (Grapeseed Oil),Emollient,Oil,Natural,Approved,Very Safe,Safe,False,0.9894186040438897,Low,Low,True,0.9914472562445642,No Risk,No Risk,True,0.9683949181265705
Prunus Armeniaca Kernel Oil (Apricot Kernel Oil),Prunus Armeniaca Kernel Oil (Apricot Kernel Oil),Emollient,Oil,Natural,Approved,Safe,Safe,True,0.9506232771466644,Low,Low,True,0.7679944862044981,No Risk,No Risk,True,0.8488005981395588
Persea Gratissima Oil (Avocado Oil),Persea Gratissima Oil (Avocado Oil),Emollient,Oil,Natural,Approved,Safe,Safe,True,0.9891735471257279,Low,Low,True,0.8642609523199598,No Risk,No Risk,True,0.936504054908252
Oryza Sativa Bran Oil (Rice Bran Oil),Oryza Sativa Bran Oil (Rice Bran Oil),Emollient,Oil,Natural,Approved,Safe,Safe,True,0.9803729443852619,Low,Low,True,0.9894365221769778,No Risk,No Risk,True,0.8531817412698406
Macadamia Ternifolia Seed Oil,Macadamia Ternifolia Seed Oil,Emollient,Oil,Natural,Approved,Safe,Safe,True,0.9626812644491597,Low,Low,True,0.7862050240759105,No Risk,No Risk,True,0.8694230053643699
Limnanthes Alba Seed Oil (Meadowfoam Seed Oil),Limnanthes Alba Seed Oil (Meadowfoam Seed Oil),Emollient,Oil,Natural,Approved,Safe,Safe,True,0.9809243830552603,Low,Low,True,0.9631105727575211,No Risk,No Risk,True,0.9738076511168595
Carthamus Tinctorius Seed Oil (Safflower Oil),Carthamus Tinctorius Seed Oil (Safflower Oil),Emollient,Oil,Natural,Approved,Safe,Safe,True,0.9969280190910644,Low,Low,True,0.9655210510965014,No Risk,No Risk,True,0.8046688741273307
Triticum Vulgare Germ Oil (Wheat Germ Oil),Triticum Vulgare Germ Oil (Wheat Germ Oil),Emollient,Oil,Natural,Approved,Safe,Safe,True,0.9568331610801365,Medium,Low,False,0.917839456415677,Low,No Risk,False,0.9808347563301271
Oenothera Biennis Oil (Evening Primrose Oil),Oenothera Biennis Oil (Evening Primrose Oil),Emollient,Oil,Natural,Approved,Safe,Safe,True,0.7811970532577358,Low,Low,True,0.9754646439621387,No Risk,No Risk,True,0.5787140088890773
Rosa Canina Fruit Oil (Rosehip Oil),Rosa Canina Fruit Oil (Rosehip Oil),Emollient,Oil,Natural,Approved,Safe,Safe,True,0.9880948304219016,Low,Low,True,0.9911862863920636,No Risk,No Risk,True,0.9915272890822215
Sclerocarya Birrea Seed Oil (Marula Oil),Sclerocarya Birrea Seed Oil (Marula Oil),Emollient,Oil,Natural,Approved,Safe,Safe,True,0.9963380353939328,Low,Low,True,0.9313654533068002,No Risk,No Risk,True,0.9062487511306062
Calophyllum Inophyllum Seed Oil (Tamanu Oil),Calophyllum Inophyllum Seed Oil (Tamanu Oil),Emollient,Oil,Natural,Approved,Safe,Safe,True,0.9355302329567542,Low,Low,True,0.9356859937623088,Low,No Risk,False,0.8272172479144511
Azadirachta Indica Seed Oil (Neem Oil),Azadirachta Indica Seed Oil (Neem Oil),Antimicrobial,Oil,Natural,Approved,Safe,Safe,True,0.9418273274814409,Medium,Medium,True,0.9646986417031705,Low,Low,True,0.607310789005286
Garcinia Indica Seed Butter (Kokum Butter),Garcinia Indica Seed Butter (Kokum Butter),Emollient,Butter,Natural,Approved,Safe,Safe,True,0.9682821021319412,Low,Low,True,0.9583024946182821,No Risk,No Risk,True,0.9936452549936654
Mangifera Indica Seed Butter (Mango Butter),Mangifera Indica Seed Butter (Mango Butter),Emollient,Butter,Natural,Approved,Safe,Very Safe,False,0.6828791928806848,Low,Low,True,0.9776001882804524,No Risk,No Risk,True,0.8652139996706605
Shorea Robusta Seed Butter (Illipe Butter),Shorea Robusta Seed Butter (Illipe Butter),Emollient,Butter,Natural,Approved,Safe,Safe,True,0.9724773636489245,Low,Low,True,0.96418123263285,No Risk,No Risk,True,0.948021345585339
Astrocaryum Murumuru Seed Butter,Astrocaryum Murumuru Seed Butter,Emollient,Butter,Natural,Approved,Safe,Safe,True,0.9378395833267565,Low,Low,True,0.994359986478215,No Risk,No Risk,True,0.9657601103892955
Cannabis Sativa Seed Oil (Hemp Seed Oil),Cannabis Sativa Seed Oil (Hemp Seed Oil),Emollient,Oil,Natural,Country Restricted,Safe,Safe,True,0.7333540121877554,Low,Medium,False,0.7031699096730619,No Risk,No Risk,True,0.6472563118387358
Linum Usitatissimum Seed Oil (Flaxseed Oil),Linum Usitatissimum Seed Oil (Flaxseed Oil),Emollient,Oil,Natural,Approved,Safe,Safe,True,0.9868026703163607,Low,Low,True,0.7299397929055154,No Risk,No Risk,True,0.8177482228694094
Cucurbita Pepo Seed Oil (Pumpkin Seed Oil),Cucurbita Pepo Seed Oil (Pumpkin Seed Oil),Emollient,Oil,Natural,Approved,Safe,Safe,True,0.9890230279589225,Low,Low,True,0.9588318360816809,No Risk,No Risk,True,0.9748544427531834
Juglans Regia Seed Oil (Walnut Oil),Juglans Regia Seed Oil (Walnut Oil),Emollient,Oil,Natural,Approved,Safe,Safe,True,0.9552285310926271,Medium,Low,False,0.5254527931914384,Low,Low,True,0.5975836519373041
Citrullus Lanatus Seed Oil (Watermelon Seed Oil),Citrullus Lanatus Seed Oil (Watermelon Seed Oil),Emollient,Oil,Natural,Approved,Safe,Safe,True,0.9730034438984443,Low,Low,True,0.9840269116668966,No Risk,No Risk,True,0.9354654158621031
Camellia Oleifera Seed Oil,Camellia Oleifera Seed Oil,Emollient,Oil,Natural,Approved,Safe,Safe,True,0.9575232235126747,Low,Low,True,0.8436870381182973,No Risk,No Risk,True,0.7228789714157321
Adansonia Digitata Seed Oil (Baobab Oil),Adansonia Digitata Seed Oil (Baobab Oil),Emollient,Oil,Natural,Approved,Safe,Safe,True,0.9720409644979979,Low,Low,True,0.8596748902644934,No Risk,No Risk,True,0.7012430374062564
Aleurites Moluccanus Seed Oil (Kukui Nut Oil),Aleurites Moluccanus Seed Oil (Kukui Nut Oil),Emollient,Oil,Natural,Approved,Safe,Safe,True,0.9753670298753995,Low,Medium,False,0.5925712532024733,No Risk,Low,False,0.5758698225459709
Brassica Oleracea Italica Seed Oil (Broccoli Seed Oil),Brassica Oleracea Italica Seed Oil (Broccoli Seed Oil),Emollient,Oil,Natural,Approved,Safe,Safe,True,0.9868323681136997,Low,Low,True,0.9940771105233076,No Risk,No Risk,True,0.9936056124092119
Salvia Hispanica Seed Oil (Chia Seed Oil),Salvia Hispanica Seed Oil (Chia Seed Oil),Emollient,Oil,Natural,Approved,Safe,Safe,True,0.990384586182838,Low,Low,True,0.9914418985770993,No Risk,No Risk,True,0.9881427574660244
Punica Granatum Seed Oil (Pomegranate Seed Oil),Punica Granatum Seed Oil (Pomegranate Seed Oil),Emollient,Oil,Natural,Approved,Safe,Safe,True,0.9814290249095086,Low,Low,True,0.9905714136821531,No Risk,No Risk,True,0.976766039228386
Nigella Sativa Seed Oil (Black Cumin Seed Oil),Nigella Sativa Seed Oil (Black Cumin Seed Oil),Emollient,Oil,Natural,Approved,Safe,Safe,True,0.9590730774831749,Medium,Low,False,0.8733456423026053,Low,No Risk,False,0.903565833403596
Beeswax (Cera Alba),Beeswax (Cera Alba),Occlusive,Wax,Animal Derived,Approved,Safe,Safe,True,0.9916174781758884,Medium,Low,False,0.8655170010464731,No Risk,No Risk,True,0.9959283965913851
Candelilla Wax (Euphorbia Cerifera),Candelilla Wax (Euphorbia Cerifera),Occlusive,Wax,Natural,Approved,Safe,Safe,True,0.99874859088992,Low,Low,True,0.9205470913457895,No Risk,No Risk,True,0.999484562703345
Carnauba Wax (Copernicia Cerifera),Carnauba Wax (Copernicia Cerifera),Occlusive,Wax,Natural,Approved,Safe,Safe,True,0.9876047344307898,Low,Low,True,0.8313424625382962,No Risk,No Risk,True,0.9969986119156937
Lanolin,Lanolin,Occlusive,Wax,Animal Derived,Approved,Safe,Safe,True,0.99200480336971,High,Low,False,0.9851752307545533,Medium,No Risk,False,0.9679061114091515
Ozokerite,Ozokerite,Occlusive,Wax,Mineral,Approved,Safe,Safe,True,0.9948594543024287,Low,Low,True,0.9978752192147988,No Risk,No Risk,True,0.9771520851890032
Microcrystalline Wax,Microcrystalline Wax,Occlusive,Wax,Mineral,Approved,Safe,Safe,True,0.9887263798065745,Low,Low,True,0.9967309240924719,No Risk,No Risk,True,0.9956339089508983
Paraffin Wax,Paraffin Wax,Occlusive,Wax,Mineral,Approved,Safe,Safe,True,0.9799344769338706,Low,Low,True,0.9947267990227475,No Risk,No Risk,True,0.9660860390773528
Polybutene,Polybutene,Occlusive,Polymer,Synthetic,Approved,Safe,Safe,True,0.9818879044588453,Low,Low,True,0.9959430142931889,No Risk,No Risk,True,0.9913621055043554
Sodium Lauryl Sulfate,Sodium Lauryl Sulfate,Surfactant,Surfactant,Synthetic,Approved,Moderate Risk,Safe,False,0.9783376157188409,Medium,Medium,True,0.9488844462554986,High,Medium,False,0.802000438674521
Sodium Laureth Sulfate,Sodium Laureth Sulfate,Surfactant,Surfactant,Synthetic,Approved,Safe,Safe,True,0.8463520100372832,Medium,Medium,True,0.9634437355895363,Medium,Medium,True,0.4655941372473101
Ammonium Lauryl Sulfate,Ammonium Lauryl Sulfate,Surfactant,Surfactant,Synthetic,Approved,Safe,Safe,True,0.8061934867374263,Medium,Medium,True,0.9081392833256805,Medium,Medium,True,0.6897576998125616
Ammonium Laureth Sulfate,Ammonium Laureth Sulfate,Surfactant,Surfactant,Synthetic,Approved,Safe,Safe,True,0.9667820923217215,Medium,Medium,True,0.9621037079307057,Medium,Medium,True,0.9626040008906616
Cocamidopropyl Betaine,Cocamidopropyl Betaine,Surfactant,Surfactant,Naturally Derived,Approved,Safe,Safe,True,0.9922295403138842,Medium,Medium,True,0.67365906789871,Low,Low,True,0.9295458512407091
Coco-Betaine,Coco-Betaine,Surfactant,Surfactant,Naturally Derived,Approved,Safe,Safe,True,0.9904430340005813,Low,Low,True,0.8253173773045918,Low,Low,True,0.5515921381117611
Disodium Cocoamphodiacetate,Disodium Cocoamphodiacetate,Surfactant,Surfactant,Naturally Derived,Approved,Safe,Safe,True,0.7485392939724522,Low,Low,True,0.9939442095906199,Low,Low,True,0.9647428018633658
Sodium Cocoyl Isethionate,Sodium Cocoyl Isethionate,Cleansing Agent,Surfactant,Naturally Derived,Approved,Safe,Safe,True,0.9920299775359319,Low,Low,True,0.9952019229071241,Low,Low,True,0.6256391188352961
Sodium Cocoyl Glycinate,Sodium Cocoyl Glycinate,Cleansing Agent,Surfactant,Naturally Derived,Approved,Safe,Safe,True,0.9685176779478144,Low,Low,True,0.960228602982905,Low,No Risk,False,0.979484262972478
Decyl Glucoside,Decyl Glucoside,Surfactant,Surfactant,Naturally Derived,Approved,Very Safe,Safe,False,0.9907745056976273,Low,Low,True,0.9982835818559781,No Risk,Low,False,0.6935460225662501
Coco-Glucoside,Coco-Glucoside,Surfactant,Surfactant,Naturally Derived,Approved,Very Safe,Safe,False,0.9859958056091269,Low,Low,True,0.9341427284457936,No Risk,Low,False,0.8961891690777358
Lauryl Glucoside,Lauryl Glucoside,Surfactant,Surfactant,Naturally Derived,Approved,Safe,Safe,True,0.9926588421968963,Low,Low,True,0.9838399720480461,Low,Low,True,0.9264317044226362
Sodium Lauroyl Sarcosinate,Sodium Lauroyl Sarcosinate,Surfactant,Surfactant,Synthetic,Approved,Safe,Safe,True,0.7205638199736426,Low,Medium,False,0.6585724601536154,Low,Low,True,0.5504746379676757
Sodium Methyl Cocoyl Taurate,Sodium Methyl Cocoyl Taurate,Surfactant,Surfactant,Naturally Derived,Approved,Safe,Safe,True,0.6658548206437175,Low,Low,True,0.8409683343797302,Low,Low,True,0.9086723225367965
Cocamide DEA,Cocamide DEA,Surfactant,Surfactant,Synthetic,Restricted,Moderate Risk,Moderate Risk,True,0.9250943621639098,Medium,Medium,True,0.9978511710679104,Medium,Medium,True,0.961209313144444
Cocamide MEA,Cocamide MEA,Surfactant,Surfactant,Synthetic,Approved,Safe,Safe,True,0.971653508939027,Medium,Medium,True,0.8350071260892682,Low,Medium,False,0.7143762318671888
Lauramide DEA,Lauramide DEA,Surfactant,Surfactant,Synthetic,Restricted,Moderate Risk,Moderate Risk,True,0.9173757984791008,Medium,Medium,True,0.8669338322638902,Medium,Medium,True,0.9860416010891405
PEG-7 Glyceryl Cocoate,PEG-7 Glyceryl Cocoate,Surfactant,Surfactant,Naturally Derived,Approved,Safe,Safe,True,0.8722093983069238,Low,Low,True,0.9395582424055335,No Risk,Low,False,0.9313808954807042
Polysorbate 20,Polysorbate 20,Emulsifier,Surfactant,Synthetic,Approved,Safe,Safe,True,0.9998301056837656,Low,Low,True,0.8648770111357991,No Risk,No Risk,True,0.6647785088981711
Polysorbate 80,Polysorbate 80,Emulsifier,Surfactant,Synthetic,Approved,Safe,Safe,True,0.987324362565406,Low,No Risk,False,0.9217914803408331,No Risk,Low,False,0.9825635232686465
Sorbitan Oleate,Sorbitan Oleate,Emulsifier,Surfactant,Naturally Derived,Approved,Safe,Safe,True,0.983491049707846,Low,Low,True,0.8908118726319796,No Risk,Low,False,0.7439059470515339
Sodium Lauryl Sulfoacetate,Sodium Lauryl Sulfoacetate,Surfactant,Surfactant,Synthetic,Approved,Safe,Safe,True,0.9070360197296544,Low,Low,True,0.790554828250995,Medium,Low,False,0.8470788145366557
Disodium Laureth Sulfosuccinate,Disodium Laureth Sulfosuccinate,Surfactant,Surfactant,Synthetic,Approved,Safe,Safe,True,0.9465477310417443,Low,Low,True,0.9078958649854825,Low,Low,True,0.8710884111213061
Sodium C14-16 Olefin Sulfonate,Sodium C14-16 Olefin Sulfonate,Surfactant,Surfactant,Synthetic,Approved,Safe,Safe,True,0.9670224163009375,Medium,Low,False,0.6461762787595827,Medium,Low,False,0.5863024402212085
TEA-Lauryl Sulfate,TEA-Lauryl Sulfate,Surfactant,Surfactant,Synthetic,Restricted,Moderate Risk,Moderate Risk,True,0.988712222836091,Medium,Medium,True,0.9973854128104943,Medium,Medium,True,0.9557253144486405
Potassium Cocoate,Potassium Cocoate,Cleansing Agent,Surfactant,Naturally Derived,Approved,Safe,Safe,True,0.9986444485275777,Low,Low,True,0.9946084205596173,Low,No Risk,False,0.8204762957985507
Sodium Tallowate,Sodium Tallowate,Cleansing Agent,Surfactant,Animal Derived,Approved,Safe,Safe,True,0.9968149766797417,Low,Low,True,0.7856626914400385,Low,No Risk,False,0.48945833210779144
Sodium Palmate,Sodium Palmate,Cleansing Agent,Surfactant,Naturally Derived,Approved,Safe,Safe,True,0.9981056294037594,Low,Low,True,0.992729133660233,Low,No Risk,False,0.5851153467469045
Sodium Cocoate,Sodium Cocoate,Cleansing Agent,Surfactant,Naturally Derived,Approved,Safe,Safe,True,0.9988223929172149,Low,Low,True,0.9744912042936503,Low,Low,True,0.9715814144127232
Sodium Laureth-3 Sulfate,Sodium Laureth-3 Sulfate,Surfactant,Surfactant,Synthetic,Approved,Safe,Safe,True,0.9594815410115938,Medium,Medium,True,0.8179681556933641,Medium,Medium,True,0.963697278463922
Sodium C12-15 Pareth Sulfate,Sodium C12-15 Pareth Sulfate,Surfactant,Surfactant,Synthetic,Approved,Safe,Safe,True,0.9435501288846038,Medium,Medium,True,0.8274320529988465,Medium,Medium,True,0.8308278075977007
Disodium Cocoamphodipropionate,Disodium Cocoamphodipropionate,Surfactant,Surfactant,Naturally Derived,Approved,Safe,Safe,True,0.97523275521063,Low,Low,True,0.9947256430583149,Low,Low,True,0.9812721212036332
Cocamidopropyl Hydroxysultaine,Cocamidopropyl Hydroxysultaine,Surfactant,Surfactant,Naturally Derived,Approved,Safe,Safe,True,0.988055714348361,Low,Low,True,0.8320453755193399,Low,Low,True,0.5090027353548016
Sodium Cocoyl Glutamate,Sodium Cocoyl Glutamate,Cleansing Agent,Surfactant,Naturally Derived,Approved,Safe,Safe,True,0.9981014129918149,Low,Low,True,0.993269024497167,No Risk,No Risk,True,0.8549739827731186
Sodium Lauroyl Glutamate,Sodium Lauroyl Glutamate,Cleansing Agent,Surfactant,Naturally Derived,Approved,Safe,Safe,True,0.9983189127752379,Low,Low,True,0.9935394666263936,No Risk,No Risk,True,0.8731496128093741
Potassium Cocoyl Glycinate,Potassium Cocoyl Glycinate,Cleansing Agent,Surfactant,Naturally Derived,Approved,Safe,Safe,True,0.9960040782371726,Low,Low,True,0.9982309553592758,No Risk,Low,False,0.8681508955129498
Lauryl Betaine,Lauryl Betaine,Surfactant,Surfactant,Naturally Derived,Approved,Safe,Safe,True,0.9951598457306001,Low,Low,True,0.813579470061689,Low,Low,True,0.8596538327984277
Cocamidopropylamine Oxide,Cocamidopropylamine Oxide,Surfactant,Surfactant,Naturally Derived,Approved,Safe,Safe,True,0.9668783291092494,Low,Low,True,0.903250359443071,Low,Low,True,0.4920620251563615
PEG-100 Stearate,PEG-100 Stearate,Emulsifier,Emulsifier,Synthetic,Approved,Safe,Safe,True,0.7788305533349426,Low,Low,True,0.7779945306466273,No Risk,Low,False,0.8683877679342807
Cetearyl Glucoside,Cetearyl Glucoside,Emulsifier,Emulsifier,Naturally Derived,Approved,Safe,Safe,True,0.5179663844050447,Low,Low,True,0.9096035882601513,No Risk,No Risk,True,0.961835180263589
Sorbitan Stearate,Sorbitan Stearate,Emulsifier,Emulsifier,Naturally Derived,Approved,Safe,Safe,True,0.9860152846733535,Low,Low,True,0.7526305731106173,No Risk,No Risk,True,0.6713892890573352
Polyglyceryl-3 Methylglucose Distearate,Polyglyceryl-3 Methylglucose Distearate,Emulsifier,Emulsifier,Naturally Derived,Approved,Safe,Safe,True,0.9976909512063709,Low,Low,True,0.981786589398802,No Risk,No Risk,True,0.9545916506214948
Steareth-20,Steareth-20,Emulsifier,Emulsifier,Synthetic,Approved,Safe,Safe,True,0.9927199163260992,Low,Low,True,0.9644444401102935,No Risk,No Risk,True,0.9669413786388381
Steareth-2,Steareth-2,Emulsifier,Emulsifier,Synthetic,Approved,Safe,Safe,True,0.9959306163526317,Low,Low,True,0.958348536177947,No Risk,No Risk,True,0.7571653719993254
Ceteareth-20,Ceteareth-20,Emulsifier,Emulsifier,Synthetic,Approved,Safe,Safe,True,0.9951715746171407,Low,Low,True,0.9678878777949991,No Risk,No Risk,True,0.9741433712686903
Lecithin,Lecithin,Emulsifier,Phospholipid,Natural,Approved,Safe,Safe,True,0.9876315088284778,Low,Low,True,0.9736915608090067,No Risk,No Risk,True,0.9829400572686718
Polyglyceryl-4 Caprate,Polyglyceryl-4 Caprate,Emulsifier,Emulsifier,Naturally Derived,Approved,Safe,Safe,True,0.9990832746207756,Low,Low,True,0.9770879772997041,No Risk,No Risk,True,0.997899882623461
Glyceryl Caprylate,Glyceryl Caprylate,Emulsifier,Preservative Booster,Naturally Derived,Approved,Safe,Safe,True,0.8481913415508535,Low,Low,True,0.997267018873322,No Risk,No Risk,True,0.9937633220489526
Emulsifying Wax NF,Emulsifying Wax NF,Emulsifier,Wax,Synthetic,Approved,Safe,Safe,True,0.9967647585684004,Low,Low,True,0.6168941355567409,No Risk,Low,False,0.6830913453059345
Dimethiconol,Dimethiconol,Conditioning Agent,Silicone,Synthetic,Approved,Safe,Safe,True,0.964233788452772,Low,Low,True,0.9985300406476151,No Risk,No Risk,True,0.9896679648836588
Amodimethicone,Amodimethicone,Conditioning Agent,Silicone,Synthetic,Approved,Safe,Safe,True,0.9744141527923992,Low,Low,True,0.9978884580755263,No Risk,No Risk,True,0.9896098741758342
Phenyl Trimethicone,Phenyl Trimethicone,Emollient,Silicone,Synthetic,Approved,Safe,Safe,True,0.9967454786035486,Low,Low,True,0.9570475999169152,No Risk,No Risk,True,0.804787153544636
Trimethylsiloxysilicate,Trimethylsiloxysilicate,Film Former,Silicone,Synthetic,Approved,Safe,Very Safe,False,0.69729566477292,Low,Low,True,0.5175414482613545,No Risk,No Risk,True,0.928942165124632
Dimethicone Crosspolymer,Dimethicone Crosspolymer,Texturizer,Silicone,Synthetic,Approved,Safe,Safe,True,0.9910508271344783,Low,Low,True,0.9388727843446957,No Risk,No Risk,True,0.9880668859417308
Simethicone,Simethicone,Anti-foaming Agent,Silicone,Synthetic,Approved,Safe,Safe,True,0.8797605978474027,Low,Low,True,0.89875350858597,No Risk,Low,False,0.49020514392087533
PEG/PPG-18/18 Dimethicone,PEG/PPG-18/18 Dimethicone,Emulsifier,Silicone,Synthetic,Approved,Safe,Safe,True,0.9971233699727867,Low,Low,True,0.9545711661614262,No Risk,No Risk,True,0.909792149826436
Cetyl Dimethicone,Cetyl Dimethicone,Emollient,Silicone,Synthetic,Approved,Safe,Safe,True,0.9947397556012936,Low,Low,True,0.9761462995971266,No Risk,No Risk,True,0.9766352193535724
Dimethicone Copolyol,Dimethicone Copolyol,Emulsifier,Silicone,Synthetic,Approved,Safe,Safe,True,0.8781677393283734,Low,Low,True,0.9816977185172093,No Risk,No Risk,True,0.8250412745995268
Stearyl Dimethicone,Stearyl Dimethicone,Emollient,Silicone,Synthetic,Approved,Safe,Very Safe,False,0.6523004940137791,Low,Low,True,0.9672460729878647,No Risk,No Risk,True,0.9795866336114797
PEG-8 Dimethicone,PEG-8 Dimethicone,Emulsifier,Silicone,Synthetic,Approved,Safe,Safe,True,0.9949345215313471,Low,Low,True,0.9886550624615522,No Risk,No Risk,True,0.9229998154332676
Cyclotetrasiloxane,Cyclotetrasiloxane,Emollient,Silicone,Synthetic,Country Restricted,Moderate Risk,Safe,False,0.9731900347930817,Low,Low,True,0.976925132900582,No Risk,No Risk,True,0.972760654426445
Bis-Aminopropyl Dimethicone,Bis-Aminopropyl Dimethicone,Conditioning Agent,Silicone,Synthetic,Approved,Safe,Safe,True,0.998204254462419,Low,Low,True,0.9990796395907552,No Risk,No Risk,True,0.9042596199756207
Stearic Acid,Stearic Acid,Emulsifier,Fatty Acid,Naturally Derived,Approved,Very Safe,Safe,False,0.9698711927781707,Low,Low,True,0.9578560956198583,No Risk,No Risk,True,0.6219808503581339
Palmitic Acid,Palmitic Acid,Emollient,Fatty Acid,Naturally Derived,Approved,Safe,Safe,True,0.9365258106104546,Low,Low,True,0.9970143315832121,No Risk,No Risk,True,0.7852994902268926
Myristic Acid,Myristic Acid,Emollient,Fatty Acid,Naturally Derived,Approved,Safe,Safe,True,0.9914267823630882,Low,Low,True,0.9979070655603113,No Risk,No Risk,True,0.9024043281011402
Lauric Acid,Lauric Acid,Antimicrobial,Fatty Acid,Naturally Derived,Approved,Safe,Safe,True,0.9473345784557052,Low,Low,True,0.9987999376711506,No Risk,Low,False,0.8159817607007683
Oleic Acid,Oleic Acid,Emollient,Fatty Acid,Naturally Derived,Approved,Safe,Safe,True,0.9737067737229124,Low,Low,True,0.9998699286131518,Low,No Risk,False,0.9972737716211768
Linoleic Acid,Linoleic Acid,Emollient,Fatty Acid,Naturally Derived,Approved,Safe,Safe,True,0.604186918047545,Low,Low,True,0.998519121646928,No Risk,No Risk,True,0.768450516524257
Isostearic Acid,Isostearic Acid,Emollient,Fatty Acid,Synthetic,Approved,Safe,Safe,True,0.9929912931154434,Low,Low,True,0.9997689419656489,No Risk,No Risk,True,0.9743363449273456
Camellia Sinensis Leaf Extract (Green Tea),Camellia Sinensis Leaf Extract (Green Tea),Botanical Extract,Botanical Extract,Natural,Approved,Safe,Safe,True,0.9995210345963461,Low,Low,True,0.996374775994525,No Risk,No Risk,True,0.9984670891779144
Centella Asiatica Extract (Cica),Centella Asiatica Extract (Cica),Botanical Extract,Botanical Extract,Natural,Approved,Safe,Safe,True,0.9981876946790171,Low,Low,True,0.993575452056491,No Risk,No Risk,True,0.9996303302196826
Chamomilla Recutita Flower Extract (Chamomile),Chamomilla Recutita Flower Extract (Chamomile),Botanical Extract,Botanical Extract,Natural,Approved,Safe,Safe,True,0.9990261877135684,Medium,Low,False,0.9540747187250591,No Risk,No Risk,True,0.8757412869274029
Calendula Officinalis Flower Extract,Calendula Officinalis Flower Extract,Botanical Extract,Botanical Extract,Natural,Approved,Safe,Safe,True,0.988823219578995,Low,Low,True,0.9990308196281303,No Risk,No Risk,True,0.9996947534500671
Curcuma Longa Root Extract (Turmeric),Curcuma Longa Root Extract (Turmeric),Botanical Extract,Botanical Extract,Natural,Approved,Safe,Safe,True,0.9997232007067757,Low,Low,True,0.9974282150770578,No Risk,No Risk,True,0.9985031930029978
Azadirachta Indica Leaf Extract (Neem),Azadirachta Indica Leaf Extract (Neem),Botanical Extract,Botanical Extract,Natural,Approved,Safe,Safe,True,0.9957869582263889,Low,Medium,False,0.5666063845967525,No Risk,No Risk,True,0.59016404238855
Ocimum Sanctum Leaf Extract (Tulsi),Ocimum Sanctum Leaf Extract (Tulsi),Botanical Extract,Botanical Extract,Natural,Approved,Safe,Safe,True,0.9843435824268955,Low,Low,True,0.6736510785600422,No Risk,No Risk,True,0.877234928424743
Glycyrrhiza Glabra Root Extract (Licorice),Glycyrrhiza Glabra Root Extract (Licorice),Botanical Extract,Botanical Extract,Natural,Approved,Safe,Safe,True,0.9998724069751479,Low,Low,True,0.9977929122342418,No Risk,No Risk,True,0.9994086020464785
Cucumis Sativus Fruit Extract (Cucumber),Cucumis Sativus Fruit Extract (Cucumber),Botanical Extract,Botanical Extract,Natural,Approved,Safe,Safe,True,0.999516766068266,Low,Low,True,0.9907586069526385,No Risk,No Risk,True,0.9928648637703157
Rosa Damascena Flower Water (Rose Water),Rosa Damascena Flower Water (Rose Water),Botanical Extract,Botanical Extract,Natural,Approved,Safe,Safe,True,0.9993653961018438,Low,Low,True,0.9975489901151784,No Risk,No Risk,True,0.9936194909040991
Hamamelis Virginiana Extract (Witch Hazel),Hamamelis Virginiana Extract (Witch Hazel),Botanical Extract,Botanical Extract,Natural,Approved,Safe,Safe,True,0.9991910074088373,Low,Low,True,0.9834716064744616,Low,No Risk,False,0.9906655591597776
Portulaca Oleracea Extract,Portulaca Oleracea Extract,Botanical Extract,Botanical Extract,Natural,Approved,Safe,Safe,True,0.9999488839733818,Low,Low,True,0.9989691828314157,No Risk,No Risk,True,0.999545232398428
Punica Granatum Extract (Pomegranate),Punica Granatum Extract (Pomegranate),Botanical Extract,Botanical Extract,Natural,Approved,Safe,Safe,True,0.9998411648579277,Low,Low,True,0.9949453627448135,No Risk,No Risk,True,0.9899362852368938
Vitis Vinifera Seed Extract (Grape Seed),Vitis Vinifera Seed Extract (Grape Seed),Botanical Extract,Botanical Extract,Natural,Approved,Safe,Safe,True,0.9969462619295018,Low,Low,True,0.9993192927168973,No Risk,No Risk,True,0.9997259386920309
Malus Domestica Fruit Extract (Apple),Malus Domestica Fruit Extract (Apple),Botanical Extract,Botanical Extract,Natural,Approved,Safe,Safe,True,0.9998584579575889,Low,Low,True,0.9962525454843943,No Risk,No Risk,True,0.9956543646673922
Citrus Limon Peel Extract (Lemon),Citrus Limon Peel Extract (Lemon),Botanical Extract,Botanical Extract,Natural,Approved,Safe,Safe,True,0.9968069613808636,Medium,Low,False,0.7581118696061557,Medium,No Risk,False,0.9515899879903198
Citrus Aurantium Dulcis Peel Extract (Orange),Citrus Aurantium Dulcis Peel Extract (Orange),Botanical Extract,Botanical Extract,Natural,Approved,Safe,Safe,True,0.9986079711339223,Medium,Low,False,0.9171469934618414,Low,No Risk,False,0.9046188335075345
Carica Papaya Fruit Extract (Papaya),Carica Papaya Fruit Extract (Papaya),Botanical Extract,Botanical Extract,Natural,Approved,Safe,Safe,True,0.9995951310053488,Low,Low,True,0.999657281571881,No Risk,No Risk,True,0.995267035807874
Mangifera Indica Fruit Extract (Mango),Mangifera Indica Fruit Extract (Mango),Botanical Extract,Botanical Extract,Natural,Approved,Safe,Safe,True,0.9998351996241392,Low,Low,True,0.9843281333107602,No Risk,No Risk,True,0.9871202928309349
Emblica Officinalis Fruit Extract (Amla),Emblica Officinalis Fruit Extract (Amla),Botanical Extract,Botanical Extract,Natural,Approved,Safe,Safe,True,0.9995170004814122,Low,Low,True,0.9935950504017904,No Risk,No Risk,True,0.9884634717452537
Terminalia Chebula Fruit Extract (Haritaki),Terminalia Chebula Fruit Extract (Haritaki),Botanical Extract,Botanical Extract,Natural,Approved,Safe,Safe,True,0.9993908756463749,Low,Low,True,0.9949744901227464,No Risk,No Risk,True,0.990986372858652
Terminalia Bellirica Fruit Extract (Bibhitaki),Terminalia Bellirica Fruit Extract (Bibhitaki),Botanical Extract,Botanical Extract,Natural,Approved,Safe,Safe,True,0.9990275829381096,Low,Low,True,0.8433911008973566,No Risk,No Risk,True,0.9412625369055502
Withania Somnifera Root Extract (Ashwagandha),Withania Somnifera Root Extract (Ashwagandha),Botanical Extract,Botanical Extract,Natural,Approved,Safe,Safe,True,0.999701763121061,Low,Low,True,0.9984172337798009,No Risk,No Risk,True,0.9985251585713023
Bacopa Monnieri Extract (Brahmi),Bacopa Monnieri Extract (Brahmi),Botanical Extract,Botanical Extract,Natural,Approved,Safe,Safe,True,0.9988085090759256,Low,Low,True,0.7075019474272974,No Risk,No Risk,True,0.8227657253375489
Eclipta Alba Extract (Bhringraj),Eclipta Alba Extract (Bhringraj),Botanical Extract,Botanical Extract,Natural,Approved,Safe,Safe,True,0.9989576221645112,Low,Low,True,0.8908469778877098,No Risk,No Risk,True,0.9608534313856744
Hibiscus Sabdariffa Flower Extract,Hibiscus Sabdariffa Flower Extract,Botanical Extract,Botanical Extract,Natural,Approved,Safe,Safe,True,0.9997105783399984,Low,Low,True,0.9864864530208709,No Risk,No Risk,True,0.9752791518084954
Santalum Album Extract (Sandalwood),Santalum Album Extract (Sandalwood),Botanical Extract,Botanical Extract,Natural,Approved,Safe,Safe,True,0.997660224649401,Low,Low,True,0.9905887969310542,No Risk,No Risk,True,0.9151343358519926
Crocus Sativus Extract (Saffron/Kesar),Crocus Sativus Extract (Saffron/Kesar),Botanical Extract,Botanical Extract,Natural,Approved,Safe,Safe,True,0.9992835236125611,Low,Low,True,0.9724732726905354,No Risk,No Risk,True,0.9869030436309616
Kaolin (Multani Mitti / Fuller's Earth),Kaolin (Multani Mitti / Fuller's Earth),Botanical Extract,Botanical Extract,Natural,Approved,Safe,Safe,True,0.9928506560921456,Low,Low,True,0.983002523035363,No Risk,No Risk,True,0.9852819485299242
Nelumbo Nucifera Extract (Sacred Lotus),Nelumbo Nucifera Extract (Sacred Lotus),Botanical Extract,Botanical Extract,Natural,Approved,Safe,Safe,True,0.9998256005740126,Low,Low,True,0.9979560361856078,No Risk,No Risk,True,0.9965285114989086
Moringa Oleifera Seed Extract,Moringa Oleifera Seed Extract,Botanical Extract,Botanical Extract,Natural,Approved,Safe,Safe,True,0.9990277450684906,Low,Low,True,0.9965416697912259,No Risk,No Risk,True,0.9960662738278329
Trigonella Foenum-Graecum Seed Extract (Fenugreek),Trigonella Foenum-Graecum Seed Extract (Fenugreek),Botanical Extract,Botanical Extract,Natural,Approved,Safe,Safe,True,0.9994782373427458,Low,Low,True,0.9123123638968833,No Risk,No Risk,True,0.9916277887821389
Zingiber Officinale Root Extract (Ginger),Zingiber Officinale Root Extract (Ginger),Botanical Extract,Botanical Extract,Natural,Approved,Safe,Safe,True,0.9987018008532182,Medium,Low,False,0.9933227859799578,Medium,No Risk,False,0.9823085708550792
Panax Ginseng Root Extract,Panax Ginseng Root Extract,Botanical Extract,Botanical Extract,Natural,Approved,Safe,Safe,True,0.9997502559809425,Low,Low,True,0.9946581108609673,No Risk,No Risk,True,0.9984557218030518
Aesculus Hippocastanum Extract (Horse Chestnut),Aesculus Hippocastanum Extract (Horse Chestnut),Botanical Extract,Botanical Extract,Natural,Approved,Safe,Safe,True,0.9995822471982377,Low,Low,True,0.9981742991793482,No Risk,No Risk,True,0.9929857065686962
Gotu Kola Extract,Gotu Kola Extract,Botanical Extract,Botanical Extract,Natural,Approved,Safe,Safe,True,0.999903394649636,Low,Low,True,0.99780032360108,No Risk,No Risk,True,0.9994495494239783
Bambusa Vulgaris Extract (Bamboo),Bambusa Vulgaris Extract (Bamboo),Botanical Extract,Botanical Extract,Natural,Approved,Safe,Safe,True,0.9998473428358842,Low,Low,True,0.9991132934651624,No Risk,No Risk,True,0.9985306283423518
Avena Sativa Kernel Extract (Oat),Avena Sativa Kernel Extract (Oat),Botanical Extract,Botanical Extract,Natural,Approved,Safe,Safe,True,0.931732843598542,Low,Low,True,0.9989578529026057,No Risk,No Risk,True,0.7240870457516153
Colloidal Oatmeal,Colloidal Oatmeal,Botanical Extract,Botanical Extract,Natural,Approved,Safe,Safe,True,0.9873482466285362,Low,Low,True,0.9695683947136896,No Risk,No Risk,True,0.9012670984558138
Morus Alba Root Extract (Mulberry),Morus Alba Root Extract (Mulberry),Botanical Extract,Botanical Extract,Natural,Approved,Safe,Safe,True,0.999913866313098,Low,Low,True,0.9985672909932045,No Risk,No Risk,True,0.9635101006574536
Arctostaphylos Uva Ursi Leaf Extract (Bearberry),Arctostaphylos Uva Ursi Leaf Extract (Bearberry),Botanical Extract,Botanical Extract,Natural,Approved,Safe,Safe,True,0.9998944430114332,Low,Low,True,0.9980853685242133,No Risk,No Risk,True,0.9888819308323505
Glycine Soja Extract (Soybean),Glycine Soja Extract (Soybean),Botanical Extract,Botanical Extract,Natural,Approved,Safe,Safe,True,0.9997162842150835,Low,Low,True,0.990268635244708,No Risk,No Risk,True,0.9982945484420772
Hippophae Rhamnoides Extract (Sea Buckthorn),Hippophae Rhamnoides Extract (Sea Buckthorn),Botanical Extract,Botanical Extract,Natural,Approved,Safe,Safe,True,0.9997062096087466,Low,Low,True,0.9984977188014188,No Risk,No Risk,True,0.992935376700034
Vaccinium Myrtillus Fruit Extract (Blueberry),Vaccinium Myrtillus Fruit Extract (Blueberry),Botanical Extract,Botanical Extract,Natural,Approved,Safe,Safe,True,0.9998189221796325,Low,Low,True,0.9957323067827382,No Risk,No Risk,True,0.9961526337763311
Vaccinium Macrocarpon Fruit Extract (Cranberry),Vaccinium Macrocarpon Fruit Extract (Cranberry),Botanical Extract,Botanical Extract,Natural,Approved,Safe,Safe,True,0.9984977320213339,Low,Low,True,0.9504849489420498,No Risk,No Risk,True,0.9623636265237391
Ginkgo Biloba Leaf Extract,Ginkgo Biloba Leaf Extract,Botanical Extract,Botanical Extract,Natural,Approved,Safe,Safe,True,0.9996471530778945,Low,Low,True,0.9939510747705329,No Risk,No Risk,True,0.9996044320380495
Equisetum Arvense Extract (Horsetail),Equisetum Arvense Extract (Horsetail),Botanical Extract,Botanical Extract,Natural,Approved,Safe,Safe,True,0.9997751294086253,Low,Low,True,0.9953536098247266,No Risk,No Risk,True,0.997086527916732
Arctium Lappa Root Extract (Burdock Root),Arctium Lappa Root Extract (Burdock Root),Botanical Extract,Botanical Extract,Natural,Approved,Safe,Safe,True,0.9998548008641069,Low,Low,True,0.5533985937312877,No Risk,Medium,False,0.6189458930169609
Symphytum Officinale Extract (Comfrey),Symphytum Officinale Extract (Comfrey),Botanical Extract,Botanical Extract,Natural,Approved,Safe,Safe,True,0.9996538968683777,Low,Low,True,0.981620827543004,No Risk,No Risk,True,0.9975273071765817
Achillea Millefolium Extract (Yarrow),Achillea Millefolium Extract (Yarrow),Botanical Extract,Botanical Extract,Natural,Approved,Safe,Safe,True,0.9968200969552236,Low,Low,True,0.9903000200376832,No Risk,No Risk,True,0.9892541727300206
Althaea Officinalis Root Extract (Marshmallow Root),Althaea Officinalis Root Extract (Marshmallow Root),Botanical Extract,Botanical Extract,Natural,Approved,Safe,Safe,True,0.9978372282444188,Low,Low,True,0.9827839166658693,No Risk,No Risk,True,0.9986564452407747
Sambucus Nigra Flower Extract (Elderflower),Sambucus Nigra Flower Extract (Elderflower),Botanical Extract,Botanical Extract,Natural,Approved,Safe,Safe,True,0.9992065339430023,Low,Low,True,0.9864236555932869,No Risk,No Risk,True,0.9912971213187818
Centaurea Cyanus Flower Extract (Cornflower),Centaurea Cyanus Flower Extract (Cornflower),Botanical Extract,Botanical Extract,Natural,Approved,Safe,Safe,True,0.9995423580784603,Low,Low,True,0.9672885053431676,No Risk,No Risk,True,0.9941626178791593
Rosmarinus Officinalis Leaf Extract (Rosemary),Rosmarinus Officinalis Leaf Extract (Rosemary),Botanical Extract,Botanical Extract,Natural,Approved,Safe,Safe,True,0.9995695274133748,Low,Medium,False,0.5570862547186368,No Risk,No Risk,True,0.8910093925302027
Salvia Officinalis Leaf Extract (Sage),Salvia Officinalis Leaf Extract (Sage),Botanical Extract,Botanical Extract,Natural,Approved,Safe,Safe,True,0.9961891668789148,Low,Low,True,0.990778182703244,No Risk,No Risk,True,0.9179739057261621
Mentha Piperita Leaf Extract (Peppermint),Mentha Piperita Leaf Extract (Peppermint),Botanical Extract,Botanical Extract,Natural,Approved,Safe,Safe,True,0.9988426659175021,Medium,Low,False,0.9924688911362428,Medium,No Risk,False,0.9857376401560124
Mentha Viridis Leaf Extract (Spearmint),Mentha Viridis Leaf Extract (Spearmint),Botanical Extract,Botanical Extract,Natural,Approved,Safe,Safe,True,0.9940643270483602,Low,Low,True,0.6425195205839217,No Risk,No Risk,True,0.7070945795940047
Thymus Vulgaris Extract (Thyme),Thymus Vulgaris Extract (Thyme),Botanical Extract,Botanical Extract,Natural,Approved,Safe,Safe,True,0.9988272972035576,Medium,Low,False,0.9950053215459794,Medium,No Risk,False,0.9838019986192947
Lavandula Angustifolia Extract (Lavender),Lavandula Angustifolia Extract (Lavender),Botanical Extract,Botanical Extract,Natural,Approved,Safe,Safe,True,0.9961084444253269,Low,Low,True,0.6219271488671969,No Risk,No Risk,True,0.9909310645653631
Humulus Lupulus Extract (Hops),Humulus Lupulus Extract (Hops),Botanical Extract,Botanical Extract,Natural,Approved,Safe,Safe,True,0.9997157882829083,Low,Low,True,0.9864801595760181,No Risk,No Risk,True,0.9878059565609921
Urtica Dioica Extract (Nettle),Urtica Dioica Extract (Nettle),Botanical Extract,Botanical Extract,Natural,Approved,Safe,Safe,True,0.9998237065756598,Low,Low,True,0.9743750161693725,No Risk,No Risk,True,0.9115681147430119
Taraxacum Officinale Extract (Dandelion),Taraxacum Officinale Extract (Dandelion),Botanical Extract,Botanical Extract,Natural,Approved,Safe,Safe,True,0.9997025387366109,Low,Low,True,0.9806958635199474,No Risk,No Risk,True,0.9944782160393262
Plantago Major Extract (Plantain),Plantago Major Extract (Plantain),Botanical Extract,Botanical Extract,Natural,Approved,Safe,Safe,True,0.9985674710231374,Low,Low,True,0.993550157966843,No Risk,No Risk,True,0.9934088716104215
Nasturtium Officinale Extract (Watercress),Nasturtium Officinale Extract (Watercress),Botanical Extract,Botanical Extract,Natural,Approved,Safe,Safe,True,0.9995277766856633,Low,Low,True,0.9976947850618021,No Risk,No Risk,True,0.9951474286133901
Spinacia Oleracea Extract (Spinach),Spinacia Oleracea Extract (Spinach),Botanical Extract,Botanical Extract,Natural,Approved,Safe,Safe,True,0.9995605101835627,Low,Low,True,0.9961401995348557,No Risk,No Risk,True,0.9968470671403139
Daucus Carota Sativa Extract (Carrot),Daucus Carota Sativa Extract (Carrot),Botanical Extract,Botanical Extract,Natural,Approved,Safe,Safe,True,0.9998224332507398,Low,Low,True,0.9991511436185813,No Risk,No Risk,True,0.9931468059505493
Beta Vulgaris Root Extract (Beetroot),Beta Vulgaris Root Extract (Beetroot),Botanical Extract,Botanical Extract,Natural,Approved,Safe,Safe,True,0.9984673236866511,Low,Low,True,0.9919815541118548,No Risk,No Risk,True,0.9594100278911181
Solanum Lycopersicum Fruit Extract (Tomato),Solanum Lycopersicum Fruit Extract (Tomato),Botanical Extract,Botanical Extract,Natural,Approved,Safe,Safe,True,0.9992063038563147,Low,Low,True,0.9990225435673943,No Risk,No Risk,True,0.9974570473475745
Ananas Sativus Fruit Extract (Pineapple),Ananas Sativus Fruit Extract (Pineapple),Botanical Extract,Botanical Extract,Natural,Approved,Safe,Safe,True,0.9996144772321944,Low,Low,True,0.879107963082954,No Risk,No Risk,True,0.9544574301678481
Actinidia Chinensis Fruit Extract (Kiwi),Actinidia Chinensis Fruit Extract (Kiwi),Botanical Extract,Botanical Extract,Natural,Approved,Safe,Safe,True,0.9973619364073925,Low,Low,True,0.9984012046643977,No Risk,No Risk,True,0.9929661881014551
Citrus Sinensis Fruit Extract (Orange Fruit),Citrus Sinensis Fruit Extract (Orange Fruit),Botanical Extract,Botanical Extract,Natural,Approved,Safe,Safe,True,0.9975713051745047,Low,Low,True,0.996588683083838,No Risk,No Risk,True,0.7801669822244229
Cocos Nucifera Fruit Juice (Coconut Water),Cocos Nucifera Fruit Juice (Coconut Water),Botanical Extract,Botanical Extract,Natural,Approved,Safe,Safe,True,0.9998951399293684,Low,Low,True,0.9897048973489584,No Risk,No Risk,True,0.9938181544197509
Oryza Sativa Extract (Rice Extract),Oryza Sativa Extract (Rice Extract),Botanical Extract,Botanical Extract,Natural,Approved,Safe,Safe,True,0.9984267603645407,Low,Low,True,0.9986239350289245,No Risk,No Risk,True,0.9917293627259939
Hordeum Vulgare Extract (Barley),Hordeum Vulgare Extract (Barley),Botanical Extract,Botanical Extract,Natural,Approved,Safe,Safe,True,0.999663114023397,Low,Low,True,0.9928446334884086,No Risk,No Risk,True,0.9902916410183829
Chenopodium Quinoa Seed Extract (Quinoa),Chenopodium Quinoa Seed Extract (Quinoa),Botanical Extract,Botanical Extract,Natural,Approved,Safe,Safe,True,0.9995195278672538,Low,Low,True,0.9896466893003073,No Risk,No Risk,True,0.9818244685177617
Helianthus Annuus Seed Extract (Sunflower Seed),Helianthus Annuus Seed Extract (Sunflower Seed),Botanical Extract,Botanical Extract,Natural,Approved,Safe,Safe,True,0.9986970469302333,Low,Low,True,0.9976140894201887,No Risk,No Risk,True,0.9961339692398284
Sesamum Indicum Seed Extract (Sesame Seed),Sesamum Indicum Seed Extract (Sesame Seed),Botanical Extract,Botanical Extract,Natural,Approved,Safe,Safe,True,0.9978294423110543,Low,Low,True,0.9946434091398851,No Risk,No Risk,True,0.9854084706587873
Tinospora Cordifolia Extract (Guduchi),Tinospora Cordifolia Extract (Guduchi),Botanical Extract,Botanical Extract,Natural,Approved,Safe,Safe,True,0.9986681141519177,Low,Low,True,0.9932046085121101,No Risk,No Risk,True,0.9924422694937187
Vetiveria Zizanoides Root Extract (Vetiver),Vetiveria Zizanoides Root Extract (Vetiver),Botanical Extract,Botanical Extract,Natural,Approved,Safe,Safe,True,0.997158196458518,Low,Low,True,0.9869931246030318,No Risk,No Risk,True,0.8661634112762235
Symplocos Racemosa Extract (Lodhra),Symplocos Racemosa Extract (Lodhra),Botanical Extract,Botanical Extract,Natural,Approved,Safe,Safe,True,0.9994478072244608,Low,Low,True,0.9983285385988832,No Risk,No Risk,True,0.9892280465507247
Rubia Cordifolia Root Extract (Manjistha),Rubia Cordifolia Root Extract (Manjistha),Botanical Extract,Botanical Extract,Natural,Approved,Safe,Safe,True,0.9985889491640569,Low,Low,True,0.9983980417362788,No Risk,No Risk,True,0.9939690288714004
Berberis Aristata Extract (Daruharidra),Berberis Aristata Extract (Daruharidra),Botanical Extract,Botanical Extract,Natural,Approved,Safe,Safe,True,0.9990336062808645,Low,Low,True,0.9524866158525113,No Risk,No Risk,True,0.6539170345998597
Cyperus Rotundus Extract (Nagarmotha),Cyperus Rotundus Extract (Nagarmotha),Botanical Extract,Botanical Extract,Natural,Approved,Safe,Safe,True,0.9992929872768102,Low,Low,True,0.999282271936351,No Risk,No Risk,True,0.9962948048000219
Nardostachys Jatamansi Extract,Nardostachys Jatamansi Extract,Botanical Extract,Botanical Extract,Natural,Approved,Safe,Safe,True,0.9997012216079277,Low,Low,True,0.7324385030674223,No Risk,No Risk,True,0.8908629085264311
Sapindus Mukorossi Fruit Extract (Reetha/Soapnut),Sapindus Mukorossi Fruit Extract (Reetha/Soapnut),Botanical Extract,Botanical Extract,Natural,Approved,Safe,Safe,True,0.997094161213622,Low,Low,True,0.966152334267686,No Risk,No Risk,True,0.9667740614392161
Acacia Concinna Fruit Extract (Shikakai),Acacia Concinna Fruit Extract (Shikakai),Botanical Extract,Botanical Extract,Natural,Approved,Safe,Safe,True,0.9989775397196692,Low,Low,True,0.9343962957944645,No Risk,No Risk,True,0.9117983717899144
Lawsonia Inermis Leaf Powder (Henna),Lawsonia Inermis Leaf Powder (Henna),Colorant,Botanical Extract,Natural,Approved,Safe,Safe,True,0.9827828947975081,Medium,Low,False,0.4511483989838032,Low,No Risk,False,0.607218540605536
Indigofera Tinctoria Leaf Powder (Indigo Powder),Indigofera Tinctoria Leaf Powder (Indigo Powder),Colorant,Botanical Extract,Natural,Approved,Safe,Safe,True,0.9914002641035308,Medium,Medium,True,0.5791691155368991,Low,No Risk,False,0.579625672318603
Melaleuca Alternifolia Leaf Oil (Tea Tree Oil),Melaleuca Alternifolia Leaf Oil (Tea Tree Oil),Fragrance/Essential Oil,Essential Oil,Natural,Restricted,Moderate Risk,Moderate Risk,True,0.9995150159853761,Medium,Medium,True,0.9996317667417473,Medium,Medium,True,0.991647121685491
Cedrus Atlantica Bark Oil (Cedarwood Oil),Cedrus Atlantica Bark Oil (Cedarwood Oil),Fragrance/Essential Oil,Essential Oil,Natural,Restricted,Moderate Risk,Moderate Risk,True,0.9920037414547718,Medium,Medium,True,0.9989443823073816,Medium,Medium,True,0.9995012476837136
Lavandula Angustifolia Oil (Lavender Oil),Lavandula Angustifolia Oil (Lavender Oil),Fragrance/Essential Oil,Essential Oil,Natural,Restricted,Moderate Risk,Moderate Risk,True,0.9972875795037012,Medium,Medium,True,0.9820706520836598,Medium,Medium,True,0.999001584169064
Mentha Piperita Oil (Peppermint Oil),Mentha Piperita Oil (Peppermint Oil),Fragrance/Essential Oil,Essential Oil,Natural,Restricted,Moderate Risk,Moderate Risk,True,0.9995247601524688,Medium,Medium,True,0.8268812603914075,Medium,Medium,True,0.9995090477651358
Rosmarinus Officinalis Leaf Oil (Rosemary Oil),Rosmarinus Officinalis Leaf Oil (Rosemary Oil),Fragrance/Essential Oil,Essential Oil,Natural,Restricted,Moderate Risk,Moderate Risk,True,0.9664403782812149,Medium,Medium,True,0.9959198727507758,Medium,Medium,True,0.9957222117830637
Cymbopogon Schoenanthus Oil (Lemongrass Oil),Cymbopogon Schoenanthus Oil (Lemongrass Oil),Fragrance/Essential Oil,Essential Oil,Natural,Restricted,Moderate Risk,Moderate Risk,True,0.9982385715703447,Medium,Medium,True,0.9997022549825032,Medium,Medium,True,0.9984605097291632
Eucalyptus Globulus Leaf Oil (Eucalyptus Oil),Eucalyptus Globulus Leaf Oil (Eucalyptus Oil),Fragrance/Essential Oil,Essential Oil,Natural,Restricted,Moderate Risk,Moderate Risk,True,0.9968285784718344,Medium,Medium,True,0.9847281039891718,Medium,Medium,True,0.9959815450928602
Salvia Sclarea Oil (Clary Sage Oil),Salvia Sclarea Oil (Clary Sage Oil),Fragrance/Essential Oil,Essential Oil,Natural,Restricted,Moderate Risk,Moderate Risk,True,0.9939594599165524,Medium,Medium,True,0.9959208808073964,Medium,Medium,True,0.9963595173866749
Cananga Odorata Flower Oil (Ylang Ylang Oil),Cananga Odorata Flower Oil (Ylang Ylang Oil),Fragrance/Essential Oil,Essential Oil,Natural,Restricted,Moderate Risk,Moderate Risk,True,0.9971123721975466,Medium,Medium,True,0.9984136997770825,Medium,Medium,True,0.9985572142396373
Pelargonium Graveolens Oil (Geranium Oil),Pelargonium Graveolens Oil (Geranium Oil),Fragrance/Essential Oil,Essential Oil,Natural,Restricted,Moderate Risk,Moderate Risk,True,0.9939526629320405,Medium,Medium,True,0.9978498955323946,Medium,Medium,True,0.9929669294478142
Citrus Aurantium Bergamia Peel Oil (Bergamot Oil),Citrus Aurantium Bergamia Peel Oil (Bergamot Oil),Fragrance/Essential Oil,Essential Oil,Natural,Restricted,Moderate Risk,Moderate Risk,True,0.9988073654814589,Medium,Medium,True,0.9931705301215107,Medium,Medium,True,0.9958554155424219
Boswellia Carterii Oil (Frankincense Oil),Boswellia Carterii Oil (Frankincense Oil),Fragrance/Essential Oil,Essential Oil,Natural,Restricted,Moderate Risk,Moderate Risk,True,0.9910202730948648,Medium,Medium,True,0.9666858613825836,Medium,Medium,True,0.9936894637674794
Pogostemon Cablin Oil (Patchouli Oil),Pogostemon Cablin Oil (Patchouli Oil),Fragrance/Essential Oil,Essential Oil,Natural,Restricted,Moderate Risk,Moderate Risk,True,0.9968200935866633,Medium,Medium,True,0.9975397131245044,Medium,Medium,True,0.9992224098563318
Santalum Album Oil (Sandalwood Oil),Santalum Album Oil (Sandalwood Oil),Fragrance/Essential Oil,Essential Oil,Natural,Restricted,Moderate Risk,Moderate Risk,True,0.9924312068196972,Medium,Medium,True,0.9991596645989677,Medium,Medium,True,0.990217901270134
Jasminum Officinale Oil (Jasmine Oil),Jasminum Officinale Oil (Jasmine Oil),Fragrance/Essential Oil,Essential Oil,Natural,Restricted,Moderate Risk,Moderate Risk,True,0.9945364982040729,Medium,Medium,True,0.9963936124357083,Medium,Medium,True,0.9992753329364428
Rosa Damascena Oil (Rose Oil),Rosa Damascena Oil (Rose Oil),Fragrance/Essential Oil,Essential Oil,Natural,Restricted,Moderate Risk,Moderate Risk,True,0.9964133389952903,Medium,Medium,True,0.9931009421670891,Medium,Medium,True,0.9965757178847151
Anthemis Nobilis Flower Oil (Chamomile Oil),Anthemis Nobilis Flower Oil (Chamomile Oil),Fragrance/Essential Oil,Essential Oil,Natural,Restricted,Moderate Risk,Moderate Risk,True,0.9718469925121199,Medium,Medium,True,0.9995082410824445,Medium,Medium,True,0.992919515061474
Ocimum Basilicum Oil (Basil Oil),Ocimum Basilicum Oil (Basil Oil),Fragrance/Essential Oil,Essential Oil,Natural,Restricted,Moderate Risk,Moderate Risk,True,0.9954689669743852,Medium,Medium,True,0.9974568275194037,Medium,Medium,True,0.9963916999936062
Cinnamomum Zeylanicum Bark Oil (Cinnamon Bark Oil),Cinnamomum Zeylanicum Bark Oil (Cinnamon Bark Oil),Fragrance/Essential Oil,Essential Oil,Natural,Restricted,Moderate Risk,Moderate Risk,True,0.9994568198989439,Medium,Medium,True,0.9974382129527465,Medium,Medium,True,0.9800436970446531
Syzygium Aromaticum Bud Oil (Clove Bud Oil),Syzygium Aromaticum Bud Oil (Clove Bud Oil),Fragrance/Essential Oil,Essential Oil,Natural,Restricted,Moderate Risk,Moderate Risk,True,0.9995786358365806,Medium,Medium,True,0.9991404307765209,Medium,Medium,True,0.9979717913008
Gaultheria Procumbens Oil (Wintergreen Oil),Gaultheria Procumbens Oil (Wintergreen Oil),Fragrance/Essential Oil,Essential Oil,Natural,Restricted,Moderate Risk,Moderate Risk,True,0.9985968971880758,Medium,Medium,True,0.993819019885344,Medium,Medium,True,0.9593532222704826
Citrus Paradisi Peel Oil (Grapefruit Peel Oil),Citrus Paradisi Peel Oil (Grapefruit Peel Oil),Fragrance/Essential Oil,Essential Oil,Natural,Restricted,Moderate Risk,Moderate Risk,True,0.9971290371532833,Medium,Medium,True,0.9921807800182051,Medium,Medium,True,0.995874023964969
Citrus Aurantifolia Oil (Lime Oil),Citrus Aurantifolia Oil (Lime Oil),Fragrance/Essential Oil,Essential Oil,Natural,Restricted,Moderate Risk,Moderate Risk,True,0.9940162679396318,Medium,Medium,True,0.9995577892293664,Medium,Medium,True,0.997130209975304
Melaleuca Cajuputi Oil (Cajeput Oil),Melaleuca Cajuputi Oil (Cajeput Oil),Fragrance/Essential Oil,Essential Oil,Natural,Restricted,Moderate Risk,Moderate Risk,True,0.9921932193775267,Medium,Medium,True,0.99830018707033,Medium,Medium,True,0.9980721510316459
Cinnamomum Camphora Oil (Camphor Oil),Cinnamomum Camphora Oil (Camphor Oil),Fragrance/Essential Oil,Essential Oil,Natural,Restricted,Moderate Risk,Moderate Risk,True,0.9958317185605297,Medium,Medium,True,0.996035826334498,Medium,Medium,True,0.9936391036132081
Cetyl Ethylhexanoate,Cetyl Ethylhexanoate,Emollient,Emollient,Synthetic,Approved,Safe,Safe,True,0.9998264484393654,Low,Low,True,0.9825871107150382,No Risk,No Risk,True,0.9207050385654197
Cetyl Palmitate,Cetyl Palmitate,Emollient,Wax Ester,Naturally Derived,Approved,Safe,Safe,True,0.9926067911916936,Low,Low,True,0.9955134848873926,No Risk,No Risk,True,0.995377314594574
Isopropyl Isostearate,Isopropyl Isostearate,Emollient,Emollient,Synthetic,Approved,Safe,Safe,True,0.9965948447255203,Low,Low,True,0.9972881959607817,No Risk,No Risk,True,0.8629590050647435
Octyldodecyl Stearoyl Stearate,Octyldodecyl Stearoyl Stearate,Emollient,Emollient,Synthetic,Approved,Safe,Safe,True,0.9982092271558518,Low,Low,True,0.9994754681358217,No Risk,No Risk,True,0.9310200453680344
Pentaerythrityl Tetraisostearate,Pentaerythrityl Tetraisostearate,Emollient,Emollient,Synthetic,Approved,Safe,Safe,True,0.9989854934977056,Low,Low,True,0.9920007478864689,No Risk,No Risk,True,0.9581093770826951
Neopentyl Glycol Diheptanoate,Neopentyl Glycol Diheptanoate,Emollient,Emollient,Synthetic,Approved,Safe,Safe,True,0.9998577502836915,Low,Low,True,0.9325988280103186,No Risk,No Risk,True,0.9267186429316767
Coco-Caprylate,Coco-Caprylate,Emollient,Emollient,Naturally Derived,Approved,Safe,Safe,True,0.998806832588881,Low,Low,True,0.9870061972763303,No Risk,No Risk,True,0.9967766224395156
Ethylhexyl Stearate,Ethylhexyl Stearate,Emollient,Emollient,Synthetic,Approved,Safe,Safe,True,0.999822887138904,Low,Low,True,0.9992056163194022,No Risk,No Risk,True,0.9978452315905473
Myristyl Myristate,Myristyl Myristate,Emollient,Wax Ester,Synthetic,Approved,Safe,Safe,True,0.9900895837460674,Low,Low,True,0.9586371643543876,No Risk,No Risk,True,0.9191123344624362
Decyl Oleate,Decyl Oleate,Emollient,Emollient,Synthetic,Approved,Safe,Safe,True,0.999372896729592,Low,Low,True,0.997147764883541,No Risk,No Risk,True,0.9876822591890279
Propylene Glycol Dicaprylate/Dicaprate,Propylene Glycol Dicaprylate/Dicaprate,Emollient,Emollient,Synthetic,Approved,Safe,Safe,True,0.9996307132587628,Low,Low,True,0.9938788635637306,No Risk,No Risk,True,0.93760770350177
Behentrimonium Chloride,Behentrimonium Chloride,Conditioning Agent,Quaternary Ammonium,Synthetic,Approved,Safe,Safe,True,0.9967434548672864,Low,Low,True,0.9984255826735714,Low,Low,True,0.937956770119431
Cetrimonium Chloride,Cetrimonium Chloride,Conditioning Agent,Quaternary Ammonium,Synthetic,Approved,Safe,Safe,True,0.9751257455557842,Low,Low,True,0.9906280255655349,Low,Low,True,0.9758508139347045
Stearalkonium Chloride,Stearalkonium Chloride,Conditioning Agent,Quaternary Ammonium,Synthetic,Approved,Safe,Safe,True,0.9639497357452337,Low,Low,True,0.9988355383813396,Low,Low,True,0.6725822057481298
Quaternium-18,Quaternium-18,Conditioning Agent,Quaternary Ammonium,Synthetic,Approved,Safe,Safe,True,0.9995747703974247,Low,Low,True,0.9994939357005062,Low,Low,True,0.956328598179699
Quaternium-80,Quaternium-80,Conditioning Agent,Quaternary Ammonium,Synthetic,Approved,Safe,Safe,True,0.9920878593095367,Low,Low,True,0.9998486323636748,Low,No Risk,False,0.5038699098705963
Polyquaternium-6,Polyquaternium-6,Film Former,Polymer,Synthetic,Approved,Safe,Safe,True,0.9917071217740617,Low,Low,True,0.9920202156632182,No Risk,No Risk,True,0.9514138279800575
Polyquaternium-37,Polyquaternium-37,Film Former,Polymer,Synthetic,Approved,Safe,Safe,True,0.9866928263967076,Low,Low,True,0.9756744599877292,No Risk,No Risk,True,0.9784939096511374
Guar Hydroxypropyltrimonium Chloride,Guar Hydroxypropyltrimonium Chloride,Conditioning Agent,Polymer,Naturally Derived,Approved,Safe,Safe,True,0.8689892430014755,Low,Low,True,0.9958954403067308,No Risk,No Risk,True,0.9953107607587278
Hydroxypropyltrimonium Honey,Hydroxypropyltrimonium Honey,Conditioning Agent,Humectant,Naturally Derived,Approved,Safe,Safe,True,0.8910941240056321,Low,Low,True,0.9886601603993459,No Risk,No Risk,True,0.7764961741902388
Hydrolyzed Quinoa,Hydrolyzed Quinoa,Conditioning Agent,Protein,Naturally Derived,Approved,Safe,Safe,True,0.9968185795844561,Low,Low,True,0.9994722685176994,No Risk,No Risk,True,0.996502020852958
Palmitoyl Pentapeptide-4 (Matrixyl),Palmitoyl Pentapeptide-4 (Matrixyl),Anti-Aging Agent,Peptide,Biotechnology Derived,Approved,Safe,Safe,True,0.9662219287404581,Low,Low,True,0.9897781986559087,No Risk,No Risk,True,0.9719664778181829
Palmitoyl Tripeptide-1,Palmitoyl Tripeptide-1,Anti-Aging Agent,Peptide,Biotechnology Derived,Approved,Safe,Safe,True,0.9733759250273788,Low,Low,True,0.9933459090072451,No Risk,No Risk,True,0.9713070935757531
Palmitoyl Tripeptide-5,Palmitoyl Tripeptide-5,Anti-Aging Agent,Peptide,Biotechnology Derived,Approved,Safe,Safe,True,0.9041115242890686,Low,Low,True,0.9883155654082176,No Risk,No Risk,True,0.831062650092228
Acetyl Hexapeptide-8 (Argireline),Acetyl Hexapeptide-8 (Argireline),Anti-Aging Agent,Peptide,Biotechnology Derived,Approved,Safe,Safe,True,0.9753310002833291,Low,Low,True,0.9898702313095615,No Risk,No Risk,True,0.9665676698207409
Copper Tripeptide-1,Copper Tripeptide-1,Anti-Aging Agent,Peptide,Biotechnology Derived,Approved,Safe,Safe,True,0.9311745272659976,Low,Low,True,0.9990874643052208,No Risk,No Risk,True,0.9455865603129087
Hydrolyzed Wheat Protein,Hydrolyzed Wheat Protein,Conditioning Agent,Protein,Naturally Derived,Approved,Safe,Safe,True,0.9986034132345142,Low,Low,True,0.9996562705936539,No Risk,No Risk,True,0.9972132644340963
Hydrolyzed Silk Protein,Hydrolyzed Silk Protein,Conditioning Agent,Protein,Animal Derived,Approved,Safe,Safe,True,0.9995010766841793,Low,Low,True,0.9982985805451065,No Risk,No Risk,True,0.9681448963096432
Hydrolyzed Keratin,Hydrolyzed Keratin,Conditioning Agent,Protein,Animal Derived,Approved,Safe,Safe,True,0.9992580628586838,Low,Low,True,0.9908065003210578,No Risk,No Risk,True,0.9965568915333022
Hydrolyzed Collagen,Hydrolyzed Collagen,Conditioning Agent,Protein,Animal Derived,Approved,Safe,Safe,True,0.9999506041051983,Low,Low,True,0.9959544259540685,No Risk,No Risk,True,0.9994779506288242
Hydrolyzed Rice Protein,Hydrolyzed Rice Protein,Conditioning Agent,Protein,Naturally Derived,Approved,Safe,Safe,True,0.9957140417416774,Low,Low,True,0.9996484554860533,No Risk,No Risk,True,0.996203012084522
Hydrolyzed Soy Protein,Hydrolyzed Soy Protein,Conditioning Agent,Protein,Naturally Derived,Approved,Safe,Safe,True,0.9952606679363314,Low,Low,True,0.9995005997067853,No Risk,No Risk,True,0.9986104181429588
Hydrolyzed Oat Protein,Hydrolyzed Oat Protein,Conditioning Agent,Protein,Naturally Derived,Approved,Safe,Safe,True,0.9783931596929952,Low,Low,True,0.9953188231835624,No Risk,No Risk,True,0.9791718512614653
Hydrolyzed Milk Protein,Hydrolyzed Milk Protein,Conditioning Agent,Protein,Animal Derived,Approved,Safe,Safe,True,0.9966860316232509,Low,Low,True,0.9926610957619015,No Risk,No Risk,True,0.8308881448736795
Tocopherol (Vitamin E),Tocopherol (Vitamin E),Antioxidant,Vitamin,Naturally Derived,Approved,Very Safe,Very Safe,True,0.8954591078600315,Low,Low,True,0.9704265473426649,No Risk,No Risk,True,0.754217147641341
Tocopheryl Acetate,Tocopheryl Acetate,Antioxidant,Vitamin,Synthetic,Approved,Safe,Safe,True,0.8405749476257652,Low,Low,True,0.9774608023273669,No Risk,Low,False,0.7539670434441762
Retinol,Retinol,Anti-Aging Agent,Vitamin,Synthetic,Approved,Moderate Risk,Safe,False,0.8502449066029083,Medium,Low,False,0.9938560208494539,High,No Risk,False,0.6354220449181744
Retinyl Palmitate,Retinyl Palmitate,Anti-Aging Agent,Vitamin,Synthetic,Approved,Safe,Safe,True,0.6839668681647424,Low,Low,True,0.9916155890519117,Medium,High,False,0.722119076284102
Retinaldehyde,Retinaldehyde,Anti-Aging Agent,Vitamin,Synthetic,Approved,Moderate Risk,Safe,False,0.4990996133867938,Medium,Low,False,0.9890303015420191,High,Medium,False,0.5334261905809096
Ascorbic Acid (Vitamin C),Ascorbic Acid (Vitamin C),Antioxidant,Vitamin,Synthetic,Approved,Safe,Safe,True,0.9284343262630663,Low,Low,True,0.9964770051549187,Medium,Low,False,0.8364896078639436
Ascorbyl Glucoside,Ascorbyl Glucoside,Antioxidant,Vitamin,Biotechnology Derived,Approved,Safe,Safe,True,0.7611835545504819,Low,Low,True,0.8858890623328632,Low,Low,True,0.749165762858492
Sodium Ascorbyl Phosphate,Sodium Ascorbyl Phosphate,Antioxidant,Vitamin,Synthetic,Approved,Safe,Safe,True,0.9832145007855723,Low,Low,True,0.8423585253238881,Low,Low,True,0.9346636563215984
Magnesium Ascorbyl Phosphate,Magnesium Ascorbyl Phosphate,Antioxidant,Vitamin,Synthetic,Approved,Safe,Safe,True,0.9832579161383767,Low,Low,True,0.8508234147948637,Low,Low,True,0.8450639552941406
Ascorbyl Palmitate,Ascorbyl Palmitate,Antioxidant,Vitamin,Synthetic,Approved,Safe,Safe,True,0.9952664278895984,Low,Low,True,0.9881262149843163,Low,No Risk,False,0.5334992509937103
Niacinamide (Vitamin B3),Niacinamide (Vitamin B3),Anti-Aging Agent,Vitamin,Synthetic,Approved,Very Safe,Very Safe,True,0.9203608134402166,Low,Low,True,0.9846336663763392,Low,Low,True,0.5627350147367932
Biotin (Vitamin B7),Biotin (Vitamin B7),Conditioning Agent,Vitamin,Biotechnology Derived,Approved,Very Safe,Safe,False,0.7711878596373782,Low,Low,True,0.99243649201919,No Risk,No Risk,True,0.9805385821504041
Folic Acid,Folic Acid,Conditioning Agent,Vitamin,Synthetic,Approved,Safe,Safe,True,0.9557774068415679,Low,Low,True,0.9992732548782874,No Risk,No Risk,True,0.9712523316524225
Pyridoxine HCl (Vitamin B6),Pyridoxine HCl (Vitamin B6),Conditioning Agent,Vitamin,Synthetic,Approved,Safe,Safe,True,0.9714889428699971,Low,Low,True,0.9951246985275877,No Risk,No Risk,True,0.8565189858650469
Riboflavin (Vitamin B2),Riboflavin (Vitamin B2),Antioxidant,Vitamin,Synthetic,Approved,Safe,Safe,True,0.6211288026382554,Low,Low,True,0.9897322688833544,No Risk,No Risk,True,0.8649888008904347
Phytonadione (Vitamin K),Phytonadione (Vitamin K),Conditioning Agent,Vitamin,Synthetic,Approved,Safe,Safe,True,0.8276093219624315,Low,Low,True,0.9644717771018508,No Risk,No Risk,True,0.9506502593024484
Calcium Pantothenate,Calcium Pantothenate,Conditioning Agent,Vitamin,Synthetic,Approved,Safe,Safe,True,0.7172393285744678,Low,Low,True,0.9716175230450492,No Risk,No Risk,True,0.8642534611100937
Ethylhexyl Methoxycinnamate,Ethylhexyl Methoxycinnamate,UV Filter,UV Filter,Synthetic,Approved,Safe,Safe,True,0.9957685203022779,Low,Low,True,0.9665338656853293,Low,Low,True,0.9974265207973135
Octocrylene,Octocrylene,UV Filter,UV Filter,Synthetic,Approved,Safe,Safe,True,0.9981146334087694,Low,Low,True,0.9909477951938448,Low,Low,True,0.9954181082311757
Avobenzone (Butyl Methoxydibenzoylmethane),Avobenzone (Butyl Methoxydibenzoylmethane),UV Filter,UV Filter,Synthetic,Approved,Safe,Safe,True,0.9905490048062622,Low,Low,True,0.9404022778687503,Low,Low,True,0.9879497066289428
Homosalate,Homosalate,UV Filter,UV Filter,Synthetic,Approved,Safe,Safe,True,0.9861347158216053,Low,Low,True,0.9731619075001176,Low,Low,True,0.9743125350811037
Ethylhexyl Salicylate (Octisalate),Ethylhexyl Salicylate (Octisalate),UV Filter,UV Filter,Synthetic,Approved,Safe,Safe,True,0.9991514686052793,Low,Low,True,0.9933528261084021,Low,Low,True,0.9920361908250107
Oxybenzone (Benzophenone-3),Oxybenzone (Benzophenone-3),UV Filter,UV Filter,Synthetic,Country Restricted,Moderate Risk,Safe,False,0.7465056767639832,Medium,Low,False,0.9888010305184564,Medium,Low,False,0.9815671086929012
Ensulizole (Phenylbenzimidazole Sulfonic Acid),Ensulizole (Phenylbenzimidazole Sulfonic Acid),UV Filter,UV Filter,Synthetic,Approved,Safe,Safe,True,0.9980338110126041,Low,Low,True,0.9512474113571816,Low,Low,True,0.9401492012067802
Bisoctrizole (Methylene Bis-Benzotriazolyl Tetramethylbutylphenol),Bisoctrizole (Methylene Bis-Benzotriazolyl Tetramethylbutylphenol),UV Filter,UV Filter,Synthetic,Approved,Safe,Safe,True,0.9992345617644707,Low,Low,True,0.98442911068004,Low,Low,True,0.9898959056187594
Bemotrizinol (Bis-Ethylhexyloxyphenol Methoxyphenyl Triazine),Bemotrizinol (Bis-Ethylhexyloxyphenol Methoxyphenyl Triazine),UV Filter,UV Filter,Synthetic,Approved,Safe,Safe,True,0.9889764063803776,Low,Low,True,0.966165607027841,Low,Low,True,0.9934761103445697
Diethylamino Hydroxybenzoyl Hexyl Benzoate,Diethylamino Hydroxybenzoyl Hexyl Benzoate,UV Filter,UV Filter,Synthetic,Approved,Safe,Safe,True,0.9928343910914403,Low,Low,True,0.9758569462688041,Low,Low,True,0.9978348521516205
Titanium Dioxide,Titanium Dioxide,UV Filter,UV Filter,Synthetic,Approved,Safe,Safe,True,0.9859810467869764,Low,Low,True,0.9839044788595519,Low,Low,True,0.977653762581258
Zinc Oxide,Zinc Oxide,UV Filter,UV Filter,Synthetic,Approved,Safe,Safe,True,0.9979600103227194,Low,Low,True,0.9849636701034582,Low,Low,True,0.9924238288350108
Polysilicone-15,Polysilicone-15,UV Filter,UV Filter,Synthetic,Approved,Safe,Safe,True,0.9843297058035668,Low,Low,True,0.9844160852844576,Low,Low,True,0.9512545288710603
Diethylhexyl Butamido Triazone (Iscotrizinol),Diethylhexyl Butamido Triazone (Iscotrizinol),UV Filter,UV Filter,Synthetic,Approved,Safe,Safe,True,0.9978460956067814,Low,Low,True,0.9894858586678188,Low,Low,True,0.9912603517990515
Octyl Triazone (Ethylhexyl Triazone),Octyl Triazone (Ethylhexyl Triazone),UV Filter,UV Filter,Synthetic,Approved,Safe,Safe,True,0.9984967312573757,Low,Low,True,0.9943373712457078,Low,Low,True,0.9892248915559466
Ferulic Acid,Ferulic Acid,Antioxidant,Antioxidant,Naturally Derived,Approved,Safe,Safe,True,0.9925820866907797,Low,Low,True,0.9963063357481075,Low,No Risk,False,0.5708144184616291
Resveratrol,Resveratrol,Antioxidant,Antioxidant,Naturally Derived,Approved,Safe,Safe,True,0.9940210985387065,Low,Low,True,0.9906687398855012,No Risk,No Risk,True,0.7704966659796338
Butylated Hydroxytoluene (BHT),Butylated Hydroxytoluene (BHT),Antioxidant,Antioxidant,Synthetic,Approved,Safe,Safe,True,0.9921263525614079,Low,Low,True,0.973998530869669,Low,Low,True,0.8411798490437101
Butylated Hydroxyanisole (BHA),Butylated Hydroxyanisole (BHA),Antioxidant,Antioxidant,Synthetic,Restricted,Moderate Risk,Moderate Risk,True,0.8555053940639374,Medium,Low,False,0.9747331925416248,Low,Medium,False,0.48094322189024863
Sodium Metabisulfite,Sodium Metabisulfite,Antioxidant,Antioxidant,Synthetic,Restricted,Moderate Risk,Moderate Risk,True,0.9845347671801127,Medium,Medium,True,0.9877817308660904,Medium,Medium,True,0.9558481743255381
Astaxanthin,Astaxanthin,Antioxidant,Antioxidant,Biotechnology Derived,Approved,Safe,Safe,True,0.9920371148971967,Low,Low,True,0.9792724558573891,No Risk,No Risk,True,0.5889596478050377
Ubiquinone (Coenzyme Q10),Ubiquinone (Coenzyme Q10),Antioxidant,Antioxidant,Biotechnology Derived,Approved,Safe,Safe,True,0.9784281905242679,Low,Low,True,0.5715446385340073,No Risk,No Risk,True,0.913618462297976
Alpha Lipoic Acid,Alpha Lipoic Acid,Antioxidant,Antioxidant,Synthetic,Approved,Safe,Safe,True,0.9984420676866532,Low,Low,True,0.9830510758868005,Low,Low,True,0.8884620145787783
Ergothioneine,Ergothioneine,Antioxidant,Antioxidant,Biotechnology Derived,Approved,Safe,Safe,True,0.9889734501755701,Low,Low,True,0.9785985991100933,No Risk,No Risk,True,0.7022751794041491
Phenoxyethanol,Phenoxyethanol,Preservative,Preservative,Synthetic,Restricted,Safe,Moderate Risk,False,0.9712419950182173,Low,Medium,False,0.42200806115271156,Low,Medium,False,0.8385490538719933
Methylparaben,Methylparaben,Preservative,Preservative,Synthetic,Restricted,Moderate Risk,Moderate Risk,True,0.9155166795839424,Medium,Medium,True,0.8403884319575422,Low,Low,True,0.830892868283599
Propylparaben,Propylparaben,Preservative,Preservative,Synthetic,Restricted,Moderate Risk,Moderate Risk,True,0.9492192290427021,Medium,Medium,True,0.7752017722239649,Low,Low,True,0.9475169252598732
Butylparaben,Butylparaben,Preservative,Preservative,Synthetic,Restricted,Moderate Risk,Moderate Risk,True,0.9309809481655287,Medium,Medium,True,0.6473237855093615,Low,Low,True,0.9587824784053474
Ethylparaben,Ethylparaben,Preservative,Preservative,Synthetic,Restricted,Moderate Risk,Moderate Risk,True,0.9623319231530986,Medium,Medium,True,0.8011457229244161,Low,Low,True,0.8776358729353083
Sodium Benzoate,Sodium Benzoate,Preservative,Preservative,Synthetic,Approved,Safe,Safe,True,0.9375539808967677,Low,Low,True,0.4685017473614171,Low,Low,True,0.9868735844824402
Potassium Sorbate,Potassium Sorbate,Preservative,Preservative,Synthetic,Approved,Safe,Safe,True,0.9521171058539386,Low,Low,True,0.94288592719024,Low,Low,True,0.7793744404121632
Benzyl Alcohol,Benzyl Alcohol,Preservative,Preservative,Synthetic,Approved,Safe,Safe,True,0.8451862543737629,Medium,Low,False,0.6899897352120149,Low,Low,True,0.956288451519684
Chlorphenesin,Chlorphenesin,Preservative,Preservative,Synthetic,Approved,Safe,Safe,True,0.971183255977928,Low,Low,True,0.7722309427787788,Low,Low,True,0.9807193196951175
Sodium Dehydroacetate,Sodium Dehydroacetate,Preservative,Preservative,Synthetic,Approved,Safe,Safe,True,0.9768486680067079,Low,Low,True,0.9459252565044801,Low,Low,True,0.98168222546481
Dehydroacetic Acid,Dehydroacetic Acid,Preservative,Preservative,Synthetic,Approved,Safe,Safe,True,0.9786263115214258,Low,Low,True,0.9691165807317883,Low,Low,True,0.9766445467960585
Imidazolidinyl Urea,Imidazolidinyl Urea,Preservative,Preservative,Synthetic,Restricted,Moderate Risk,Moderate Risk,True,0.9330360528191879,Medium,Medium,True,0.7978192825921299,Medium,Medium,True,0.8755203934257432
Diazolidinyl Urea,Diazolidinyl Urea,Preservative,Preservative,Synthetic,Restricted,Moderate Risk,Moderate Risk,True,0.9507366891860339,Medium,Medium,True,0.575189174003739,Medium,Medium,True,0.932087535095217
DMDM Hydantoin,DMDM Hydantoin,Preservative,Preservative,Synthetic,Restricted,Moderate Risk,Moderate Risk,True,0.9135211274646802,Medium,Medium,True,0.6716914755578575,Medium,Medium,True,0.7621726365383769
Methylisothiazolinone,Methylisothiazolinone,Preservative,Preservative,Synthetic,Restricted,Moderate Risk,Moderate Risk,True,0.8985426420512964,High,High,True,0.484627519527487,Medium,Medium,True,0.7568057315380695
Methylchloroisothiazolinone,Methylchloroisothiazolinone,Preservative,Preservative,Synthetic,Restricted,Moderate Risk,Moderate Risk,True,0.8895490548542601,High,High,True,0.5460305601464757,Medium,Medium,True,0.8564411960836217
Benzoic Acid,Benzoic Acid,Preservative,Preservative,Synthetic,Approved,Safe,Safe,True,0.9755445385824844,Low,Low,True,0.7442884127240689,Low,Low,True,0.9743557595160941
Sorbic Acid,Sorbic Acid,Preservative,Preservative,Synthetic,Approved,Safe,Safe,True,0.9456622894411476,Low,Low,True,0.9271824765250309,Low,Low,True,0.9058859654750681
Ethylhexylglycerin,Ethylhexylglycerin,Preservative,Preservative,Synthetic,Approved,Safe,Safe,True,0.9826465341898595,Low,Low,True,0.9690034587895477,Low,Low,True,0.9630649765895171
"1,2-Hexanediol","1,2-Hexanediol",Preservative,Preservative,Synthetic,Approved,Safe,Safe,True,0.9831183173907572,Low,Low,True,0.9380789108094927,Low,Low,True,0.9425990848242453
Chlorhexidine Digluconate,Chlorhexidine Digluconate,Antimicrobial,Preservative,Synthetic,Restricted,Moderate Risk,Moderate Risk,True,0.8659278228655888,Medium,Low,False,0.7755034057579987,Medium,Medium,True,0.9696773905251642
Triclosan,Triclosan,Antimicrobial,Preservative,Synthetic,Restricted,Moderate Risk,Moderate Risk,True,0.9824645180323712,Medium,Medium,True,0.8386207127991412,Medium,Medium,True,0.9882603062357146
Triclocarban,Triclocarban,Antimicrobial,Preservative,Synthetic,Restricted,Moderate Risk,Moderate Risk,True,0.8528881886172038,Medium,Medium,True,0.8334271813784289,Medium,Medium,True,0.9518477760148608
Silver Citrate,Silver Citrate,Antimicrobial,Preservative,Mineral,Approved,Safe,Safe,True,0.9229469023245142,Low,Low,True,0.8520259307746053,Low,Medium,False,0.5466339799643305
Leuconostoc/Radish Root Ferment Filtrate,Leuconostoc/Radish Root Ferment Filtrate,Preservative Booster,Preservative,Biotechnology Derived,Approved,Safe,Safe,True,0.9996283484820097,Low,Low,True,0.9963690178220787,No Risk,No Risk,True,0.995667408585913
Lactobacillus Ferment,Lactobacillus Ferment,Preservative Booster,Preservative,Biotechnology Derived,Approved,Safe,Safe,True,0.9982802855626527,Low,Low,True,0.9945000991929758,No Risk,No Risk,True,0.9866094160961363
Glyceryl Undecylenate,Glyceryl Undecylenate,Preservative Booster,Preservative,Naturally Derived,Approved,Safe,Safe,True,0.9769058878950032,Low,Low,True,0.9979634542197607,No Risk,No Risk,True,0.9643355846788203
p-Anisic Acid,p-Anisic Acid,Preservative Booster,Preservative,Synthetic,Approved,Safe,Safe,True,0.9985908695164517,Low,Low,True,0.9991098782042752,No Risk,No Risk,True,0.9088329486020086
Sodium Levulinate,Sodium Levulinate,Preservative Booster,Preservative,Synthetic,Approved,Safe,Safe,True,0.9977704765625552,Low,Low,True,0.9980543769698766,No Risk,No Risk,True,0.6588445485814901
Sodium Anisate,Sodium Anisate,Preservative Booster,Preservative,Synthetic,Approved,Safe,Safe,True,0.9981501861407224,Low,Low,True,0.9988073066615255,No Risk,No Risk,True,0.7328005423448731
Disodium EDTA,Disodium EDTA,Chelating Agent,Chelating Agent,Synthetic,Approved,Safe,Safe,True,0.9435307905272295,Low,Low,True,0.9220156788218011,Low,Low,True,0.9673488256978072
Tetrasodium EDTA,Tetrasodium EDTA,Chelating Agent,Chelating Agent,Synthetic,Approved,Safe,Safe,True,0.9788956996260775,Low,Low,True,0.9821992630950166,Low,Low,True,0.9849303028585705
Trisodium EDTA,Trisodium EDTA,Chelating Agent,Chelating Agent,Synthetic,Approved,Safe,Safe,True,0.9733669364259423,Low,Low,True,0.9992339342696739,Low,No Risk,False,0.5560738472316563
Sodium Phytate,Sodium Phytate,Chelating Agent,Chelating Agent,Naturally Derived,Approved,Safe,Safe,True,0.7311591871321721,Low,Low,True,0.7321267264108668,No Risk,Low,False,0.9320040933981899
Etidronic Acid,Etidronic Acid,Chelating Agent,Chelating Agent,Synthetic,Approved,Safe,Safe,True,0.984973183462249,Low,Low,True,0.8822365980127392,Low,Low,True,0.9797987873199185
Citric Acid,Citric Acid,pH Adjuster,Acid,Naturally Derived,Approved,Very Safe,Safe,False,0.9696159296716234,Low,Low,True,0.9423332448130664,Low,Medium,False,0.8770230399661155
Sodium Citrate,Sodium Citrate,Buffer,Salt,Synthetic,Approved,Very Safe,Safe,False,0.8702934942232253,Low,Low,True,0.8054830505663463,No Risk,Low,False,0.9924375858784675
Sodium Hydroxide,Sodium Hydroxide,pH Adjuster,Alkali,Synthetic,Approved,Moderate Risk,Moderate Risk,True,0.6051517103087958,Low,Low,True,0.9537756422773757,High,Low,False,0.8374872315002395
Potassium Hydroxide,Potassium Hydroxide,pH Adjuster,Alkali,Synthetic,Approved,Moderate Risk,Moderate Risk,True,0.6483217235192043,Low,Low,True,0.9836895611856808,High,Low,False,0.6198339043291069
Triethanolamine,Triethanolamine,pH Adjuster,Amine,Synthetic,Restricted,Moderate Risk,Moderate Risk,True,0.9293347257511021,Medium,Low,False,0.8224508183595822,Medium,Medium,True,0.8361948052109114
Aminomethyl Propanol,Aminomethyl Propanol,pH Adjuster,Amine,Synthetic,Approved,Safe,Safe,True,0.9351112393586984,Low,Low,True,0.8973183646458539,Low,Low,True,0.7845971022384253
Lactic Acid,Lactic Acid,pH Adjuster,Acid,Naturally Derived,Approved,Safe,Safe,True,0.8734788839394328,Low,Low,True,0.9864848382991375,Medium,Low,False,0.6519075916784999
Sodium Bicarbonate,Sodium Bicarbonate,pH Adjuster,Salt,Mineral,Approved,Safe,Very Safe,False,0.9624904960865794,Low,No Risk,False,0.961648547242807,Low,Low,True,0.9603802492935616
Phosphoric Acid,Phosphoric Acid,pH Adjuster,Acid,Synthetic,Approved,Safe,Safe,True,0.9848904605782427,Low,Low,True,0.9715360061137283,Medium,Low,False,0.8615635442808184
Potassium Citrate,Potassium Citrate,Buffer,Salt,Synthetic,Approved,Safe,Very Safe,False,0.6947419033017279,Low,Low,True,0.9730276664070069,No Risk,Low,False,0.5690293904352091
PVP,PVP,Film Former,Polymer,Synthetic,Approved,Safe,Safe,True,0.9905210374992479,Low,Low,True,0.99599281793443,No Risk,No Risk,True,0.9857503537491283
PVP/VA Copolymer,PVP/VA Copolymer,Film Former,Polymer,Synthetic,Approved,Safe,Safe,True,0.9971735232665542,Low,Low,True,0.9924366830405583,No Risk,No Risk,True,0.9648457586185917
Polyquaternium-7,Polyquaternium-7,Conditioning Agent,Polymer,Synthetic,Approved,Safe,Safe,True,0.9857625951944577,Low,Low,True,0.9984720805885288,No Risk,No Risk,True,0.9750955803768402
Polyquaternium-10,Polyquaternium-10,Conditioning Agent,Polymer,Synthetic,Approved,Safe,Safe,True,0.9726531050420181,Low,Low,True,0.9979637217562322,No Risk,No Risk,True,0.9859161960586498
Polyquaternium-11,Polyquaternium-11,Film Former,Polymer,Synthetic,Approved,Safe,Safe,True,0.9949805024601753,Low,Low,True,0.9932239808099262,No Risk,No Risk,True,0.9552677669819573
Acrylates Copolymer,Acrylates Copolymer,Film Former,Polymer,Synthetic,Approved,Safe,Safe,True,0.86104003252726,Low,Low,True,0.808111912838543,No Risk,No Risk,True,0.9158282224841049
Carbomer,Carbomer,Thickener,Polymer,Synthetic,Approved,Safe,Safe,True,0.9991226234158002,Low,Low,True,0.9996754122038269,No Risk,No Risk,True,0.9992931684704525
Acrylates/C10-30 Alkyl Acrylate Crosspolymer,Acrylates/C10-30 Alkyl Acrylate Crosspolymer,Thickener,Polymer,Synthetic,Approved,Safe,Safe,True,0.9980883081597143,Low,Low,True,0.9956678008074636,No Risk,No Risk,True,0.9948980775925336
Xanthan Gum,Xanthan Gum,Thickener,Polymer,Naturally Derived,Approved,Very Safe,Safe,False,0.9706081628978516,Low,Low,True,0.9969778610590115,No Risk,No Risk,True,0.998880586538865
Hydroxyethylcellulose,Hydroxyethylcellulose,Thickener,Polymer,Naturally Derived,Approved,Safe,Safe,True,0.9782226418361784,Low,Low,True,0.9984235037085837,No Risk,No Risk,True,0.9519788207387586
Hydroxypropyl Methylcellulose,Hydroxypropyl Methylcellulose,Thickener,Polymer,Naturally Derived,Approved,Safe,Safe,True,0.9946161061133132,Low,Low,True,0.9992038222117087,No Risk,No Risk,True,0.9934497434417037
Sodium Polyacrylate,Sodium Polyacrylate,Thickener,Polymer,Synthetic,Approved,Safe,Safe,True,0.9974681483751181,Low,Low,True,0.9956851190266991,No Risk,No Risk,True,0.9678177471290695
Sclerotium Gum,Sclerotium Gum,Thickener,Polymer,Naturally Derived,Approved,Safe,Safe,True,0.9824319980698333,Low,Low,True,0.9973222393820792,No Risk,No Risk,True,0.999713278188353
Cellulose Gum (Sodium Carboxymethyl Cellulose),Cellulose Gum (Sodium Carboxymethyl Cellulose),Thickener,Polymer,Naturally Derived,Approved,Safe,Safe,True,0.920879271248097,Low,Low,True,0.9903445911361659,No Risk,No Risk,True,0.9967473966410131
Guar Gum,Guar Gum,Thickener,Polymer,Naturally Derived,Approved,Safe,Safe,True,0.8286077074320917,Low,Low,True,0.9960519158111587,No Risk,No Risk,True,0.9990397248949671
PEG-150 Distearate,PEG-150 Distearate,Thickener,Polymer,Synthetic,Approved,Safe,Safe,True,0.9587100838728221,Low,Low,True,0.7780391280242714,No Risk,No Risk,True,0.9426960439008116
Sodium Chloride,Sodium Chloride,Thickener,Salt,Mineral,Approved,Very Safe,Very Safe,True,0.9223203436185996,No Risk,No Risk,True,0.7289878557712391,Low,No Risk,False,0.4354273025047513
Magnesium Aluminum Silicate,Magnesium Aluminum Silicate,Thickener,Mineral,Mineral,Approved,Safe,Safe,True,0.997254684389715,Low,Low,True,0.9921902762845463,No Risk,No Risk,True,0.996651143891818
Hectorite,Hectorite,Thickener,Mineral,Mineral,Approved,Safe,Safe,True,0.9993367980524822,Low,Low,True,0.9994214825620922,No Risk,No Risk,True,0.8380745855432832
Bentonite,Bentonite,Thickener,Mineral,Mineral,Approved,Safe,Safe,True,0.9411474568956963,Low,Low,True,0.9900026821008254,Low,No Risk,False,0.9313709230791571
CI 77891 (Titanium Dioxide),CI 77891 (Titanium Dioxide),Colorant,Pigment,Mineral,Approved,Safe,Safe,True,0.9951554064653823,Low,Low,True,0.9952692528497337,Low,Low,True,0.9751793896016008
CI 19140 (Yellow 5),CI 19140 (Yellow 5),Colorant,Pigment,Mineral,Approved,Safe,Safe,True,0.9980373824586658,Low,Low,True,0.9961936383459182,Low,Low,True,0.9967067178210385
CI 16035 (Red 40),CI 16035 (Red 40),Colorant,Pigment,Mineral,Approved,Safe,Safe,True,0.9908083163414811,Low,Low,True,0.9945046059446297,Low,Low,True,0.9924146226176861
CI 42090 (Blue 1),CI 42090 (Blue 1),Colorant,Pigment,Mineral,Approved,Safe,Safe,True,0.9923403892730395,Low,Low,True,0.9919491614586257,Low,Low,True,0.9971705519008706
CI 77491 (Iron Oxide Red),CI 77491 (Iron Oxide Red),Colorant,Pigment,Mineral,Approved,Safe,Safe,True,0.9913184154629122,Low,Low,True,0.9951868041534948,Low,Low,True,0.998385729694559
CI 77492 (Iron Oxide Yellow),CI 77492 (Iron Oxide Yellow),Colorant,Pigment,Mineral,Approved,Safe,Safe,True,0.9940524580267285,Low,Low,True,0.995811605999754,Low,Low,True,0.9932746523010755
CI 77499 (Iron Oxide Black),CI 77499 (Iron Oxide Black),Colorant,Pigment,Mineral,Approved,Safe,Safe,True,0.9939574950109146,Low,Low,True,0.9951233606225818,Low,Low,True,0.9989351809643396
Mica,Mica,Colorant,Pigment,Mineral,Approved,Safe,Safe,True,0.9991201470056205,Low,Low,True,0.9982578639050179,Low,Low,True,0.9833897298864724
Ultramarines (CI 77007),Ultramarines (CI 77007),Colorant,Pigment,Mineral,Approved,Safe,Safe,True,0.9913451913976213,Low,Low,True,0.9945151142965497,Low,Low,True,0.9926150864596195
Bismuth Oxychloride (CI 77163),Bismuth Oxychloride (CI 77163),Colorant,Pigment,Mineral,Approved,Safe,Safe,True,0.9922936974919144,Low,Low,True,0.9951687097679552,Low,Low,True,0.9977275510936905
CI 15850 (Red 6/7),CI 15850 (Red 6/7),Colorant,Pigment,Mineral,Approved,Safe,Safe,True,0.9925595980228791,Low,Low,True,0.9964813555139963,Low,Low,True,0.9965923580617907
CI 45410 (Red 27/28),CI 45410 (Red 27/28),Colorant,Pigment,Mineral,Approved,Safe,Safe,True,0.9917182056692472,Low,Low,True,0.9958635452681712,Low,Low,True,0.9979281594461813
CI 77510 (Ferric Ferrocyanide),CI 77510 (Ferric Ferrocyanide),Colorant,Pigment,Mineral,Approved,Safe,Safe,True,0.9917003279435721,Low,Low,True,0.9954656739921685,Low,Low,True,0.9972503616705717
CI 77288 (Chromium Oxide Green),CI 77288 (Chromium Oxide Green),Colorant,Pigment,Mineral,Approved,Safe,Safe,True,0.9918265411451077,Low,Low,True,0.9937572771022946,Low,Low,True,0.9982961983545655
CI 77289 (Chromium Hydroxide Green),CI 77289 (Chromium Hydroxide Green),Colorant,Pigment,Mineral,Approved,Safe,Safe,True,0.9928977647143794,Low,Low,True,0.9955971064775698,Low,Low,True,0.9978901204567958
CI 15985 (Yellow 6),CI 15985 (Yellow 6),Colorant,Pigment,Mineral,Approved,Safe,Safe,True,0.9929375451748276,Low,Low,True,0.9913460842276002,Low,Low,True,0.9924420674452166
CI 14700 (Red 4),CI 14700 (Red 4),Colorant,Pigment,Mineral,Approved,Safe,Safe,True,0.9904001076604521,Low,Low,True,0.992709040901774,Low,Low,True,0.9969355687547036
CI 73015 (Blue 2),CI 73015 (Blue 2),Colorant,Pigment,Mineral,Approved,Safe,Safe,True,0.9940647938803595,Low,Low,True,0.9966353346536964,Low,Low,True,0.9949378337749041
CI 77120 (Barium Sulfate),CI 77120 (Barium Sulfate),Colorant,Pigment,Mineral,Approved,Safe,Safe,True,0.9964879707731363,Low,Low,True,0.9805025589377067,Low,Low,True,0.9861960658415565
CI 77163 (Bismuth Oxychloride),CI 77163 (Bismuth Oxychloride),Colorant,Pigment,Mineral,Approved,Safe,Safe,True,0.9966829093456689,Low,Low,True,0.9913301807858943,Low,Low,True,0.9977536559716478
Parfum (Fragrance),Parfum (Fragrance),Fragrance,Fragrance,Synthetic,Approved,Moderate Risk,Safe,False,0.9381437067847962,High,Medium,False,0.9872904015455793,Medium,Low,False,0.9794689444708581
Linalool,Linalool,Fragrance,Fragrance Allergen,Naturally Derived,Approved,Safe,Safe,True,0.9664660194624146,Medium,Medium,True,0.5938441477916901,Low,Low,True,0.9588086773035336
Limonene,Limonene,Fragrance,Fragrance Allergen,Naturally Derived,Approved,Safe,Safe,True,0.9987047160049513,Medium,Medium,True,0.9903375714119161,Low,Low,True,0.9487694885120835
Citronellol,Citronellol,Fragrance,Fragrance Allergen,Naturally Derived,Approved,Safe,Safe,True,0.8887939236988684,Medium,Medium,True,0.8918047797061882,Low,Low,True,0.9519580675444778
Geraniol,Geraniol,Fragrance,Fragrance Allergen,Naturally Derived,Approved,Safe,Safe,True,0.9956212609032101,Medium,Medium,True,0.7199941712984654,Low,Low,True,0.9698643664320151
Eugenol,Eugenol,Fragrance,Fragrance Allergen,Naturally Derived,Approved,Safe,Safe,True,0.8690702940596639,Medium,Medium,True,0.9631074295094417,Low,Low,True,0.8187975226643321
Benzyl Salicylate,Benzyl Salicylate,Fragrance,Fragrance Allergen,Synthetic,Approved,Safe,Safe,True,0.9942452134373359,Medium,Medium,True,0.9792016115059307,Low,Low,True,0.9171724021946974
Hexyl Cinnamal,Hexyl Cinnamal,Fragrance,Fragrance Allergen,Synthetic,Approved,Safe,Safe,True,0.9631770216933934,Medium,Medium,True,0.9953200138316978,Low,Low,True,0.98730673176871
Coumarin,Coumarin,Fragrance,Fragrance Allergen,Synthetic,Approved,Safe,Safe,True,0.994648538246479,Medium,Medium,True,0.9871865681994804,Low,Low,True,0.9947965927817504
Menthol,Menthol,Cooling Agent,Cooling Agent,Naturally Derived,Approved,Safe,Very Safe,False,0.4318740115893011,Low,Low,True,0.9503072015932513,Medium,Medium,True,0.6114766607696935
Menthyl Lactate (Frescolat),Menthyl Lactate (Frescolat),Cooling Agent,Cooling Agent,Synthetic,Approved,Safe,Safe,True,0.9880304367615266,Low,Low,True,0.9986436850789007,Low,Medium,False,0.577986692351321
Camphor,Camphor,Cooling Agent,Cooling Agent,Naturally Derived,Restricted,Moderate Risk,Moderate Risk,True,0.8892415321564691,Low,Low,True,0.9551942783814433,Medium,Medium,True,0.9905316978247581
WS-23 (Cooling Agent),WS-23 (Cooling Agent),Cooling Agent,Cooling Agent,Synthetic,Approved,Safe,Safe,True,0.9907289115404672,Low,Low,True,0.9965546407916216,Low,Medium,False,0.771779514683921
Salicylic Acid,Salicylic Acid,Anti-Acne Agent,Acid,Synthetic,Approved,Safe,Safe,True,0.6617683380833022,Low,Medium,False,0.8771191606131389,Medium,High,False,0.4512570707363308
Benzoyl Peroxide,Benzoyl Peroxide,Anti-Acne Agent,Antimicrobial,Synthetic,Approved,Moderate Risk,Moderate Risk,True,0.7147673142366088,Medium,Medium,True,0.6394515483133909,High,Medium,False,0.6375031307931253
Zinc PCA,Zinc PCA,Anti-Acne Agent,Mineral,Synthetic,Approved,Safe,Safe,True,0.78077150676225,Low,Low,True,0.6046362452430997,Low,Medium,False,0.773066881686002
Sulfur,Sulfur,Anti-Acne Agent,Mineral,Mineral,Approved,Moderate Risk,Safe,False,0.9544707899235912,Medium,Low,False,0.7140173350436034,Medium,Low,False,0.8173661314637655
Azelaic Acid,Azelaic Acid,Anti-Acne Agent,Acid,Synthetic,Approved,Safe,Safe,True,0.8741197268840109,Low,Medium,False,0.6440773067423862,Medium,Medium,True,0.8286157595920489
Bakuchiol,Bakuchiol,Anti-Aging Agent,Botanical Extract,Naturally Derived,Approved,Safe,Safe,True,0.9903614820359201,Low,Low,True,0.9921977562705384,Low,No Risk,False,0.9557589797689542
Adenosine,Adenosine,Anti-Aging Agent,Nucleoside,Biotechnology Derived,Approved,Safe,Safe,True,0.8855147656838397,Low,Low,True,0.9690588507189559,No Risk,No Risk,True,0.898792453594561
Glycolic Acid,Glycolic Acid,Exfoliant,Acid,Synthetic,Approved,Moderate Risk,Safe,False,0.9991843256804239,Medium,Low,False,0.9992261240716904,High,Medium,False,0.8788033410274896
Mandelic Acid,Mandelic Acid,Exfoliant,Acid,Synthetic,Approved,Safe,Safe,True,0.6739334024076491,Low,Low,True,0.9993526205318103,Medium,Medium,True,0.544790997345184
Malic Acid,Malic Acid,Exfoliant,Acid,Naturally Derived,Approved,Safe,Safe,True,0.9147093289034635,Low,Low,True,0.9824584514600457,Medium,Medium,True,0.430275454156422
Tartaric Acid,Tartaric Acid,Exfoliant,Acid,Naturally Derived,Approved,Safe,Safe,True,0.9668743649502287,Low,Low,True,0.9648964553225827,Medium,Medium,True,0.8393659771314002
Gluconolactone (PHA),Gluconolactone (PHA),Exfoliant,Acid,Synthetic,Approved,Safe,Safe,True,0.9847386422169989,Low,Low,True,0.9718747559421295,Low,Low,True,0.8172228186251874
Lactobionic Acid,Lactobionic Acid,Exfoliant,Acid,Synthetic,Approved,Safe,Safe,True,0.9898070161725864,Low,Low,True,0.9880357767250546,Low,Low,True,0.5405931479807442
Kojic Acid,Kojic Acid,Brightening Agent,Acid,Biotechnology Derived,Restricted,Moderate Risk,Safe,False,0.47979718903387264,Medium,Low,False,0.9853296270682999,Medium,Medium,True,0.7988384668315139
Alpha-Arbutin,Alpha-Arbutin,Brightening Agent,Botanical Derivative,Biotechnology Derived,Approved,Safe,Safe,True,0.9883486467313395,Low,Low,True,0.9932294205598362,Low,Low,True,0.8634175724181004
Arbutin,Arbutin,Brightening Agent,Botanical Derivative,Naturally Derived,Approved,Safe,Safe,True,0.9869431073804736,Low,Low,True,0.9992220737223901,Low,Low,True,0.49580528557722714
Tranexamic Acid,Tranexamic Acid,Brightening Agent,Acid,Synthetic,Approved,Safe,Safe,True,0.9911065335818176,Low,Low,True,0.9949445266805396,Low,Low,True,0.6318069683096356
Hexylresorcinol,Hexylresorcinol,Brightening Agent,Phenol,Synthetic,Approved,Safe,Safe,True,0.9207567329978884,Low,Low,True,0.9620549214338778,Low,No Risk,False,0.7955700777105964
Ectoin,Ectoin,Anti-Aging Agent,Amino Acid Derivative,Biotechnology Derived,Approved,Very Safe,Very Safe,True,0.902528222452193,Low,Low,True,0.9922564837042838,No Risk,No Risk,True,0.9664739717901784
Madecassoside,Madecassoside,Anti-Inflammatory Agent,Botanical Derivative,Naturally Derived,Approved,Safe,Safe,True,0.8893221193066547,Low,Low,True,0.999940145800287,No Risk,No Risk,True,0.9955205386474838
Asiaticoside,Asiaticoside,Anti-Inflammatory Agent,Botanical Derivative,Naturally Derived,Approved,Safe,Safe,True,0.9831204465304728,Low,Low,True,0.9998442429314005,No Risk,No Risk,True,0.9436349547236803
Allantoin,Allantoin,Soothing Agent,Botanical Derivative,Synthetic,Approved,Very Safe,Very Safe,True,0.6516056633326598,Low,Low,True,0.9989931922671004,No Risk,No Risk,True,0.9567247334152107
Bisabolol,Bisabolol,Soothing Agent,Botanical Derivative,Naturally Derived,Approved,Very Safe,Very Safe,True,0.7294700431764649,Low,Low,True,0.9998931524943419,No Risk,No Risk,True,0.9962560121774586
Snail Secretion Filtrate,Snail Secretion Filtrate,Anti-Aging Agent,Animal Derivative,Animal Derived,Approved,Safe,Safe,True,0.9955817502110551,Low,Low,True,0.9682229742302638,Low,No Risk,False,0.9909579148022111
Zinc Pyrithione,Zinc Pyrithione,Anti-Dandruff Agent,Antimicrobial,Synthetic,Approved,Safe,Safe,True,0.9593281726272149,Low,Low,True,0.9806783303771864,Medium,Low,False,0.575613381448377
Piroctone Olamine,Piroctone Olamine,Anti-Dandruff Agent,Antimicrobial,Synthetic,Approved,Safe,Safe,True,0.764247130549179,Low,Low,True,0.9754743774281712,Low,Medium,False,0.9119153489365726
Selenium Sulfide,Selenium Sulfide,Anti-Dandruff Agent,Antimicrobial,Synthetic,Approved,Moderate Risk,Safe,False,0.9261115752709822,Low,Low,True,0.7626765964881878,Medium,Medium,True,0.8133774267830401
Climbazole,Climbazole,Anti-Dandruff Agent,Antimicrobial,Synthetic,Approved,Safe,Safe,True,0.8441665920494169,Low,Low,True,0.9888287930892663,Medium,Medium,True,0.6281609425637219
Ketoconazole,Ketoconazole,Anti-Dandruff Agent,Antifungal,Synthetic,Restricted,Moderate Risk,Moderate Risk,True,0.6907552278459433,Low,Low,True,0.8184941300224282,Medium,Medium,True,0.9779321661844396
Coal Tar,Coal Tar,Anti-Dandruff Agent,Antimicrobial,Synthetic,Country Restricted,Moderate Risk,Moderate Risk,True,0.9648491063819287,Medium,Low,False,0.884253364730158,Medium,Medium,True,0.9671993169517207
Sodium Fluoride,Sodium Fluoride,Oral Care Ingredient,Mineral,Synthetic,Approved,Safe,Safe,True,0.8923429069347141,Low,Low,True,0.9812396940766013,Low,Low,True,0.717339979261104
Stannous Fluoride,Stannous Fluoride,Oral Care Ingredient,Mineral,Synthetic,Approved,Safe,Safe,True,0.9780937985947162,Low,Low,True,0.9872259044545539,Low,Low,True,0.5106001984908851
Sodium Monofluorophosphate,Sodium Monofluorophosphate,Oral Care Ingredient,Mineral,Synthetic,Approved,Safe,Safe,True,0.9284793620576529,Low,Low,True,0.8955814301575022,Low,Low,True,0.6550467954041634
Hydrated Silica,Hydrated Silica,Abrasive,Mineral,Mineral,Approved,Safe,Safe,True,0.5248529785916811,Low,Low,True,0.9856439796586915,Low,Low,True,0.7574345295496819
Cetylpyridinium Chloride,Cetylpyridinium Chloride,Antimicrobial,Oral Care Ingredient,Synthetic,Approved,Safe,Safe,True,0.804155530162474,Low,Low,True,0.6563723437050485,Low,Low,True,0.836153001501011
Zinc Citrate,Zinc Citrate,Oral Care Ingredient,Mineral,Synthetic,Approved,Safe,Safe,True,0.8972829062071682,Low,Low,True,0.9719729827325838,No Risk,No Risk,True,0.6271304904508913
Potassium Nitrate,Potassium Nitrate,Oral Care Ingredient,Mineral,Synthetic,Approved,Safe,Safe,True,0.9902150416938713,Low,Low,True,0.9933275714939586,No Risk,Low,False,0.7446231965085885
Sodium Saccharin,Sodium Saccharin,Sweetener,Sweetener,Synthetic,Approved,Safe,Safe,True,0.8490059483190266,Low,Low,True,0.9255297431393156,No Risk,Low,False,0.6341480715543882
Calcium Carbonate,Calcium Carbonate,Abrasive,Mineral,Mineral,Approved,Safe,Very Safe,False,0.9147617259321043,Low,Low,True,0.5836665224808062,Low,Medium,False,0.5874146477855005
Sodium Bicarbonate (Baking Soda),Sodium Bicarbonate (Baking Soda),Abrasive,Mineral,Mineral,Approved,Safe,Safe,True,0.6088796621922198,Low,Low,True,0.9629275201565594,Medium,Low,False,0.9748728291972621
Miswak Extract (Salvadora Persica),Miswak Extract (Salvadora Persica),Oral Care Ingredient,Botanical Extract,Natural,Approved,Safe,Safe,True,0.9738659311348971,Low,Low,True,0.9639154509510519,No Risk,No Risk,True,0.7597834819076923
Clove Oil (Syzygium Aromaticum),Clove Oil (Syzygium Aromaticum),Oral Care Ingredient,Essential Oil,Natural,Approved,Moderate Risk,Safe,False,0.9478020944426307,Medium,Medium,True,0.7999644727160744,Medium,No Risk,False,0.8341209594846491
Xylitol (Oral Care),Xylitol,Sweetener,Sugar,Naturally Derived,Approved,Very Safe,Very Safe,True,0.754434980772917,Low,Low,True,0.9744352249327697,No Risk,No Risk,True,0.9891514965264229
Erythritol,Erythritol,Sweetener,Sugar,Naturally Derived,Approved,Very Safe,Very Safe,True,0.7428428516890041,Low,Low,True,0.9374345379229752,No Risk,No Risk,True,0.9869434049703127
Sodium Lauryl Sulfoacetate (Oral),Sodium Lauryl Sulfoacetate,Surfactant,Surfactant,Synthetic,Approved,Safe,Safe,True,0.9189502193869018,Low,Low,True,0.7837861891939975,Medium,Low,False,0.8244939789218751
Cellulose Gum (Oral Care),Cellulose Gum,Thickener,Polymer,Naturally Derived,Approved,Safe,Safe,True,0.7670033843182871,Low,Low,True,0.96813867201022,No Risk,No Risk,True,0.9966967655641473
Titanium Dioxide (Oral Care),Titanium Dioxide,Colorant,Pigment,Mineral,Approved,Safe,Safe,True,0.7254577124531046,Low,Low,True,0.8920615514717717,No Risk,Low,False,0.9806689070809201
Papain,Papain,Exfoliant,Enzyme,Natural,Approved,Safe,Safe,True,0.961177505291981,Medium,Low,False,0.9820631303111778,Medium,Medium,True,0.6930202289182074
Bromelain,Bromelain,Exfoliant,Enzyme,Natural,Approved,Safe,Safe,True,0.976692361695093,Medium,Low,False,0.9835523642969582,Medium,Medium,True,0.8668070927170437
Protease,Protease,Exfoliant,Enzyme,Biotechnology Derived,Approved,Safe,Safe,True,0.6947935288637485,Low,Low,True,0.5855628143903965,Low,No Risk,False,0.6027213275700605
Lipase,Lipase,Conditioning Agent,Enzyme,Biotechnology Derived,Approved,Safe,Safe,True,0.9979606831109226,Low,Low,True,0.9943388760670758,No Risk,No Risk,True,0.9936683234403835
Amylase,Amylase,Exfoliant,Enzyme,Biotechnology Derived,Approved,Safe,Safe,True,0.984485870966068,Low,Low,True,0.6499304358011522,No Risk,Low,False,0.959135910480137
Kaolin,Kaolin,Absorbent,Mineral,Mineral,Approved,Very Safe,Safe,False,0.9895017672603991,Low,Low,True,0.9974893892662636,No Risk,Low,False,0.6903883237411201
Talc,Talc,Absorbent,Mineral,Mineral,Country Restricted,Moderate Risk,Safe,False,0.748737440848196,Low,Low,True,0.9929867906891348,Low,No Risk,False,0.5484204109962123
Silica,Silica,Absorbent,Mineral,Mineral,Approved,Safe,Very Safe,False,0.7817295629640935,Low,Low,True,0.9367318718290747,No Risk,Low,False,0.6199290422441791
Magnesium Sulfate (Epsom Salt),Magnesium Sulfate (Epsom Salt),Thickener,Mineral,Mineral,Approved,Safe,Safe,True,0.830463590297666,Low,Low,True,0.500414049276955,Low,Low,True,0.8361225973231302
Dead Sea Salt,Dead Sea Salt,Exfoliant,Mineral,Mineral,Approved,Safe,Safe,True,0.9916475176956644,Low,Low,True,0.988954244573497,Low,Low,True,0.9404039473423393
Zea Mays Starch (Corn Starch),Zea Mays Starch (Corn Starch),Absorbent,Starch,Natural,Approved,Safe,Safe,True,0.9931629736180846,Low,Low,True,0.9895075201467177,No Risk,No Risk,True,0.9586080415733373
Oryza Sativa Starch (Rice Starch),Oryza Sativa Starch (Rice Starch),Absorbent,Starch,Natural,Approved,Safe,Safe,True,0.9966554619170441,Low,Low,True,0.9986464952153599,No Risk,No Risk,True,0.9968358508393409
Magnesium Stearate,Magnesium Stearate,Binder,Mineral,Synthetic,Approved,Safe,Safe,True,0.9883129183534388,Low,Low,True,0.9996190485444026,No Risk,No Risk,True,0.949972056723812
Zinc Stearate,Zinc Stearate,Binder,Mineral,Synthetic,Approved,Safe,Safe,True,0.9790259500658993,Low,Low,True,0.9995016567845247,No Risk,No Risk,True,0.9878981928722266
Boron Nitride,Boron Nitride,Texturizer,Mineral,Mineral,Approved,Safe,Safe,True,0.8367509526315565,Low,Low,True,0.9887136399791815,No Risk,No Risk,True,0.850302396791896
Nylon-12,Nylon-12,Texturizer,Polymer,Synthetic,Approved,Safe,Safe,True,0.9926872237434269,Low,Low,True,0.9758068325581626,No Risk,No Risk,True,0.9915996907208839
Ceramide NP,Ceramide NP,Skin-Repairing Agent,Lipid,Biotechnology Derived,Approved,Very Safe,Very Safe,True,0.7772891602896489,Low,Low,True,0.9921213505682699,No Risk,No Risk,True,0.9942520562638059
Ceramide AP,Ceramide AP,Skin-Repairing Agent,Lipid,Biotechnology Derived,Approved,Very Safe,Very Safe,True,0.6289536752115096,Low,Low,True,0.9757223751609743,No Risk,No Risk,True,0.9793563297310214
Ceramide EOP,Ceramide EOP,Skin-Repairing Agent,Lipid,Biotechnology Derived,Approved,Very Safe,Very Safe,True,0.5877646301822039,Low,Low,True,0.9799989243096657,No Risk,No Risk,True,0.9588554560281111
Ceramide 3,Ceramide 3,Skin-Repairing Agent,Lipid,Biotechnology Derived,Approved,Very Safe,Very Safe,True,0.9613411513491402,Low,Low,True,0.964911314380162,No Risk,No Risk,True,0.9771158574249086
Phytosphingosine,Phytosphingosine,Skin-Repairing Agent,Lipid,Biotechnology Derived,Approved,Safe,Very Safe,False,0.923537595843379,Low,Low,True,0.9913331729630498,No Risk,No Risk,True,0.9904529297042564
Sphingolipids,Sphingolipids,Skin-Repairing Agent,Lipid,Biotechnology Derived,Approved,Safe,Very Safe,False,0.9561028129117165,Low,Low,True,0.9819270812808882,No Risk,No Risk,True,0.9872247905764455
Cholesterol,Cholesterol,Skin-Repairing Agent,Lipid,Animal Derived,Approved,Safe,Very Safe,False,0.8223914496816337,Low,Low,True,0.7337564848072965,No Risk,No Risk,True,0.6920336465126719
Nitrocellulose,Nitrocellulose,Film Former,Polymer,Synthetic,Approved,Moderate Risk,Safe,False,0.969073350775217,Low,Low,True,0.9122991187183889,Low,No Risk,False,0.674400455271006
Toluenesulfonamide/Formaldehyde Resin,Toluenesulfonamide/Formaldehyde Resin,Film Former,Polymer,Synthetic,Restricted,Moderate Risk,High Risk,False,0.5725224460407601,Medium,Medium,True,0.5680200369670263,Medium,Medium,True,0.9910611608915533
Dibutyl Phthalate,Dibutyl Phthalate,Plasticizer,Polymer,Synthetic,Restricted,Moderate Risk,Moderate Risk,True,0.5751094274211551,Medium,Low,False,0.380403915923645,Low,Medium,False,0.7864323743012072
Acetone,Acetone,Solvent,Solvent,Synthetic,Approved,Moderate Risk,Moderate Risk,True,0.7472240231757645,Low,Low,True,0.9972672202064672,Medium,Medium,True,0.8695132058030521
Ethyl Acetate,Ethyl Acetate,Solvent,Solvent,Synthetic,Approved,Moderate Risk,Moderate Risk,True,0.9364575246816175,Low,Low,True,0.992207227046235,Medium,Medium,True,0.9270172300007212
Butyl Acetate,Butyl Acetate,Solvent,Solvent,Synthetic,Approved,Moderate Risk,Safe,False,0.8004563326162294,Low,Low,True,0.9701796565409698,Medium,Low,False,0.7485417225253731
Tosylamide/Formaldehyde Resin,Tosylamide/Formaldehyde Resin,Film Former,Polymer,Synthetic,Restricted,Moderate Risk,High Risk,False,0.6184292595567109,Medium,High,False,0.7128437422923651,Medium,Medium,True,0.9911143585354043
Adipic Acid/Neopentyl Glycol/Trimellitic Anhydride Copolymer,Adipic Acid/Neopentyl Glycol/Trimellitic Anhydride Copolymer,Film Former,Polymer,Synthetic,Approved,Safe,Safe,True,0.5468768871763771,Low,Low,True,0.9447729210433378,Low,No Risk,False,0.579616278510565
Stearalkonium Bentonite,Stearalkonium Bentonite,Thickener,Mineral,Synthetic,Approved,Safe,Safe,True,0.679077291166449,Low,Low,True,0.9898318673370686,No Risk,Low,False,0.7254524848605249
Trimethyl Pentanyl Diisobutyrate,Trimethyl Pentanyl Diisobutyrate,Plasticizer,Emollient,Synthetic,Approved,Safe,Safe,True,0.9499372855284524,Low,Low,True,0.9762735171664794,Low,Low,True,0.6260954134941341
Camphor (Nail Care),Camphor,Plasticizer,Botanical Derivative,Naturally Derived,Restricted,Moderate Risk,Moderate Risk,True,0.941049830669423,Low,Low,True,0.7466464742620021,Medium,Medium,True,0.8938542439470981
Hydroxypropyl Cellulose,Hydroxypropyl Cellulose,Film Former,Polymer,Naturally Derived,Approved,Safe,Safe,True,0.8885363288203908,Low,Low,True,0.9583071050979108,No Risk,No Risk,True,0.8617060801772546
Calcium Pantothenate (Nail),Calcium Pantothenate,Conditioning Agent,Vitamin,Synthetic,Approved,Safe,Safe,True,0.7233234467099509,Low,Low,True,0.9650828056664208,No Risk,No Risk,True,0.6046075011375036
Aluminum Chlorohydrate,Aluminum Chlorohydrate,Antiperspirant,Mineral Salt,Mineral,Approved,Safe,Safe,True,0.9670584855918511,Low,Low,True,0.9940046527026343,Medium,Medium,True,0.5585384289357554
Aluminum Zirconium Tetrachlorohydrex Gly,Aluminum Zirconium Tetrachlorohydrex Gly,Antiperspirant,Mineral Salt,Mineral,Approved,Safe,Safe,True,0.9143148098541795,Low,Low,True,0.9681307529369633,Medium,Medium,True,0.7957504974830653
Zinc Ricinoleate,Zinc Ricinoleate,Odor Neutralizer,Fatty Acid Salt,Naturally Derived,Approved,Safe,Safe,True,0.9715297278031456,Low,Low,True,0.9896961022393903,No Risk,No Risk,True,0.47954608285021283
Farnesol,Farnesol,Antimicrobial,Fragrance Allergen,Naturally Derived,Approved,Safe,Safe,True,0.9768610101552526,Medium,Low,False,0.7640062238454494,Low,Low,True,0.9863888626457241
Sodium Bicarbonate (Deodorant),Sodium Bicarbonate,Odor Neutralizer,Mineral,Mineral,Approved,Safe,Safe,True,0.9756710257111134,Low,Low,True,0.8941496924067388,Medium,Low,False,0.7398029760555223
Potassium Alum,Potassium Alum,Antiperspirant,Mineral Salt,Mineral,Approved,Safe,Safe,True,0.9958440448638315,Low,Low,True,0.9648705307316934,Low,Low,True,0.48482585699883163
p-Phenylenediamine (PPD),p-Phenylenediamine (PPD),Colorant,Colorant,Synthetic,Restricted,High Risk,High Risk,True,0.9692354383591397,High,High,True,0.9690854162699437,High,High,True,0.5964653774702346
Resorcinol,Resorcinol,Colorant,Colorant,Synthetic,Restricted,Moderate Risk,High Risk,False,0.9722682160268584,Medium,High,False,0.5672409938080827,Medium,Medium,True,0.7287011151289209
Ammonia,Ammonia,Alkalizing Agent,Alkali,Synthetic,Approved,Moderate Risk,Safe,False,0.6781670784576879,Low,Low,True,0.8703305925803196,High,Low,False,0.5580103612970359
Hydrogen Peroxide,Hydrogen Peroxide,Oxidizing Agent,Oxidizer,Synthetic,Restricted,Moderate Risk,Moderate Risk,True,0.678918799842289,Low,High,False,0.5135672283995358,High,High,True,0.7198516480398568
"Toluene-2,5-Diamine","Toluene-2,5-Diamine",Colorant,Colorant,Synthetic,Restricted,Moderate Risk,High Risk,False,0.9765005905203235,High,High,True,0.6556500825834379,Medium,High,False,0.7774604044413209
4-Amino-2-Hydroxytoluene,4-Amino-2-Hydroxytoluene,Colorant,Colorant,Synthetic,Restricted,Moderate Risk,Moderate Risk,True,0.6801664765266738,Medium,Medium,True,0.7155639694125587,Medium,Medium,True,0.9573048908694044
m-Aminophenol,m-Aminophenol,Colorant,Colorant,Synthetic,Restricted,Moderate Risk,High Risk,False,0.6999441097628069,Medium,Medium,True,0.8535929099343177,Medium,Medium,True,0.9799223637372526
2-Amino-4-Hydroxyethylaminoanisole Sulfate,2-Amino-4-Hydroxyethylaminoanisole Sulfate,Colorant,Colorant,Synthetic,Restricted,Moderate Risk,High Risk,False,0.6109578050419837,Medium,Medium,True,0.9149067541090012,Medium,Medium,True,0.9019351218910927
Sodium Metabisulfite (Hair Color),Sodium Metabisulfite (Hair Color),Antioxidant,Antioxidant,Synthetic,Restricted,Moderate Risk,Moderate Risk,True,0.9918989624848905,Medium,Medium,True,0.987542077020005,Medium,Medium,True,0.9446244035922446
Ammonium Thioglycolate,Ammonium Thioglycolate,Reducing Agent,Reducing Agent,Synthetic,Restricted,Moderate Risk,High Risk,False,0.8270305247917382,Medium,Medium,True,0.9136605880496652,High,High,True,0.5334608625264167
Lactic Acid (Intimate Care),Lactic Acid,pH Balancer,Acid,Naturally Derived,Approved,Safe,Safe,True,0.9745181666084503,Low,Low,True,0.9989455826628427,Low,No Risk,False,0.5886042294103724
Sodium Lactate (Intimate Care),Sodium Lactate,Humectant,Salt,Naturally Derived,Approved,Safe,Very Safe,False,0.5875927137068491,Low,No Risk,False,0.6536429514469694,No Risk,Low,False,0.7459141441531634
Lactoserum (Milk Whey),Lactoserum (Milk Whey),Soothing Agent,Protein,Animal Derived,Approved,Safe,Safe,True,0.9822276131228042,Low,Low,True,0.9560460707688043,No Risk,No Risk,True,0.9444562811079295
Fennel Extract (Foeniculum Vulgare),Fennel Extract (Foeniculum Vulgare),Soothing Agent,Botanical Extract,Natural,Approved,Safe,Safe,True,0.9914928238225609,Low,Low,True,0.9495519449482884,No Risk,No Risk,True,0.8215384883263215
Neem Extract (Intimate Care),Neem Extract,Antimicrobial,Botanical Extract,Natural,Approved,Safe,Safe,True,0.9919030124840753,Medium,Low,False,0.9398017731047539,Low,No Risk,False,0.8841729411627368
Turmeric Extract (Intimate Care),Turmeric Extract,Antimicrobial,Botanical Extract,Natural,Approved,Safe,Safe,True,0.9978772179922115,Low,Medium,False,0.7865513240285393,No Risk,Low,False,0.6700564102853255
Sepicalm S (Zinc PCA/Sclerocarya Birrea Extract),Sepicalm S (Zinc PCA/Sclerocarya Birrea Extract),Soothing Agent,Botanical Derivative,Naturally Derived,Approved,Safe,Very Safe,False,0.5719024473676345,Low,Low,True,0.9994298270968076,No Risk,No Risk,True,0.9707009135577039
Zinc Oxide (Baby Care),Zinc Oxide,Skin Protectant,Mineral,Mineral,Approved,Very Safe,Very Safe,True,0.9718704815061129,Low,Low,True,0.9346528990652218,No Risk,Low,False,0.9251193668493924
Petrolatum (Baby Care),Petrolatum,Skin Protectant,Wax,Mineral,Approved,Very Safe,Very Safe,True,0.7642660326796952,Low,Low,True,0.8889615177445536,No Risk,Low,False,0.5662828751280826
Calendula Extract (Baby Care),Calendula Extract,Soothing Agent,Botanical Extract,Natural,Approved,Very Safe,Safe,False,0.6294057950606152,Low,Low,True,0.9854261427470132,No Risk,No Risk,True,0.9788802919752378
Allantoin (Baby Care),Allantoin,Soothing Agent,Botanical Derivative,Synthetic,Approved,Very Safe,Very Safe,True,0.7265001036136641,Low,Low,True,0.9997124167420806,No Risk,Low,False,0.7295833211096528
Cornstarch (Baby Powder),Cornstarch (Baby Powder),Absorbent,Starch,Natural,Approved,Safe,Safe,True,0.9947100472953923,Low,Low,True,0.9928864959703939,No Risk,No Risk,True,0.682567878420233
Menthol (Aftershave),Menthol,Cooling Agent,Cooling Agent,Naturally Derived,Approved,Safe,Safe,True,0.8842626330414016,Low,Low,True,0.9979153478061195,Medium,Low,False,0.9211828716231087
Witch Hazel Extract (Aftershave),Witch Hazel Extract,Astringent,Botanical Extract,Natural,Approved,Safe,Safe,True,0.9869089714757501,Low,Low,True,0.9720796537399092,Low,No Risk,False,0.6820750642833745
Alum (Potassium Aluminum Sulfate),Alum (Potassium Aluminum Sulfate),Astringent,Mineral Salt,Mineral,Approved,Safe,Safe,True,0.8022408711141511,Low,Low,True,0.7468779259507211,Low,Low,True,0.932889919997355
Beard Oil Blend (Argan/Jojoba/Vitamin E),Beard Oil Blend (Argan/Jojoba/Vitamin E),Emollient,Oil Blend,Natural,Approved,Safe,Safe,True,0.9635815747992006,Low,Low,True,0.9658207292821408,No Risk,No Risk,True,0.9674409841365291
Isododecane,Isododecane,Emollient,Emollient,Synthetic,Approved,Safe,Safe,True,0.9944668754565776,Low,Low,True,0.9703855110612618,No Risk,No Risk,True,0.9681720958135809
Trimethylsiloxysilicate (Makeup),Trimethylsiloxysilicate,Film Former,Silicone,Synthetic,Approved,Safe,Safe,True,0.517189992710195,Low,No Risk,False,0.5759332896952529,No Risk,No Risk,True,0.8657276419671133
VP/Eicosene Copolymer,VP/Eicosene Copolymer,Film Former,Polymer,Synthetic,Approved,Safe,Safe,True,0.9925360238100878,Low,Low,True,0.9706370816436071,No Risk,No Risk,True,0.9762300325194974
Aluminum Starch Octenylsuccinate,Aluminum Starch Octenylsuccinate,Texturizer,Starch,Synthetic,Approved,Safe,Safe,True,0.9915748564682383,Low,Low,True,0.9897857900370849,No Risk,No Risk,True,0.9116431191981659
Phenyl Trimethicone (Makeup),Phenyl Trimethicone,Emollient,Silicone,Synthetic,Approved,Safe,Safe,True,0.9814947081632605,Low,No Risk,False,0.7297307445017669,No Risk,No Risk,True,0.8171281584699306
Synthetic Fluorphlogopite,Synthetic Fluorphlogopite,Texturizer,Mineral,Mineral,Approved,Safe,Safe,True,0.999759615418008,Low,Low,True,0.9989459179421725,No Risk,No Risk,True,0.9094157733491445
Calcium Sodium Borosilicate,Calcium Sodium Borosilicate,Texturizer,Mineral,Mineral,Approved,Safe,Safe,True,0.9857309878005527,Low,Low,True,0.969920647421851,No Risk,No Risk,True,0.9592625334605753
Sericite,Sericite,Texturizer,Mineral,Mineral,Approved,Safe,Safe,True,0.8652802702916347,Low,Low,True,0.9954469079056597,No Risk,No Risk,True,0.9958157123647723
Panthenol Triacetate,Panthenol Triacetate,Conditioning Agent,Vitamin,Synthetic,Approved,Safe,Safe,True,0.5460144401342176,Low,Low,True,0.9997562437836285,No Risk,No Risk,True,0.9953672624270108
Glyceryl Oleate,Glyceryl Oleate,Emulsifier,Emulsifier,Naturally Derived,Approved,Safe,Safe,True,0.9338568465652064,Low,Low,True,0.6402702313479057,No Risk,No Risk,True,0.9739646893671129
Glyceryl Linoleate,Glyceryl Linoleate,Emollient,Fatty Ester,Naturally Derived,Approved,Safe,Safe,True,0.9886458632244216,Low,Low,True,0.9973031880212186,No Risk,No Risk,True,0.9988488101397822
PEG-40 Hydrogenated Castor Oil,PEG-40 Hydrogenated Castor Oil,Solubilizer,Emulsifier,Synthetic,Approved,Safe,Safe,True,0.9964730759122357,Low,Low,True,0.9922151461847176,Low,Low,True,0.9508489664814919
PEG-60 Hydrogenated Castor Oil,PEG-60 Hydrogenated Castor Oil,Solubilizer,Emulsifier,Synthetic,Approved,Safe,Safe,True,0.9992361713092094,Low,Low,True,0.9982135062725358,Low,No Risk,False,0.9359406618694842
Polysorbate 60,Polysorbate 60,Emulsifier,Surfactant,Synthetic,Approved,Safe,Safe,True,0.9901970313916881,Low,No Risk,False,0.7225734414971551,No Risk,Low,False,0.9772686685100143
Sorbitan Laurate,Sorbitan Laurate,Emulsifier,Surfactant,Naturally Derived,Approved,Safe,Safe,True,0.9866500106277531,Low,Low,True,0.9054748040222069,No Risk,Low,False,0.8994894448249693
Steareth-21,Steareth-21,Emulsifier,Emulsifier,Synthetic,Approved,Safe,Safe,True,0.9996109361634498,Low,Low,True,0.9991774067542231,No Risk,No Risk,True,0.9892032385077156
Ceteareth-25,Ceteareth-25,Emulsifier,Emulsifier,Synthetic,Approved,Safe,Safe,True,0.9886837464106364,Low,Low,True,0.8328387579112849,No Risk,No Risk,True,0.7297545414715234
Oleth-20,Oleth-20,Emulsifier,Emulsifier,Synthetic,Approved,Safe,Safe,True,0.999148397340196,Low,Low,True,0.9991055653616849,No Risk,No Risk,True,0.8489389621730289
Laureth-4,Laureth-4,Emulsifier,Emulsifier,Synthetic,Approved,Safe,Safe,True,0.9998044933627132,Low,Low,True,0.9968762485986765,Low,No Risk,False,0.9800668958867946
Laureth-23,Laureth-23,Emulsifier,Emulsifier,Synthetic,Approved,Safe,Safe,True,0.9991233243915927,Low,Low,True,0.9976353271111125,No Risk,Low,False,0.7412467222283196
PPG-26-Buteth-26,PPG-26-Buteth-26,Solubilizer,Emulsifier,Synthetic,Approved,Safe,Safe,True,0.9995907528695969,Low,Low,True,0.9986322043929406,No Risk,Low,False,0.8986163615637683
PEG-40 Stearate,PEG-40 Stearate,Emulsifier,Emulsifier,Synthetic,Approved,Safe,Safe,True,0.9721492183558199,Low,Low,True,0.9926999443947272,No Risk,No Risk,True,0.9851612366137183
Glycol Distearate,Glycol Distearate,Pearlizing Agent,Emollient,Synthetic,Approved,Safe,Safe,True,0.9903922784151363,Low,Low,True,0.9406402016396842,No Risk,No Risk,True,0.6751614661647101
Glycol Stearate,Glycol Stearate,Pearlizing Agent,Emollient,Synthetic,Approved,Safe,Safe,True,0.9896409365635427,Low,Low,True,0.9560205768802944,No Risk,No Risk,True,0.9956106574300553
Cocamide DIPA,Cocamide DIPA,Foam Booster,Surfactant,Synthetic,Approved,Safe,Safe,True,0.9866969696254204,Medium,Low,False,0.5695924413218048,Low,Low,True,0.9482284651554288
Myristamine Oxide,Myristamine Oxide,Foam Booster,Surfactant,Synthetic,Approved,Safe,Safe,True,0.9942274052668919,Low,Low,True,0.9657723887591331,Low,Low,True,0.7913175977551306
Lauramine Oxide,Lauramine Oxide,Foam Booster,Surfactant,Synthetic,Approved,Safe,Safe,True,0.9809375566418659,Low,Low,True,0.7621929560237409,Low,Low,True,0.7779223298073005
Cocamidopropyl Betaine (Baby),Cocamidopropyl Betaine,Surfactant,Surfactant,Naturally Derived,Approved,Safe,Safe,True,0.8834393223348288,Low,Low,True,0.9989644239520227,Low,Low,True,0.8741248787369009
Sodium Hydroxymethylglycinate,Sodium Hydroxymethylglycinate,Preservative,Preservative,Synthetic,Approved,Safe,Safe,True,0.9239745954556843,Low,Low,True,0.9273929320835338,Low,Low,True,0.9066150778978744
Iodopropynyl Butylcarbamate,Iodopropynyl Butylcarbamate,Preservative,Preservative,Synthetic,Restricted,Moderate Risk,High Risk,False,0.8804480261967993,Medium,Medium,True,0.9532480427788677,Medium,Medium,True,0.9805246684437562
Benzalkonium Chloride,Benzalkonium Chloride,Preservative,Preservative,Synthetic,Approved,Moderate Risk,Safe,False,0.923272107198105,Medium,Low,False,0.9758890746217777,Medium,Low,False,0.8953533740483194
Undecylenamidopropyl Betaine,Undecylenamidopropyl Betaine,Antimicrobial,Surfactant,Naturally Derived,Approved,Safe,Safe,True,0.9992550782470672,Low,Low,True,0.9897323013990394,Low,No Risk,False,0.6172698129471053
Capryloyl Glycine,Capryloyl Glycine,Preservative Booster,Amino Acid Derivative,Synthetic,Approved,Safe,Safe,True,0.9906863497790168,Low,Low,True,0.9751191236262167,No Risk,No Risk,True,0.7652238752799303
Undecylenoyl Glycine,Undecylenoyl Glycine,Preservative Booster,Amino Acid Derivative,Synthetic,Approved,Safe,Safe,True,0.9966137347098531,Low,Low,True,0.9980888488126085,No Risk,No Risk,True,0.9442171869838141
Sodium Surfactin,Sodium Surfactin,Cleansing Agent,Biosurfactant,Biotechnology Derived,Approved,Safe,Safe,True,0.9279493595563408,Low,Low,True,0.9847220160481832,No Risk,No Risk,True,0.8797432528037047
Alkyl Polyglucoside,Alkyl Polyglucoside,Surfactant,Surfactant,Naturally Derived,Approved,Safe,Safe,True,0.9388935785712083,Low,Low,True,0.996018742038495,Low,Low,True,0.5738668448235463
Sodium Cocoamphoacetate,Sodium Cocoamphoacetate,Surfactant,Surfactant,Naturally Derived,Approved,Safe,Safe,True,0.82439240982361,Low,Low,True,0.9774014539555563,Low,Medium,False,0.5347435198211378
PEG-20 Glyceryl Triisostearate,PEG-20 Glyceryl Triisostearate,Solubilizer,Emulsifier,Synthetic,Approved,Safe,Safe,True,0.998278570297579,Low,Low,True,0.9986519116772062,No Risk,No Risk,True,0.9955991244931893
Polyglyceryl-10 Laurate,Polyglyceryl-10 Laurate,Emulsifier,Emulsifier,Naturally Derived,Approved,Safe,Safe,True,0.9975580376907028,Low,Low,True,0.9625994091601893,No Risk,No Risk,True,0.8214757299101734
Isoamyl Laurate,Isoamyl Laurate,Emollient,Emollient,Naturally Derived,Approved,Safe,Safe,True,0.9991035789787742,Low,Low,True,0.9676182081458364,No Risk,No Risk,True,0.9869665050340432
Isopropyl Lauroyl Sarcosinate,Isopropyl Lauroyl Sarcosinate,Emollient,Emollient,Naturally Derived,Approved,Safe,Safe,True,0.9991158202444844,Low,Low,True,0.9937964670371131,No Risk,No Risk,True,0.9918354220465915
Neopentyl Glycol Dicaprylate/Dicaprate,Neopentyl Glycol Dicaprylate/Dicaprate,Emollient,Emollient,Synthetic,Approved,Safe,Safe,True,0.9996767515432785,Low,Low,True,0.989440701079502,No Risk,No Risk,True,0.9653276514789506
Diethylhexyl Succinate,Diethylhexyl Succinate,Emollient,Emollient,Synthetic,Approved,Safe,Safe,True,0.9999282023924593,Low,Low,True,0.989370969770524,No Risk,No Risk,True,0.9479830311011035
Diethylhexyl Carbonate,Diethylhexyl Carbonate,Emollient,Emollient,Synthetic,Approved,Safe,Safe,True,0.9999354874907963,Low,Low,True,0.9942248559079218,No Risk,No Risk,True,0.9330267865300367
Triethylhexanoin,Triethylhexanoin,Emollient,Emollient,Synthetic,Approved,Safe,Safe,True,0.9978162567561306,Low,Low,True,0.9014076462522556,No Risk,No Risk,True,0.6052586952817834
Trioctyldodecyl Citrate,Trioctyldodecyl Citrate,Emollient,Emollient,Synthetic,Approved,Safe,Safe,True,0.9982465820620302,Low,Low,True,0.9557869624676346,No Risk,No Risk,True,0.9158736027135268
Caprylyl Caprylate/Caprate,Caprylyl Caprylate/Caprate,Emollient,Emollient,Naturally Derived,Approved,Safe,Safe,True,0.9988686391789305,Low,Low,True,0.9769408808531154,No Risk,No Risk,True,0.9954556662863708
Cetyl PEG/PPG-10/1 Dimethicone,Cetyl PEG/PPG-10/1 Dimethicone,Emulsifier,Silicone,Synthetic,Approved,Safe,Safe,True,0.9561620515571057,Low,Low,True,0.9655504239347089,No Risk,No Risk,True,0.9219665991273607
Polyacrylate-13,Polyacrylate-13,Emulsifier,Polymer,Synthetic,Approved,Safe,Safe,True,0.993734805598097,Low,Low,True,0.9790926227871655,No Risk,No Risk,True,0.981968290401297
Polyisobutene,Polyisobutene,Film Former,Polymer,Synthetic,Approved,Safe,Safe,True,0.9070476961870083,Low,Low,True,0.9904443727453215,No Risk,No Risk,True,0.9810155999001473
Trimethylolpropane Triisostearate,Trimethylolpropane Triisostearate,Emollient,Emollient,Synthetic,Approved,Safe,Safe,True,0.9990858708509847,Low,Low,True,0.9961765947960587,No Risk,No Risk,True,0.9879607857861005
Diisostearyl Malate,Diisostearyl Malate,Emollient,Emollient,Synthetic,Approved,Safe,Safe,True,0.9989820091930918,Low,Low,True,0.9915511924016839,No Risk,No Risk,True,0.972053514407281
Hydrogenated Polyisobutene,Hydrogenated Polyisobutene,Emollient,Emollient,Synthetic,Approved,Safe,Safe,True,0.9993269410362313,Low,Low,True,0.9952201022450374,No Risk,No Risk,True,0.6234702405645983
Polybutene (Cosmetic Grade),Polybutene,Emollient,Emollient,Synthetic,Approved,Safe,Safe,True,0.9976993038258128,Low,Low,True,0.9706764288071867,No Risk,No Risk,True,0.8037145485854809
Ozokerite (Cosmetic Grade),Ozokerite,Occlusive,Wax,Mineral,Approved,Safe,Safe,True,0.9847791814281145,Low,Low,True,0.9731278960510563,No Risk,No Risk,True,0.890990766441167
Synthetic Wax,Synthetic Wax,Texturizer,Wax,Synthetic,Approved,Safe,Safe,True,0.9981144835262713,Low,Low,True,0.9970129243737689,No Risk,No Risk,True,0.9913197313334249
Polyethylene,Polyethylene,Exfoliant,Polymer,Synthetic,Country Restricted,Moderate Risk,Safe,False,0.9119245729814732,Low,Medium,False,0.8887640085517328,Low,Medium,False,0.5155947834777198
Jojoba Esters,Jojoba Esters,Exfoliant,Wax Ester,Naturally Derived,Approved,Safe,Safe,True,0.9393859092032582,Low,Low,True,0.9922511984282796,No Risk,Medium,False,0.5156337902379082
Walnut Shell Powder (Juglans Regia Shell Powder),Walnut Shell Powder (Juglans Regia Shell Powder),Exfoliant,Botanical Extract,Natural,Approved,Safe,Safe,True,0.9976491197444889,Medium,Low,False,0.5963601547543519,Medium,Low,False,0.7662312001240559
Apricot Seed Powder (Prunus Armeniaca Seed Powder),Apricot Seed Powder (Prunus Armeniaca Seed Powder),Exfoliant,Botanical Extract,Natural,Approved,Safe,Safe,True,0.9921755729905327,Medium,Low,False,0.9285599242242617,Medium,Low,False,0.8595770619076926
Bamboo Powder (Bambusa Vulgaris Powder),Bamboo Powder (Bambusa Vulgaris Powder),Exfoliant,Botanical Extract,Natural,Approved,Safe,Safe,True,0.9831379931037734,Low,Medium,False,0.5225539515084628,Low,Medium,False,0.6945830546148615
Rice Bran Powder (Oryza Sativa Bran Powder),Rice Bran Powder (Oryza Sativa Bran Powder),Exfoliant,Botanical Extract,Natural,Approved,Safe,Safe,True,0.9869952680278803,Low,Medium,False,0.6341191784598461,Low,Low,True,0.5407650494488306
Coffee Seed Powder (Coffea Arabica Seed Powder),Coffee Seed Powder (Coffea Arabica Seed Powder),Exfoliant,Botanical Extract,Natural,Approved,Safe,Safe,True,0.9943184053138102,Low,Medium,False,0.5646546864141556,Low,Low,True,0.5330891388793999
Sugar (Saccharum Officinarum Extract),Sugar (Saccharum Officinarum Extract),Exfoliant,Sugar,Natural,Approved,Safe,Safe,True,0.948977026776993,Low,Low,True,0.7681477876210332,Low,Low,True,0.4900125088543904
Sea Salt (Maris Sal),Sea Salt (Maris Sal),Exfoliant,Mineral,Mineral,Approved,Safe,Safe,True,0.9620461647898614,Low,Low,True,0.9718723285998463,Medium,Low,False,0.6033287913898862
Pumice Powder,Pumice Powder,Exfoliant,Mineral,Mineral,Approved,Safe,Safe,True,0.9487816180702484,Low,Low,True,0.9892101412759137,Medium,Low,False,0.8060142387197515
Diatomaceous Earth,Diatomaceous Earth,Absorbent,Mineral,Mineral,Approved,Safe,Safe,True,0.7719114213594561,Low,Low,True,0.9927292357101647,Low,Low,True,0.9550998367581536
Activated Charcoal (Charcoal Powder),Activated Charcoal (Charcoal Powder),Absorbent,Mineral,Natural,Approved,Safe,Safe,True,0.974886430476731,Low,Low,True,0.5788109435275309,Low,Low,True,0.842856043579031
Volcanic Ash,Volcanic Ash,Absorbent,Mineral,Mineral,Approved,Safe,Safe,True,0.9708754608033813,Low,Low,True,0.9914067695706801,Low,Low,True,0.6717037393412305
Rhassoul Clay (Moroccan Lava Clay),Rhassoul Clay (Moroccan Lava Clay),Absorbent,Mineral,Mineral,Approved,Safe,Safe,True,0.9783333360065835,Low,Low,True,0.9921061265216837,Low,Low,True,0.8790081691170787
French Green Clay (Illite),French Green Clay (Illite),Absorbent,Mineral,Mineral,Approved,Safe,Safe,True,0.7138728475501258,Low,Low,True,0.9933777272327858,Low,Low,True,0.6894414201426193
Sodium Cocoyl Apple Amino Acids,Sodium Cocoyl Apple Amino Acids,Cleansing Agent,Surfactant,Naturally Derived,Approved,Safe,Safe,True,0.9901645983922996,Low,Low,True,0.9989350136064907,No Risk,No Risk,True,0.9072127703437644
Disodium Cocoyl Glutamate,Disodium Cocoyl Glutamate,Cleansing Agent,Surfactant,Naturally Derived,Approved,Safe,Safe,True,0.9987984373391461,Low,Low,True,0.9392299557939662,No Risk,No Risk,True,0.5710819608821518
Sodium Cocoamphoacetate (Baby),Sodium Cocoamphoacetate,Surfactant,Surfactant,Naturally Derived,Approved,Safe,Safe,True,0.9954203991223417,Low,Low,True,0.9947844989512289,Low,Low,True,0.8762880005847682
Glucamate SSE-20,Glucamate SSE-20,Emulsifier,Emulsifier,Synthetic,Approved,Safe,Safe,True,0.9969977752563055,Low,Low,True,0.7719493696675248,No Risk,Low,False,0.7179048992834361
Sodium Acrylates Copolymer,Sodium Acrylates Copolymer,Thickener,Polymer,Synthetic,Approved,Safe,Safe,True,0.9994833767817057,Low,Low,True,0.9968974106172662,No Risk,No Risk,True,0.9838142093319391
Acrylates/Steareth-20 Methacrylate Copolymer,Acrylates/Steareth-20 Methacrylate Copolymer,Thickener,Polymer,Synthetic,Approved,Safe,Safe,True,0.997356367363831,Low,Low,True,0.9977018077560703,No Risk,No Risk,True,0.9942203229642542
Ammonium Acryloyldimethyltaurate/VP Copolymer,Ammonium Acryloyldimethyltaurate/VP Copolymer,Thickener,Polymer,Synthetic,Approved,Safe,Safe,True,0.9991173834711201,Low,Low,True,0.9984771760466176,No Risk,No Risk,True,0.9969292882613028
Polyacrylamide,Polyacrylamide,Film Former,Polymer,Synthetic,Approved,Safe,Safe,True,0.9630052838249806,Low,Low,True,0.9616826111244948,No Risk,No Risk,True,0.9102832894380477
C13-14 Isoparaffin,C13-14 Isoparaffin,Solvent,Emollient,Synthetic,Approved,Safe,Safe,True,0.9975651563575116,Low,Low,True,0.9984257942157988,No Risk,No Risk,True,0.8227020074498339
Laureth-7,Laureth-7,Emulsifier,Emulsifier,Synthetic,Approved,Safe,Safe,True,0.9994165079544635,Low,Low,True,0.9988990476918195,Low,No Risk,False,0.9913626244482094
PPG-1-PEG-9 Lauryl Glycol Ether,PPG-1-PEG-9 Lauryl Glycol Ether,Solubilizer,Emulsifier,Synthetic,Approved,Safe,Safe,True,0.9884349850996537,Low,Low,True,0.9938883710568044,No Risk,Low,False,0.9205239946211756
Poloxamer 407,Poloxamer 407,Solubilizer,Polymer,Synthetic,Approved,Safe,Safe,True,0.9955913301473918,Low,Low,True,0.9972762452564852,No Risk,No Risk,True,0.9992644416404326
Poloxamer 184,Poloxamer 184,Solubilizer,Polymer,Synthetic,Approved,Safe,Safe,True,0.989559481157716,Low,Low,True,0.9916965869334959,No Risk,No Risk,True,0.9280816946765372
Hydroxyacetophenone,Hydroxyacetophenone,Preservative Booster,Antioxidant,Synthetic,Approved,Safe,Safe,True,0.9990627378015842,Low,Low,True,0.9974242493228863,Low,No Risk,False,0.9908373481667226
Glyceryl Caprate,Glyceryl Caprate,Preservative Booster,Emollient,Naturally Derived,Approved,Safe,Safe,True,0.9910788865357116,Low,Low,True,0.9993787893201095,No Risk,No Risk,True,0.9999267121953216
Glyceryl Cocoate,Glyceryl Cocoate,Emollient,Emollient,Naturally Derived,Approved,Safe,Safe,True,0.9968318183287244,Low,Low,True,0.9771814984515335,No Risk,No Risk,True,0.9922841407700947
Cetearyl Isononanoate,Cetearyl Isononanoate,Emollient,Emollient,Synthetic,Approved,Safe,Safe,True,0.9988584672079541,Low,Low,True,0.9020288421340648,No Risk,No Risk,True,0.632458788684668
Isodecyl Neopentanoate,Isodecyl Neopentanoate,Emollient,Emollient,Synthetic,Approved,Safe,Safe,True,0.9981635366394234,Low,Low,True,0.9366764495867771,No Risk,No Risk,True,0.7876827957692449
Diisostearyl Fumarate,Diisostearyl Fumarate,Emollient,Emollient,Synthetic,Approved,Safe,Safe,True,0.9983986274777951,Low,Low,True,0.9553984505722182,No Risk,No Risk,True,0.7717066461590707
Beeswax Derivative (Cera Alba Comb),Beeswax Derivative (Cera Alba Comb),Emollient,Wax,Natural,Approved,Safe,Safe,True,0.9992219068121729,Medium,Low,False,0.9449354643398179,No Risk,No Risk,True,0.9644555404729346
Copernicia Cerifera Cera (Carnauba),Copernicia Cerifera Cera (Carnauba),Texturizer,Wax,Natural,Approved,Safe,Safe,True,0.9980457879879602,Low,Low,True,0.9913360728496025,No Risk,No Risk,True,0.999678729726647
Euphorbia Cerifera Cera (Candelilla),Euphorbia Cerifera Cera (Candelilla),Texturizer,Wax,Natural,Approved,Safe,Safe,True,0.998426612430474,Low,Low,True,0.9861291833116869,No Risk,No Risk,True,0.9984337112313856
Polyethylene Wax,Polyethylene Wax,Texturizer,Wax,Synthetic,Country Restricted,Safe,Safe,True,0.8653508691416895,Low,Low,True,0.9917716524840696,No Risk,No Risk,True,0.977876368962269
Synthetic Beeswax,Synthetic Beeswax,Texturizer,Wax,Synthetic,Approved,Safe,Safe,True,0.9998610065263761,Low,Low,True,0.9734136130650848,No Risk,No Risk,True,0.9991011348086665
Rice Wax (Oryza Sativa Cera),Rice Wax (Oryza Sativa Cera),Texturizer,Wax,Natural,Approved,Safe,Safe,True,0.9998135527712232,Low,Low,True,0.9842076042155236,No Risk,No Risk,True,0.9989769379708349
Sunflower Seed Wax,Sunflower Seed Wax,Texturizer,Wax,Natural,Approved,Safe,Safe,True,0.9988607683076667,Low,Low,True,0.9230546649731407,No Risk,No Risk,True,0.9982222708225598
Jojoba Wax (Hydrogenated Jojoba Oil),Jojoba Wax (Hydrogenated Jojoba Oil),Emollient,Wax,Natural,Approved,Safe,Safe,True,0.9854508012573929,Low,Low,True,0.9631474945544802,No Risk,No Risk,True,0.9838875304013508
Polyglyceryl-2 Triisostearate,Polyglyceryl-2 Triisostearate,Emulsifier,Emulsifier,Synthetic,Approved,Safe,Safe,True,0.9992695053209035,Low,Low,True,0.945152619036068,No Risk,No Risk,True,0.8343828512963255
Polyglyceryl-3 Polyricinoleate,Polyglyceryl-3 Polyricinoleate,Emulsifier,Emulsifier,Naturally Derived,Approved,Safe,Safe,True,0.9741065812385507,Low,Low,True,0.9938755423289136,No Risk,No Risk,True,0.9876239856853778
Aluminum Hydroxide,Aluminum Hydroxide,Texturizer,Mineral,Mineral,Approved,Safe,Safe,True,0.9847807174646269,Low,Low,True,0.9847199603310833,No Risk,No Risk,True,0.9479491423738676
Triethoxycaprylylsilane,Triethoxycaprylylsilane,Surface Treatment,Silicone,Synthetic,Approved,Safe,Safe,True,0.9171820745307575,Low,Low,True,0.8713762415379207,No Risk,No Risk,True,0.9319153966524526
Stearic Acid Coated Titanium Dioxide,Stearic Acid Coated Titanium Dioxide,UV Filter,UV Filter,Mineral,Approved,Safe,Safe,True,0.9541322688046744,Low,Low,True,0.9432300195940349,Low,Low,True,0.9390004649536862
Dimethicone/Vinyl Dimethicone Crosspolymer,Dimethicone/Vinyl Dimethicone Crosspolymer,Texturizer,Silicone,Synthetic,Approved,Safe,Safe,True,0.9932457591241206,Low,Low,True,0.9930741449202461,No Risk,No Risk,True,0.9869100204314704
Peg-9 Polydimethylsiloxyethyl Dimethicone,Peg-9 Polydimethylsiloxyethyl Dimethicone,Emulsifier,Silicone,Synthetic,Approved,Safe,Safe,True,0.5170760076598377,Low,No Risk,False,0.5976435514080045,No Risk,Low,False,0.8182758715725585
Disteardimonium Hectorite,Disteardimonium Hectorite,Thickener,Mineral,Mineral,Approved,Safe,Safe,True,0.8672765738016711,Low,Low,True,0.9375789122859731,No Risk,No Risk,True,0.7242895961274562
Silica Dimethyl Silylate,Silica Dimethyl Silylate,Texturizer,Silica,Synthetic,Approved,Safe,Safe,True,0.998700025101735,Low,Low,True,0.9933872275508929,No Risk,No Risk,True,0.9197194665271587
Hydrogen Dimethicone,Hydrogen Dimethicone,Emollient,Silicone,Synthetic,Approved,Safe,Safe,True,0.8447147038415038,Low,No Risk,False,0.5341636442951857,No Risk,Low,False,0.8428370184427544
Iron Oxides (Natural),Iron Oxides (Natural),Colorant,Pigment,Mineral,Approved,Safe,Safe,True,0.8593341286577304,Low,Low,True,0.9844106704960482,Low,No Risk,False,0.9077551613508914
Carmine (CI 75470),Carmine (CI 75470),Colorant,Pigment,Animal Derived,Approved,Moderate Risk,Safe,False,0.9997823285331953,Medium,Low,False,0.8561799942754632,Low,Low,True,0.7937806651436797
Guanine (Fish Scale Pearl Pigment),Guanine (Fish Scale Pearl Pigment),Colorant,Pigment,Animal Derived,Approved,Safe,Safe,True,0.9898205324195054,Low,Medium,False,0.628674202839048,No Risk,Low,False,0.5851646366077711
Calcium Carbonate (Cosmetic Grade),Calcium Carbonate,Texturizer,Mineral,Mineral,Approved,Safe,Safe,True,0.6779389097453953,Low,Low,True,0.9409105195093442,No Risk,No Risk,True,0.966868944796312
Magnesium Carbonate,Magnesium Carbonate,Absorbent,Mineral,Mineral,Approved,Safe,Safe,True,0.9787078403976742,Low,Low,True,0.9983051469950275,No Risk,Low,False,0.7162623103511562
Zinc Laurate,Zinc Laurate,Texturizer,Fatty Acid Salt,Synthetic,Approved,Safe,Safe,True,0.9978684264041581,Low,Low,True,0.99945906733537,No Risk,No Risk,True,0.9950139389404428
Isopropyl Titanium Triisostearate,Isopropyl Titanium Triisostearate,Surface Treatment,Emollient,Synthetic,Approved,Safe,Safe,True,0.9992414170985127,Low,Low,True,0.9932606132765167,No Risk,No Risk,True,0.9512655199710197
Octenylsuccinate Starch,Octenylsuccinate Starch,Texturizer,Starch,Naturally Derived,Approved,Safe,Safe,True,0.8733538857452788,Low,Low,True,0.9782638278424333,No Risk,No Risk,True,0.9915399250551904
Tapioca Starch (Manihot Esculenta Starch),Tapioca Starch (Manihot Esculenta Starch),Absorbent,Starch,Natural,Approved,Safe,Safe,True,0.9959745431748718,Low,Low,True,0.994390773309867,No Risk,No Risk,True,0.9974054520286164
Potato Starch (Solanum Tuberosum Starch),Potato Starch (Solanum Tuberosum Starch),Absorbent,Starch,Natural,Approved,Safe,Safe,True,0.9950707896971699,Low,Low,True,0.9891905270595021,No Risk,No Risk,True,0.9876117492611491
Cyclodextrin,Cyclodextrin,Odor Neutralizer,Polymer,Naturally Derived,Approved,Safe,Safe,True,0.5925440906064653,Low,Low,True,0.8706370826398018,No Risk,No Risk,True,0.5667035052088117
Sodium Hyaluronate Crosspolymer (Sheet Mask),Sodium Hyaluronate Crosspolymer,Humectant,Polymer,Biotechnology Derived,Approved,Safe,Safe,True,0.9719959140047288,No Risk,No Risk,True,0.8733664150844602,No Risk,No Risk,True,0.9935845996069966
Hydrolyzed Hyaluronic Acid,Hydrolyzed Hyaluronic Acid,Humectant,Polymer,Biotechnology Derived,Approved,Safe,Safe,True,0.8351957653206795,No Risk,No Risk,True,0.6636014441943255,No Risk,No Risk,True,0.9933913658840227
Sodium Acetylated Hyaluronate,Sodium Acetylated Hyaluronate,Humectant,Polymer,Biotechnology Derived,Approved,Safe,Safe,True,0.7937164059948981,No Risk,No Risk,True,0.8997225826679967,No Risk,No Risk,True,0.9985895660333305
Superoxide Dismutase,Superoxide Dismutase,Antioxidant,Enzyme,Biotechnology Derived,Approved,Safe,Safe,True,0.9922825903635036,Low,Low,True,0.9837774423012666,No Risk,No Risk,True,0.904923987901698
Glutathione,Glutathione,Brightening Agent,Antioxidant,Biotechnology Derived,Approved,Safe,Safe,True,0.9920715977769506,Low,Low,True,0.9686134305712948,No Risk,Low,False,0.9895478174926206
L-Ascorbic Acid,L-Ascorbic Acid,Antioxidant,Vitamin,Synthetic,Approved,Safe,Safe,True,0.8319719403728125,Low,Low,True,0.7641001143148854,Medium,Low,False,0.7410710717573037
3-O-Ethyl Ascorbic Acid,3-O-Ethyl Ascorbic Acid,Antioxidant,Vitamin,Synthetic,Approved,Safe,Safe,True,0.9896840440922813,Low,Low,True,0.9760855329192658,Low,Low,True,0.9098819220043616
Tetrahexyldecyl Ascorbate,Tetrahexyldecyl Ascorbate,Antioxidant,Vitamin,Synthetic,Approved,Safe,Very Safe,False,0.7616827622569022,Low,Low,True,0.8568223022851474,Low,Low,True,0.523040363563756
Idebenone,Idebenone,Antioxidant,Antioxidant,Synthetic,Approved,Safe,Safe,True,0.9966364006829623,Low,Low,True,0.9960036647272493,Low,Low,True,0.6083125148722051
Caffeine,Caffeine,Anti-Aging Agent,Alkaloid,Naturally Derived,Approved,Safe,Safe,True,0.9728941250208805,Low,Low,True,0.9870507068770218,Low,Low,True,0.6323179542126762
Theobromine,Theobromine,Conditioning Agent,Alkaloid,Naturally Derived,Approved,Safe,Safe,True,0.9981185020183426,Low,Low,True,0.9984512744599013,No Risk,No Risk,True,0.7989193281182257
Guarana Extract (Paullinia Cupana Seed Extract),Guarana Extract (Paullinia Cupana Seed Extract),Anti-Aging Agent,Botanical Extract,Natural,Approved,Safe,Safe,True,0.9740765011174911,Low,Low,True,0.7179375536768543,No Risk,Low,False,0.9569096291793375
Spirulina Extract (Arthrospira Platensis Extract),Spirulina Extract (Arthrospira Platensis Extract),Antioxidant,Algae Extract,Natural,Approved,Safe,Safe,True,0.9965938638001833,Low,Low,True,0.9917102945475086,No Risk,No Risk,True,0.9480815986934997
Chlorella Vulgaris Extract,Chlorella Vulgaris Extract,Antioxidant,Algae Extract,Natural,Approved,Safe,Safe,True,0.9960570008784166,Low,Low,True,0.9533053040274535,No Risk,No Risk,True,0.7607984020038837
Laminaria Extract (Seaweed Extract),Laminaria Extract (Seaweed Extract),Humectant,Algae Extract,Natural,Approved,Safe,Safe,True,0.9974319015243243,Low,Low,True,0.9902793738250667,No Risk,No Risk,True,0.9943193315520882
Ascophyllum Nodosum Extract (Brown Algae),Ascophyllum Nodosum Extract (Brown Algae),Humectant,Algae Extract,Natural,Approved,Safe,Safe,True,0.9936643273413334,Low,Low,True,0.9704590625487383,No Risk,No Risk,True,0.9831373743283383
Spirulina Platensis Extract,Spirulina Platensis Extract,Antioxidant,Algae Extract,Natural,Approved,Safe,Safe,True,0.995537267895374,Low,Low,True,0.9841159734005205,No Risk,No Risk,True,0.9402647205356456
Yeast Extract (Faex Extract),Yeast Extract (Faex Extract),Conditioning Agent,Biotechnology Derivative,Biotechnology Derived,Approved,Safe,Safe,True,0.9996291069886735,Low,Low,True,0.9997294660199902,No Risk,No Risk,True,0.9997821012711762
Saccharomyces Ferment Filtrate,Saccharomyces Ferment Filtrate,Anti-Aging Agent,Biotechnology Derivative,Biotechnology Derived,Approved,Safe,Safe,True,0.9927622581300032,Low,Low,True,0.9959485739556747,No Risk,No Risk,True,0.9725239401878353
Bifida Ferment Lysate,Bifida Ferment Lysate,Anti-Aging Agent,Biotechnology Derivative,Biotechnology Derived,Approved,Safe,Safe,True,0.987188040104162,Low,Low,True,0.9895893041722981,No Risk,No Risk,True,0.9787774861046987
Galactomyces Ferment Filtrate,Galactomyces Ferment Filtrate,Brightening Agent,Biotechnology Derivative,Biotechnology Derived,Approved,Safe,Safe,True,0.9912587130057546,Low,Low,True,0.989804936860829,No Risk,No Risk,True,0.9945900066404755
Lactobacillus/Rice Ferment Filtrate,Lactobacillus/Rice Ferment Filtrate,Brightening Agent,Biotechnology Derivative,Biotechnology Derived,Approved,Safe,Safe,True,0.9899901432509913,Low,Low,True,0.9951249204401826,No Risk,No Risk,True,0.9766979320216033
Sodium Cocoyl Amino Acids,Sodium Cocoyl Amino Acids,Cleansing Agent,Surfactant,Naturally Derived,Approved,Safe,Safe,True,0.9394460800547292,Low,Low,True,0.9987339852041731,No Risk,No Risk,True,0.6799850865044381
Sodium Lauroyl Oat Amino Acids,Sodium Lauroyl Oat Amino Acids,Cleansing Agent,Surfactant,Naturally Derived,Approved,Safe,Safe,True,0.9969432875487241,Low,Low,True,0.998415345773744,No Risk,No Risk,True,0.7666422184584288
Potassium Sorbate (Baby),Potassium Sorbate,Preservative,Preservative,Synthetic,Approved,Safe,Safe,True,0.9536399300030471,Low,Low,True,0.9916344106259212,Low,Low,True,0.7694237564638752
Sodium Benzoate (Baby),Sodium Benzoate,Preservative,Preservative,Synthetic,Approved,Safe,Safe,True,0.761421163942251,Low,Low,True,0.8722378754921705,Low,Low,True,0.9848256128998261
Chlorphenesin (Baby),Chlorphenesin,Preservative,Preservative,Synthetic,Approved,Safe,Safe,True,0.9112390652700095,Low,Low,True,0.9120834489503133,Low,Low,True,0.9801902811627036
Panthenol (Baby),Panthenol,Soothing Agent,Vitamin,Synthetic,Approved,Very Safe,Very Safe,True,0.9987342375596604,Low,Low,True,0.802084903274753,No Risk,Low,False,0.48197257673602883
Calendula Officinalis Oil,Calendula Officinalis Oil,Emollient,Oil,Natural,Approved,Safe,Safe,True,0.989284128146055,Low,Low,True,0.7216052233590882,No Risk,No Risk,True,0.7271940236059363
Chamomile Oil (Baby Care),Chamomile Oil,Soothing Agent,Essential Oil,Natural,Approved,Safe,Very Safe,False,0.5462042419352406,Medium,Medium,True,0.9458111859557801,Low,No Risk,False,0.4931851703844065
Olive Oil (Baby Care),Olive Oil,Emollient,Oil,Natural,Approved,Safe,Safe,True,0.9849873021469027,Low,Medium,False,0.7599255144226195,No Risk,Low,False,0.5263025238464031
Coconut Oil (Baby Care),Coconut Oil,Emollient,Oil,Natural,Approved,Safe,Safe,True,0.9781943117881347,Medium,Low,False,0.7321003408915616,Low,Low,True,0.6847339403196757
Sweet Almond Oil (Baby Care),Sweet Almond Oil,Emollient,Oil,Natural,Approved,Safe,Safe,True,0.9967843947243713,Medium,Medium,True,0.8711363206092568,Low,Low,True,0.518604500591062
Aloe Vera Gel (Baby Care),Aloe Vera Gel,Soothing Agent,Botanical Extract,Natural,Approved,Very Safe,Very Safe,True,0.9741866337517732,Low,Low,True,0.9539840518977336,No Risk,No Risk,True,0.9509638285637174
Menthol (Foot Care),Menthol,Cooling Agent,Cooling Agent,Naturally Derived,Approved,Safe,Safe,True,0.8507808782528665,Low,Low,True,0.9985772579946728,Medium,Medium,True,0.647122448016726
Urea (Foot Care),Urea,Humectant,Humectant,Synthetic,Approved,Safe,Safe,True,0.9654916921047169,Low,Medium,False,0.49277542714668643,Medium,Medium,True,0.7450352909018292
Salicylic Acid (Foot Care),Salicylic Acid,Exfoliant,Acid,Synthetic,Approved,Safe,Safe,True,0.8411052967791618,Low,Low,True,0.8645547770230831,Medium,Medium,True,0.9950599238114916
Tea Tree Oil (Foot Care),Tea Tree Oil,Antimicrobial,Essential Oil,Natural,Restricted,Moderate Risk,Moderate Risk,True,0.9786825909368045,Medium,Medium,True,0.9884909437133019,Medium,Medium,True,0.9700615923144026
Peppermint Oil (Foot Care),Peppermint Oil,Cooling Agent,Essential Oil,Natural,Restricted,Moderate Risk,Moderate Risk,True,0.9760961149630998,Medium,Medium,True,0.9515484353943205,Medium,Medium,True,0.9998653161758637
Shea Butter (Foot Care),Shea Butter,Emollient,Butter,Natural,Approved,Very Safe,Safe,False,0.9976928463516392,Low,Low,True,0.9759142033908197,No Risk,No Risk,True,0.9667786344339715
Beeswax (Lip Care),Beeswax,Occlusive,Wax,Animal Derived,Approved,Safe,Safe,True,0.9478742220267208,Medium,Low,False,0.9665652298568691,No Risk,No Risk,True,0.8071533973209117
Castor Oil (Lip Care),Castor Oil,Emollient,Oil,Natural,Approved,Safe,Safe,True,0.9622920391029899,Low,Low,True,0.8723834910244251,Low,No Risk,False,0.9656451021065807
Shea Butter (Lip Care),Shea Butter,Emollient,Butter,Natural,Approved,Very Safe,Safe,False,0.9887292430287524,Low,Low,True,0.7975648427250158,No Risk,No Risk,True,0.980435325993648
Vitamin E (Lip Care),Vitamin E,Antioxidant,Vitamin,Naturally Derived,Approved,Very Safe,Very Safe,True,0.9695372178188378,Low,Low,True,0.9128827611193866,No Risk,Medium,False,0.5653269256895674
Menthol (Lip Plumper),Menthol,Cooling Agent,Cooling Agent,Naturally Derived,Approved,Moderate Risk,Very Safe,False,0.5393512029379675,Low,Low,True,0.9844442262116174,Medium,Low,False,0.6095962393509343
Cinnamon Oil (Lip Plumper),Cinnamon Oil,Irritant/Plumping Agent,Essential Oil,Natural,Restricted,Moderate Risk,Moderate Risk,True,0.9994397963981837,Medium,Medium,True,0.9827050998417743,High,Medium,False,0.655303529283144
Capsicum Extract (Lip Plumper),Capsicum Extract,Irritant/Plumping Agent,Botanical Extract,Natural,Approved,Moderate Risk,Safe,False,0.8107849183161365,Medium,Low,False,0.911609416887732,High,No Risk,False,0.4804944808359936
Hyaluronic Acid (Lip Plumper),Hyaluronic Acid,Humectant,Polymer,Biotechnology Derived,Approved,Very Safe,Moderate Risk,False,0.47010874379878126,No Risk,No Risk,True,0.7946227676152486,No Risk,No Risk,True,0.9118453290123593
Titanium Dioxide (Sanitary Products),Titanium Dioxide,Colorant,Pigment,Mineral,Approved,Safe,Safe,True,0.5318637094013907,Low,Low,True,0.9665265766371022,No Risk,Low,False,0.9914005518762188
Superabsorbent Polymer (Sodium Polyacrylate),Superabsorbent Polymer (Sodium Polyacrylate),Absorbent,Polymer,Synthetic,Approved,Safe,Safe,True,0.9926355516973668,Low,Low,True,0.995600754974427,Low,No Risk,False,0.9388159445418958
Cellulose Fiber (Wood Pulp),Cellulose Fiber (Wood Pulp),Absorbent,Natural Polymer,Natural,Approved,Safe,Safe,True,0.7960098023797876,Low,Low,True,0.9946176455678155,No Risk,No Risk,True,0.6140114064920111
Cotton Fiber (Gossypium Herbaceum),Cotton Fiber (Gossypium Herbaceum),Absorbent,Natural Fiber,Natural,Approved,Very Safe,Safe,False,0.9942566982790576,Low,Low,True,0.9888946725198767,No Risk,No Risk,True,0.9822921393251132
Medical Grade Silicone,Medical Grade Silicone,Material,Polymer,Synthetic,Approved,Very Safe,Safe,False,0.9806630269381871,Low,Low,True,0.9752593327743933,No Risk,No Risk,True,0.8060014276261832
Thermoplastic Elastomer,Thermoplastic Elastomer,Material,Polymer,Synthetic,Approved,Safe,Safe,True,0.8687809237418775,Low,Low,True,0.9915722426589281,No Risk,No Risk,True,0.8481761661069818
Isopropyl Alcohol (Menstrual Cup Cleanser),Isopropyl Alcohol (Menstrual Cup Cleanser),Antimicrobial,Alcohol,Synthetic,Approved,Moderate Risk,Safe,False,0.9181052893794613,Low,Low,True,0.9699317918319096,Medium,Low,False,0.983830332314954
Citric Acid (Menstrual Cup Cleanser),Citric Acid (Menstrual Cup Cleanser),Cleansing Agent,Acid,Naturally Derived,Approved,Safe,Safe,True,0.7615536477685109,Low,Low,True,0.99620087496148,Low,Medium,False,0.502006395710427
Benzalkonium Chloride (Wipes),Benzalkonium Chloride,Antimicrobial,Preservative,Synthetic,Approved,Moderate Risk,Safe,False,0.9642918037628867,Medium,Low,False,0.677834342485304,Medium,Low,False,0.9945958753414214
Polyhexamethylene Biguanide,Polyhexamethylene Biguanide,Antimicrobial,Preservative,Synthetic,Approved,Safe,Safe,True,0.916556727138843,Low,Medium,False,0.661100054045518,Low,Low,True,0.955469306594277
Ethylhexylglycerin (Wipes),Ethylhexylglycerin,Preservative Booster,Preservative,Naturally Derived,Approved,Safe,Very Safe,False,0.5681666305051734,Low,Low,True,0.9937273321727567,No Risk,Low,False,0.592968719020086
Aloe Vera Extract (Wipes),Aloe Vera Extract,Soothing Agent,Botanical Extract,Natural,Approved,Very Safe,Safe,False,0.9388139218292917,Low,Low,True,0.5770718287770468,No Risk,Low,False,0.5453984372116351
Chamomile Extract (Wipes),Chamomile Extract,Soothing Agent,Botanical Extract,Natural,Approved,Safe,Very Safe,False,0.7492389109233787,Medium,Low,False,0.8077431067920704,Low,No Risk,False,0.9656840712277284
Polyester Nonwoven Fabric,Polyester Nonwoven Fabric,Material,Synthetic Fiber,Synthetic,Approved,Safe,Safe,True,0.9901359874026678,Low,Low,True,0.9925816539104729,No Risk,No Risk,True,0.9708018575590754
Viscose Nonwoven Fabric,Viscose Nonwoven Fabric,Material,Natural Fiber,Naturally Derived,Approved,Safe,Very Safe,False,0.7583841597369084,Low,Low,True,0.99372677604153,No Risk,No Risk,True,0.9959908455052053
Cellulose Sheet Mask Fabric,Cellulose Sheet Mask Fabric,Material,Natural Fiber,Naturally Derived,Approved,Safe,Safe,True,0.7839540848064057,Low,Low,True,0.9852975527048788,No Risk,No Risk,True,0.9754363846426998
Bio-Cellulose (Fermented Cellulose),Bio-Cellulose (Fermented Cellulose),Material,Biotechnology Derivative,Biotechnology Derived,Approved,Safe,Safe,True,0.9315159545781712,Low,Low,True,0.9669698943481957,No Risk,No Risk,True,0.9977518331818092
Hydrogel (Cross-linked Polymer),Hydrogel (Cross-linked Polymer),Material,Polymer,Synthetic,Approved,Safe,Safe,True,0.99482285855921,Low,Low,True,0.951568863380337,No Risk,No Risk,True,0.9571588102821853
Ethylene Vinyl Acetate,Ethylene Vinyl Acetate,Material,Polymer,Synthetic,Approved,Safe,Safe,True,0.9662777934963035,Low,Low,True,0.9818980031395758,No Risk,No Risk,True,0.6810952216752063
PVP/Dimethylaminoethylmethacrylate Copolymer,PVP/Dimethylaminoethylmethacrylate Copolymer,Film Former,Polymer,Synthetic,Approved,Safe,Safe,True,0.9405732866485221,Low,Low,True,0.7033080775208421,No Risk,No Risk,True,0.6847570824232049
Acrylamidopropyltrimonium Chloride/Acrylamide Copolymer,Acrylamidopropyltrimonium Chloride/Acrylamide Copolymer,Film Former,Polymer,Synthetic,Approved,Safe,Safe,True,0.9830396573260425,Low,Low,True,0.8408260384269965,No Risk,No Risk,True,0.7643036239659293
Beeswax (Hair Wax),Beeswax,Texturizer,Wax,Animal Derived,Approved,Safe,Safe,True,0.9968217745381172,Medium,Low,False,0.9913443859129183,No Risk,No Risk,True,0.8237804093269652
Carnauba Wax (Hair Wax),Carnauba Wax,Texturizer,Wax,Natural,Approved,Safe,Safe,True,0.9985864816269343,Low,Low,True,0.6801011707626459,No Risk,No Risk,True,0.9944688546711159
Petrolatum (Hair Pomade),Petrolatum,Occlusive,Wax,Mineral,Approved,Safe,Safe,True,0.9823518929082987,Low,Low,True,0.9800662749335733,No Risk,Medium,False,0.565470846998243
Lanolin (Hair Pomade),Lanolin,Emollient,Wax,Animal Derived,Approved,Safe,Safe,True,0.9855759025848913,High,Low,False,0.9567068705840648,Medium,No Risk,False,0.9907872034811255
Butylene Glycol (Hair Spray),Butylene Glycol,Solvent,Solvent,Synthetic,Approved,Safe,Moderate Risk,False,0.5913401304953791,Low,Low,True,0.9954596072605905,Low,No Risk,False,0.43588734769666093
Dimethyl Ether,Dimethyl Ether,Propellant,Propellant,Synthetic,Approved,Safe,Safe,True,0.995142132910441,Low,Low,True,0.9844029794889685,Low,Low,True,0.9951076058118716
Butane,Butane,Propellant,Propellant,Synthetic,Approved,Safe,Safe,True,0.9949147813297198,Low,Low,True,0.9968599676049633,Low,Low,True,0.988655415714278
Isobutane,Isobutane,Propellant,Propellant,Synthetic,Approved,Safe,Safe,True,0.9938664626198902,Low,Low,True,0.995682245890178,Low,Low,True,0.9871863152534528
Propane,Propane,Propellant,Propellant,Synthetic,Approved,Safe,Safe,True,0.9951947752876311,Low,Low,True,0.994972720766891,Low,Low,True,0.9130861876291432
Nitrous Oxide,Nitrous Oxide,Propellant,Propellant,Synthetic,Approved,Safe,Safe,True,0.9575431608653752,Low,Low,True,0.9947992047782785,Low,Low,True,0.9723106964801942
Stearamidopropyl Dimethylamine,Stearamidopropyl Dimethylamine,Conditioning Agent,Amine,Synthetic,Approved,Safe,Safe,True,0.99513879087623,Low,Low,True,0.9997248022534215,Low,No Risk,False,0.60995455594774
Dicetyldimonium Chloride,Dicetyldimonium Chloride,Conditioning Agent,Quaternary Ammonium,Synthetic,Approved,Safe,Safe,True,0.9911688487413157,Low,Low,True,0.9958817796041263,Low,Low,True,0.963675453819508
Isopropyl Titanium Triisostearate (Sunscreen),Isopropyl Titanium Triisostearate,Surface Treatment,Emollient,Synthetic,Approved,Safe,Safe,True,0.9990303999861618,Low,Low,True,0.9883164138248162,No Risk,No Risk,True,0.8633949684823682
Ethylhexyl Triazone,Ethylhexyl Triazone,UV Filter,UV Filter,Synthetic,Country Restricted,Safe,Moderate Risk,False,0.6518419394750117,Low,Low,True,0.82016371067646,Low,Low,True,0.7660535349916736
Drometrizole Trisiloxane,Drometrizole Trisiloxane,UV Filter,UV Filter,Synthetic,Country Restricted,Safe,Safe,True,0.565226046515977,Low,Low,True,0.5179631280584502,Low,Low,True,0.720479780136066
Polysilicone-15 (Sunscreen),Polysilicone-15,UV Filter,UV Filter,Synthetic,Approved,Safe,Safe,True,0.9874954137790403,Low,Low,True,0.9729361694034193,Low,Low,True,0.9075166951443646
Terephthalylidene Dicamphor Sulfonic Acid,Terephthalylidene Dicamphor Sulfonic Acid,UV Filter,UV Filter,Synthetic,Country Restricted,Safe,Moderate Risk,False,0.839533762443161,Low,Medium,False,0.6970264261915302,Low,Medium,False,0.8203467202046669
Disodium Phenyl Dibenzimidazole Tetrasulfonate,Disodium Phenyl Dibenzimidazole Tetrasulfonate,UV Filter,UV Filter,Synthetic,Country Restricted,Safe,Moderate Risk,False,0.5814287240423579,Low,Medium,False,0.6584392300445343,Low,Low,True,0.5258687940734592
4-Methylbenzylidene Camphor,4-Methylbenzylidene Camphor,UV Filter,UV Filter,Synthetic,Country Restricted,Moderate Risk,Safe,False,0.9686724425199409,Medium,Low,False,0.7370570039278047,Medium,Low,False,0.8774059418428886
PEG-25 PABA,PEG-25 PABA,UV Filter,UV Filter,Synthetic,Country Restricted,Moderate Risk,Safe,False,0.8906840019264574,Medium,Low,False,0.9642857370242682,Medium,Medium,True,0.5805624423512026
Padimate O,Padimate O,UV Filter,UV Filter,Synthetic,Country Restricted,Moderate Risk,Safe,False,0.958318872198696,Medium,Low,False,0.8977692221863994,Medium,Low,False,0.48539664920576464
o-Phenylenediamine,o-Phenylenediamine,Colorant,Colorant,Synthetic,Restricted,High Risk,High Risk,True,0.9744350892981801,High,High,True,0.9668411325403419,High,High,True,0.664968526591724
m-Phenylenediamine,m-Phenylenediamine,Colorant,Colorant,Synthetic,Restricted,High Risk,High Risk,True,0.9911596744708906,High,High,True,0.9692691743926742,High,High,True,0.7155245472007444
"2,4-Diaminoanisole","2,4-Diaminoanisole",Colorant,Colorant,Synthetic,Restricted,High Risk,High Risk,True,0.9561909759606665,High,High,True,0.9438441974323781,High,High,True,0.8760062188428072
"2,4-Diaminoanisole Sulfate","2,4-Diaminoanisole Sulfate",Colorant,Colorant,Synthetic,Restricted,High Risk,High Risk,True,0.8343927324432199,High,High,True,0.792988508454869,High,High,True,0.7762180572528856
4-Amino-3-Nitrophenol,4-Amino-3-Nitrophenol,Colorant,Colorant,Synthetic,Restricted,High Risk,High Risk,True,0.8140551923589116,High,High,True,0.533541590259772,Medium,Medium,True,0.9418113504264374
2-Nitro-p-Phenylenediamine,2-Nitro-p-Phenylenediamine,Colorant,Colorant,Synthetic,Restricted,High Risk,High Risk,True,0.9735549141873604,High,High,True,0.9404357199270752,Medium,Medium,True,0.5467824555445333
4-Nitro-o-Phenylenediamine,4-Nitro-o-Phenylenediamine,Colorant,Colorant,Synthetic,Restricted,High Risk,High Risk,True,0.9913426390771222,High,High,True,0.9418090741414501,Medium,Medium,True,0.7347744848437903
4-Methoxy-m-Phenylenediamine,4-Methoxy-m-Phenylenediamine,Colorant,Colorant,Synthetic,Restricted,High Risk,High Risk,True,0.9749306247928677,High,High,True,0.8816642674856136,High,High,True,0.815465855139704
"2,4-Diaminotoluene","2,4-Diaminotoluene",Colorant,Colorant,Synthetic,Restricted,High Risk,High Risk,True,0.8170715745764754,High,High,True,0.8200030972217995,High,Medium,False,0.5328257485795245
o-Toluidine,o-Toluidine,Colorant,Colorant,Synthetic,Restricted,High Risk,High Risk,True,0.830358391340827,Medium,Medium,True,0.5465260079668858,Medium,Medium,True,0.6421785178570624
o-Anisidine,o-Anisidine,Colorant,Colorant,Synthetic,Restricted,High Risk,High Risk,True,0.971691179058771,Medium,Medium,True,0.5506498347001281,Medium,Medium,True,0.6053309425184271
4-Chloro-m-Phenylenediamine,4-Chloro-m-Phenylenediamine,Colorant,Colorant,Synthetic,Restricted,High Risk,High Risk,True,0.9771998039112099,High,High,True,0.9631816111347947,High,Medium,False,0.5669608567654134
2-Amino-4-Nitrophenol,2-Amino-4-Nitrophenol,Colorant,Colorant,Synthetic,Restricted,High Risk,High Risk,True,0.7918769812379641,Medium,High,False,0.5323136039022562,Medium,Medium,True,0.9722796723307024
4-Nitro-m-Phenylenediamine,4-Nitro-m-Phenylenediamine,Colorant,Colorant,Synthetic,Restricted,High Risk,High Risk,True,0.9795286856631257,High,High,True,0.9439225939594316,Medium,High,False,0.524703366624285
HC Blue No. 1,HC Blue No. 1,Colorant,Colorant,Synthetic,Restricted,High Risk,High Risk,True,0.9672422377138604,Medium,Medium,True,0.860014988773136,Medium,Medium,True,0.9839598260392758
HC Red No. 3,HC Red No. 3,Colorant,Colorant,Synthetic,Restricted,High Risk,High Risk,True,0.9050115856774817,Medium,Medium,True,0.970416550753885,Medium,Medium,True,0.987153618972616
Disperse Blue 1,Disperse Blue 1,Colorant,Colorant,Synthetic,Restricted,High Risk,High Risk,True,0.9192520633761108,Medium,Medium,True,0.6791473943734394,Medium,Medium,True,0.9779328236339214
Basic Blue 99,Basic Blue 99,Colorant,Colorant,Synthetic,Restricted,High Risk,High Risk,True,0.9302683767195232,High,Medium,False,0.9702275504556075,Medium,Medium,True,0.9843195815685549
Solvent Yellow 2,Solvent Yellow 2,Colorant,Colorant,Synthetic,Restricted,High Risk,High Risk,True,0.7756825268616011,Medium,Medium,True,0.8716872765649104,Medium,Medium,True,0.7750061242725178
Sudan I (CI 12055),Sudan I (CI 12055),Colorant,Colorant,Synthetic,Restricted,High Risk,High Risk,True,0.8863363871702151,Medium,Medium,True,0.7417241346058571,Medium,Medium,True,0.6149500435245628
Lead Acetate,Lead Acetate,Colorant,Colorant,Synthetic,Restricted,High Risk,High Risk,True,0.7739792888279571,Medium,Medium,True,0.7577221767900993,Medium,Medium,True,0.9892482660142858
Thimerosal,Thimerosal,Preservative,Preservative,Synthetic,Restricted,High Risk,High Risk,True,0.5423736977473063,High,Low,False,0.5306971581455339,Medium,Medium,True,0.9732195001275074
Hydroquinone,Hydroquinone,Skin Lightening Agent,Active Ingredient,Synthetic,Restricted,High Risk,Moderate Risk,False,0.8486112644205221,Medium,Low,False,0.49431793949363706,High,Medium,False,0.6723008817535058
Methylene Glycol (Formaldehyde Solution),Methylene Glycol (Formaldehyde Solution),Hair Straightening Agent,Preservative,Synthetic,Restricted,High Risk,High Risk,True,0.8057054967855997,High,Medium,False,0.5674908516966155,High,High,True,0.7058715894503322
Formaldehyde,Formaldehyde,Preservative,Preservative,Synthetic,Restricted,High Risk,High Risk,True,0.9034302253177746,High,Medium,False,0.5006969696020324,High,Medium,False,0.9275604444037794
Musk Ambrette,Musk Ambrette,Fragrance Ingredient,Fragrance Allergen,Synthetic,Restricted,High Risk,High Risk,True,0.9379871283295236,Medium,Low,False,0.4852185303988817,Medium,Low,False,0.722757505963156
Musk Xylene,Musk Xylene,Fragrance Ingredient,Fragrance Allergen,Synthetic,Restricted,High Risk,High Risk,True,0.9739716025208848,Low,Medium,False,0.42856169112671727,Low,Low,True,0.8084638485333926
Musk Ketone,Musk Ketone,Fragrance Ingredient,Fragrance Allergen,Synthetic,Restricted,High Risk,High Risk,True,0.9205922432697591,Low,Medium,False,0.581434576802758,Low,Medium,False,0.6637774377754895
Musk Moskene,Musk Moskene,Fragrance Ingredient,Fragrance Allergen,Synthetic,Restricted,High Risk,High Risk,True,0.9573075178952003,Low,Low,True,0.5189908053220821,Low,Medium,False,0.5996694394884948
Methyleugenol,Methyleugenol,Fragrance Ingredient,Fragrance Allergen,Naturally Derived,Restricted,High Risk,High Risk,True,0.8351917626687879,Medium,High,False,0.8141538235575122,Medium,Medium,True,0.7989136954868303
Butylphenyl Methylpropional (Lilial),Butylphenyl Methylpropional (Lilial),Fragrance Ingredient,Fragrance Allergen,Synthetic,Restricted,High Risk,High Risk,True,0.9557296052399364,Medium,Medium,True,0.9075063585999454,Medium,Medium,True,0.8750322027395726
Hydroxyisohexyl 3-Cyclohexene Carboxaldehyde (Lyral),Hydroxyisohexyl 3-Cyclohexene Carboxaldehyde (Lyral),Fragrance Ingredient,Fragrance Allergen,Synthetic,Restricted,High Risk,High Risk,True,0.8792561587968409,High,Medium,False,0.6881299590808929,Medium,Medium,True,0.6148180447767362
Atranol,Atranol,Fragrance Ingredient,Fragrance Allergen,Natural,Restricted,High Risk,High Risk,True,0.8533894658325154,High,High,True,0.6590197539732094,Medium,Medium,True,0.9633715995913226
Chloroatranol,Chloroatranol,Fragrance Ingredient,Fragrance Allergen,Natural,Restricted,High Risk,High Risk,True,0.9142668963910875,High,High,True,0.6824253564391998,Medium,Medium,True,0.9853271908249943
Isobutylparaben,Isobutylparaben,Preservative,Preservative,Synthetic,Restricted,High Risk,High Risk,True,0.7885356804285014,Low,Medium,False,0.6063825840387902,Low,Low,True,0.723894447780286
Isopropylparaben,Isopropylparaben,Preservative,Preservative,Synthetic,Restricted,High Risk,High Risk,True,0.7364232147614436,Low,Medium,False,0.49190302578819345,Low,Low,True,0.8203788002872481
Chloroacetamide,Chloroacetamide,Preservative,Preservative,Synthetic,Restricted,High Risk,Moderate Risk,False,0.8837646581315534,Medium,High,False,0.4657193283333536,Medium,Medium,True,0.9864149249127782
Diethanolamine,Diethanolamine,Emulsifier,Amine,Synthetic,Restricted,High Risk,Moderate Risk,False,0.7482778771379086,Low,Medium,False,0.9605376878313537,Medium,Medium,True,0.8118089983678815
8-Methoxypsoralen,8-Methoxypsoralen,Tanning Accelerant,Active Ingredient,Naturally Derived,Restricted,High Risk,Moderate Risk,False,0.7346354633880843,Medium,Low,False,0.8850653385518644,High,Medium,False,0.7632539590598519
Bergapten (5-Methoxypsoralen),Bergapten (5-Methoxypsoralen),Fragrance Ingredient,Fragrance Allergen,Natural,Restricted,High Risk,High Risk,True,0.8197968808791744,Medium,Medium,True,0.7000827671349452,High,Medium,False,0.9721778257703285
Quaternium-15,Quaternium-15,Preservative,Preservative,Synthetic,Restricted,High Risk,Moderate Risk,False,0.8158023742713788,High,High,True,0.81116359906643,Medium,Medium,True,0.9208738657882086
Myroxylon Pereirae Resin Extract (Peru Balsam),Myroxylon Pereirae Resin Extract (Peru Balsam),Fragrance Ingredient,Botanical Extract,Natural,Restricted,Moderate Risk,Moderate Risk,True,0.9044655143885956,High,High,True,0.9367302042474744,Medium,Medium,True,0.9984860992025496
Evernia Prunastri Extract (Oakmoss),Evernia Prunastri Extract (Oakmoss),Fragrance Ingredient,Botanical Extract,Natural,Restricted,Moderate Risk,Moderate Risk,True,0.9354983904744832,High,High,True,0.8683500980127717,Medium,Medium,True,0.985921042778203
Evernia Furfuracea Extract (Treemoss),Evernia Furfuracea Extract (Treemoss),Fragrance Ingredient,Botanical Extract,Natural,Restricted,Moderate Risk,Moderate Risk,True,0.9231865981625422,High,High,True,0.9159524564855923,Medium,Medium,True,0.9916731676445608
Cinnamal (Cinnamaldehyde),Cinnamal (Cinnamaldehyde),Fragrance Ingredient,Fragrance Allergen,Naturally Derived,Restricted,Moderate Risk,High Risk,False,0.5210269362919465,High,High,True,0.7152531195746483,Medium,Medium,True,0.9699045063843914
Cinnamyl Alcohol,Cinnamyl Alcohol,Fragrance Ingredient,Fragrance Allergen,Naturally Derived,Approved,Moderate Risk,Safe,False,0.9869179995598669,High,Medium,False,0.4827249647634308,Medium,Low,False,0.9890582962385284
Isoeugenol,Isoeugenol,Fragrance Ingredient,Fragrance Allergen,Naturally Derived,Restricted,Moderate Risk,High Risk,False,0.8320913954658485,High,High,True,0.7192632851824325,Medium,Medium,True,0.8188088565638661
Amyl Cinnamal,Amyl Cinnamal,Fragrance Ingredient,Fragrance Allergen,Synthetic,Approved,Safe,Safe,True,0.6611782102471496,Medium,Medium,True,0.6673713067325308,Low,Low,True,0.8827102997705596
Amylcinnamyl Alcohol,Amylcinnamyl Alcohol,Fragrance Ingredient,Fragrance Allergen,Synthetic,Approved,Safe,Moderate Risk,False,0.6903648209034925,Medium,Medium,True,0.5340266129280917,Low,Low,True,0.9903644547417021
Alpha-Isomethyl Ionone,Alpha-Isomethyl Ionone,Fragrance Ingredient,Fragrance Allergen,Synthetic,Approved,Safe,Safe,True,0.8811680156201358,Medium,Low,False,0.7956232538462645,Low,Low,True,0.9972730424208268
Anisyl Alcohol,Anisyl Alcohol,Fragrance Ingredient,Fragrance Allergen,Synthetic,Approved,Safe,Safe,True,0.49749237451512124,Low,Medium,False,0.3758492100768491,Low,Low,True,0.6731575368217023
Benzyl Cinnamate,Benzyl Cinnamate,Fragrance Ingredient,Fragrance Allergen,Naturally Derived,Approved,Safe,Safe,True,0.7247672470081556,Medium,Medium,True,0.37060413031716194,Low,Low,True,0.8706353066596697
Benzyl Benzoate,Benzyl Benzoate,Fragrance Ingredient,Fragrance Allergen,Synthetic,Approved,Safe,Safe,True,0.8390985893491196,Medium,Medium,True,0.8230250050215572,Low,Low,True,0.9760530519341905
Lanolin Alcohol (Wool Alcohols),Lanolin Alcohol (Wool Alcohols),Emollient,Emollient,Animal Derived,Approved,Safe,Safe,True,0.998425983501852,High,Low,False,0.8441937802986237,Medium,No Risk,False,0.7775622455375184
Colophonium (Rosin),Colophonium (Rosin),Film Former,Polymer,Natural,Approved,Moderate Risk,Safe,False,0.9978195513077361,High,Low,False,0.867012168922077,Medium,No Risk,False,0.9957393947842226
p-Aminobenzoic Acid (PABA),p-Aminobenzoic Acid (PABA),UV Filter,UV Filter,Synthetic,Restricted,Moderate Risk,Safe,False,0.5621923889515212,High,Low,False,0.5935432922736558,Medium,Medium,True,0.957644148112546
Glyceryl Thioglycolate,Glyceryl Thioglycolate,Reducing Agent,Reducing Agent,Synthetic,Restricted,High Risk,Moderate Risk,False,0.9421267931664808,High,Medium,False,0.7161735214457774,High,High,True,0.92943299053374
"2-Bromo-2-Nitropropane-1,3-Diol (Bronopol)","2-Bromo-2-Nitropropane-1,3-Diol (Bronopol)",Preservative,Preservative,Synthetic,Approved,Moderate Risk,Safe,False,0.9848552914874685,Medium,Low,False,0.8351016937821198,Medium,Low,False,0.6230079408165226
Tosylamide/Epoxy Resin,Tosylamide/Epoxy Resin,Film Former,Polymer,Synthetic,Approved,Moderate Risk,Safe,False,0.9472834891376916,High,Low,False,0.9301726302582627,Medium,Low,False,0.7537343435368931
p-tert-Butylphenol Formaldehyde Resin,p-tert-Butylphenol Formaldehyde Resin,Film Former,Polymer,Synthetic,Restricted,High Risk,Moderate Risk,False,0.9927203822446621,High,High,True,0.795380470976024,Medium,Medium,True,0.9962114823226116
Propolis Extract (Bee Propolis),Propolis Extract (Bee Propolis),Skin Conditioning Agent,Botanical Extract,Natural,Approved,Safe,Safe,True,0.7092991142387682,High,Medium,False,0.5396341510200064,Medium,Low,False,0.5581623456893907
Diazolidinyl Urea/Formaldehyde Complex,Diazolidinyl Urea/Formaldehyde Complex,Preservative,Preservative,Synthetic,Approved,Moderate Risk,Safe,False,0.929416480020997,High,Medium,False,0.6163700392261189,Medium,Low,False,0.737843137015186
Cobalt Chloride (Trace Colorant),Cobalt Chloride (Trace Colorant),Colorant,Colorant,Synthetic,Restricted,High Risk,High Risk,True,0.9623761420764466,High,Medium,False,0.9330185049061894,High,Medium,False,0.9905627114298213
Potassium Chloride,Potassium Chloride,Salt,Salt,Mineral,Approved,Very Safe,Safe,False,0.6763846905024969,No Risk,No Risk,True,0.5424571719195252,Low,Low,True,0.9900996804060902
Magnesium Chloride,Magnesium Chloride,Salt,Salt,Mineral,Approved,Very Safe,Very Safe,True,0.941145728474714,No Risk,No Risk,True,0.9110764896818171,Low,Low,True,0.964404717773818
Calcium Chloride,Calcium Chloride,Desiccant,Salt,Mineral,Approved,Very Safe,Very Safe,True,0.9367762681395667,No Risk,No Risk,True,0.94329447837445,Low,Low,True,0.9976064036919834
Sodium Sulfate,Sodium Sulfate,Filler,Salt,Mineral,Approved,Very Safe,Very Safe,True,0.9942955603233591,No Risk,No Risk,True,0.9937376107614585,Low,Low,True,0.9863439801917364
Zinc Sulfate,Zinc Sulfate,Skin Conditioning Agent,Mineral,Mineral,Approved,Very Safe,Very Safe,True,0.5582001047350512,No Risk,No Risk,True,0.9720553766438286,Low,Low,True,0.9746103294573889
Calcium Silicate,Calcium Silicate,Anti-Caking Agent,Mineral,Mineral,Approved,Very Safe,Very Safe,True,0.6136013262145348,No Risk,No Risk,True,0.8698390612975497,Low,Low,True,0.9469138352244704
Magnesium Silicate,Magnesium Silicate,Anti-Caking Agent,Mineral,Mineral,Approved,Very Safe,Very Safe,True,0.8020254871541674,No Risk,No Risk,True,0.9113634868239702,Low,Low,True,0.7658950277114871
Aluminum Oxide,Aluminum Oxide,Abrasive,Mineral,Mineral,Approved,Very Safe,Safe,False,0.9057156745687934,No Risk,Low,False,0.9915945082030699,Low,Low,True,0.9090367960490114
Perlite,Perlite,Exfoliant,Mineral,Mineral,Approved,Very Safe,Safe,False,0.9434436170999371,No Risk,Low,False,0.9833325279592189,Low,Low,True,0.9530336116965601
Glycine,Glycine,Buffering Agent,Amino Acid,Biotechnology Derived,Approved,Very Safe,Very Safe,True,0.7124594114012219,No Risk,Low,False,0.4996134852081548,Low,Low,True,0.782087676777629
Alanine,Alanine,Skin Conditioning Agent,Amino Acid,Biotechnology Derived,Approved,Very Safe,Very Safe,True,0.9959376018174466,No Risk,No Risk,True,0.9629223873731226,Low,Low,True,0.992736446519091
Arginine,Arginine,pH Adjuster,Amino Acid,Biotechnology Derived,Approved,Very Safe,Very Safe,True,0.6897576433070932,No Risk,No Risk,True,0.989389989904982,Low,Low,True,0.8051110993049868
Serine,Serine,Skin Conditioning Agent,Amino Acid,Biotechnology Derived,Approved,Very Safe,Very Safe,True,0.9952195865737753,No Risk,No Risk,True,0.9483955001236496,Low,Low,True,0.9644968249582976
Proline,Proline,Skin Conditioning Agent,Amino Acid,Biotechnology Derived,Approved,Very Safe,Very Safe,True,0.9857384289453196,No Risk,No Risk,True,0.8550392936306892,Low,Low,True,0.9890796789189088
Threonine,Threonine,Skin Conditioning Agent,Amino Acid,Biotechnology Derived,Approved,Very Safe,Very Safe,True,0.99150136166687,No Risk,No Risk,True,0.985457702094491,Low,Low,True,0.9949013893949331
Aspartic Acid,Aspartic Acid,Skin Conditioning Agent,Amino Acid,Biotechnology Derived,Approved,Very Safe,Very Safe,True,0.9958621058365829,No Risk,No Risk,True,0.9792116703351926,Low,Low,True,0.9815858177335761
Ceramide 1,Ceramide 1,Skin Conditioning Agent,Lipid,Biotechnology Derived,Approved,Very Safe,Very Safe,True,0.9967398504166229,No Risk,No Risk,True,0.9624754710336957,Low,Low,True,0.9662651445456366
Ceramide 2,Ceramide 2,Skin Conditioning Agent,Lipid,Biotechnology Derived,Approved,Very Safe,Very Safe,True,0.9969160015803802,No Risk,No Risk,True,0.9800815280940506,Low,Low,True,0.9616507390361357
Ceramide 6-II,Ceramide 6-II,Skin Conditioning Agent,Lipid,Biotechnology Derived,Approved,Very Safe,Very Safe,True,0.998793377264579,No Risk,No Risk,True,0.9772967203956384,Low,Low,True,0.9753493804148525
Beta-Sitosterol,Beta-Sitosterol,Skin Conditioning Agent,Lipid,Natural,Approved,Very Safe,Very Safe,True,0.6867473179683327,No Risk,Low,False,0.8111562163196356,Low,Low,True,0.6928404678484784
Inositol,Inositol,Hair Conditioning Agent,Vitamin,Biotechnology Derived,Approved,Very Safe,Very Safe,True,0.9971270695703118,No Risk,Low,False,0.7698973705368114,Low,No Risk,False,0.9601840541839823
Sodium Ascorbate,Sodium Ascorbate,Antioxidant,Vitamin,Synthetic,Approved,Very Safe,Safe,False,0.5546901688842351,No Risk,Low,False,0.700574106410119,Low,Low,True,0.9885810673343444
Calcium Ascorbate,Calcium Ascorbate,Antioxidant,Vitamin,Synthetic,Approved,Very Safe,Very Safe,True,0.8644295907735584,No Risk,No Risk,True,0.6099115813133472,Low,Low,True,0.935913971349525
Zinc Gluconate,Zinc Gluconate,Skin Conditioning Agent,Mineral,Mineral,Approved,Very Safe,Very Safe,True,0.9474598333617076,No Risk,No Risk,True,0.9850104984331817,Low,Low,True,0.9824514153004892
Magnesium Aspartate,Magnesium Aspartate,Skin Conditioning Agent,Mineral,Mineral,Approved,Very Safe,Very Safe,True,0.9531314459472637,No Risk,No Risk,True,0.9886710812062148,Low,Low,True,0.9909721758735979
Potassium Sorbate (Baby Care Grade),Potassium Sorbate,Preservative,Preservative,Synthetic,Approved,Very Safe,Safe,False,0.835375120788758,No Risk,Low,False,0.9570515834559904,Low,Low,True,0.9743933890711068
Hydrogenated Starch Hydrolysate,Hydrogenated Starch Hydrolysate,Humectant,Humectant,Naturally Derived,Approved,Very Safe,Safe,False,0.8905668045936006,No Risk,Low,False,0.9779063565462272,Low,No Risk,False,0.9369513856870767
Maltodextrin,Maltodextrin,Film Former,Polysaccharide,Naturally Derived,Approved,Very Safe,Very Safe,True,0.9708622601806924,No Risk,No Risk,True,0.7999275126370418,Low,Low,True,0.9491623651614851
Pullulan,Pullulan,Film Former,Polysaccharide,Biotechnology Derived,Approved,Very Safe,Safe,False,0.8442440079501311,No Risk,Low,False,0.7878598616841136,Low,No Risk,False,0.7784198903634196
Cyclodextrin (Beta-Cyclodextrin),Cyclodextrin (Beta-Cyclodextrin),Odor Absorber,Polysaccharide,Naturally Derived,Approved,Very Safe,Safe,False,0.8136300936826742,No Risk,No Risk,True,0.5786049314332631,Low,Low,True,0.9518393777483729
Sclerotium Gum (Baby Care Grade),Sclerotium Gum,Thickener,Polysaccharide,Naturally Derived,Approved,Very Safe,Very Safe,True,0.9985372713039637,No Risk,Low,False,0.6923974106527357,Low,Low,True,0.7096304882290728
Sodium Hyaluronate (Low Molecular Weight),Sodium Hyaluronate (Low Molecular Weight),Humectant,Humectant,Biotechnology Derived,Approved,Very Safe,Safe,False,0.6113200606112822,No Risk,No Risk,True,0.6723787655539328,Low,No Risk,False,0.7100024079687537
Beta Glucan (Yeast Derived),Beta Glucan (Yeast Derived),Skin Conditioning Agent,Polysaccharide,Biotechnology Derived,Approved,Very Safe,Very Safe,True,0.9976959609781272,No Risk,No Risk,True,0.9745062412126321,Low,Low,True,0.9942342013023137
Trehalose (Baby Care Grade),Trehalose,Humectant,Humectant,Biotechnology Derived,Approved,Very Safe,Very Safe,True,0.9726734659543922,No Risk,No Risk,True,0.9471097442099087,Low,No Risk,False,0.639524878584103
Sodium Cocoyl Isethionate (Baby Care Grade),Sodium Cocoyl Isethionate,Surfactant,Surfactant,Naturally Derived,Approved,Very Safe,Safe,False,0.8950869595826844,Low,Low,True,0.9919049339977094,Low,Low,True,0.9360617867973005
Panthenyl Ethyl Ether,Panthenyl Ethyl Ether,Hair Conditioning Agent,Vitamin,Synthetic,Approved,Very Safe,Very Safe,True,0.8165163362165003,No Risk,Low,False,0.870597373265,Low,Low,True,0.9741361793015855
Biotinyl Tripeptide-1,Biotinyl Tripeptide-1,Hair Conditioning Agent,Peptide,Biotechnology Derived,Approved,Very Safe,Safe,False,0.6731238938249064,Low,Low,True,0.9480394035993134,Low,No Risk,False,0.7584757623943892
Copper Gluconate,Copper Gluconate,Skin Conditioning Agent,Mineral,Mineral,Approved,Very Safe,Very Safe,True,0.9804014202799317,Low,No Risk,False,0.9927531303527259,Low,Low,True,0.993791973860696
Manganese Gluconate,Manganese Gluconate,Skin Conditioning Agent,Mineral,Mineral,Approved,Very Safe,Very Safe,True,0.9784043802247763,No Risk,No Risk,True,0.9836451582585823,Low,Low,True,0.9915561301715634
Sodium Gluconate,Sodium Gluconate,Chelating Agent,Chelating Agent,Synthetic,Approved,Very Safe,Safe,False,0.9946878839234358,No Risk,Low,False,0.993852993378906,Low,Low,True,0.9914710760759619
Piperonal,Piperonal,Fragrance Ingredient,Fragrance Allergen,Synthetic,Approved,Moderate Risk,Safe,False,0.8682259333597186,Low,Medium,False,0.5335703509298928,Low,Low,True,0.9798126966200595
Diethylene Glycol Monoethyl Ether,Diethylene Glycol Monoethyl Ether,Solvent,Solvent,Synthetic,Approved,Moderate Risk,Moderate Risk,True,0.6484259490431541,Low,Low,True,0.9703370050780035,Medium,Low,False,0.6729602470329948
Ethylhexylglycerin (Deodorant Grade),Ethylhexylglycerin,Deodorant Agent,Deodorant Agent,Synthetic,Approved,Moderate Risk,Safe,False,0.9060988803990718,Low,Low,True,0.9914002585119123,Low,Low,True,0.7214386213011668
Zirconium Trichlorohydrex Gly,Zirconium Trichlorohydrex Gly,Antiperspirant Agent,Antiperspirant Agent,Mineral,Restricted,Moderate Risk,Moderate Risk,True,0.7634061835672821,Low,Medium,False,0.4954956833121327,Medium,Medium,True,0.9622231470211262
Sodium Perborate,Sodium Perborate,Bleaching Agent,Oxidizing Agent,Synthetic,Restricted,Moderate Risk,Moderate Risk,True,0.6546456688855324,Low,Low,True,0.5384247427996601,Medium,Medium,True,0.8325192953587239
Sodium Cetearyl Sulfate,Sodium Cetearyl Sulfate,Emulsifier,Surfactant,Synthetic,Approved,Safe,Safe,True,0.9790289054082982,No Risk,No Risk,True,0.5128877588988948,Low,No Risk,False,0.7537261087440451
Cetearyl Olivate,Cetearyl Olivate,Emulsifier,Emulsifier,Naturally Derived,Approved,Safe,Safe,True,0.9670677832394643,No Risk,No Risk,True,0.8752243632393027,Low,No Risk,False,0.5609187999862522
Sorbitan Olivate,Sorbitan Olivate,Emulsifier,Emulsifier,Naturally Derived,Approved,Safe,Safe,True,0.9820948171330759,No Risk,No Risk,True,0.5783466668099231,Low,No Risk,False,0.6962095872245864
Polyglyceryl-6 Distearate,Polyglyceryl-6 Distearate,Emulsifier,Emulsifier,Synthetic,Approved,Safe,Safe,True,0.9935412043595966,No Risk,Low,False,0.9873399141785612,Low,No Risk,False,0.9377123756118984
Cetyl PEG/PPG-10/1 Dimethicone (Emulsifier Grade),Cetyl PEG/PPG-10/1 Dimethicone,Emulsifier,Silicone,Synthetic,Approved,Safe,Safe,True,0.6573744351277238,No Risk,Low,False,0.80081648728341,Low,No Risk,False,0.8535175457768814
Sodium Stearoyl Glutamate,Sodium Stearoyl Glutamate,Emulsifier,Surfactant,Naturally Derived,Approved,Safe,Safe,True,0.9114600118160637,No Risk,Low,False,0.9477722172313323,Low,No Risk,False,0.9974320311995061
Isoamyl Cocoate,Isoamyl Cocoate,Emollient,Emollient,Synthetic,Approved,Safe,Safe,True,0.9959346091152492,No Risk,Low,False,0.7516986962588126,Low,No Risk,False,0.6280542168637501
Coco-Caprylate/Caprate,Coco-Caprylate/Caprate,Emollient,Emollient,Naturally Derived,Approved,Safe,Safe,True,0.9950785435323785,No Risk,Low,False,0.5735438398901438,Low,No Risk,False,0.8146527180340548
Neopentyl Glycol Diethylhexanoate,Neopentyl Glycol Diethylhexanoate,Emollient,Emollient,Synthetic,Approved,Safe,Safe,True,0.9946264961822685,No Risk,Low,False,0.8509249602217289,Low,No Risk,False,0.9588772996575864
Dicaprylyl Ether,Dicaprylyl Ether,Emollient,Emollient,Naturally Derived,Approved,Safe,Safe,True,0.9986244501529019,No Risk,Low,False,0.5955804194423481,Low,No Risk,False,0.7970983961942816
Sodium Phosphate,Sodium Phosphate,pH Adjuster,Salt,Mineral,Approved,Very Safe,Very Safe,True,0.9963237360311924,No Risk,No Risk,True,0.9960443193663965,Low,Low,True,0.9843543719377134
Disodium Phosphate,Disodium Phosphate,pH Adjuster,Salt,Mineral,Approved,Very Safe,Very Safe,True,0.9070577696599073,No Risk,No Risk,True,0.9892321535345525,Low,Low,True,0.9705940391980373
Trisodium Phosphate,Trisodium Phosphate,pH Adjuster,Salt,Mineral,Approved,Very Safe,Very Safe,True,0.9987766191849078,No Risk,No Risk,True,0.9955296730130062,Low,Low,True,0.9990964939551034
Sodium Metasilicate,Sodium Metasilicate,pH Adjuster,Mineral,Mineral,Approved,Very Safe,Safe,False,0.7186849369256677,No Risk,No Risk,True,0.6729492774326656,Low,Low,True,0.9028390185397911
Ammonium Alum,Ammonium Alum,Astringent,Salt,Mineral,Approved,Very Safe,Very Safe,True,0.5686699587795702,No Risk,Low,False,0.5227106001060986,Low,Low,True,0.9888558529578998
Zeolite,Zeolite,Odor Absorber,Mineral,Mineral,Approved,Very Safe,Safe,False,0.8457593507234467,No Risk,Low,False,0.8172730730029009,Low,Low,True,0.9063285326996984
Sodium Aluminosilicate,Sodium Aluminosilicate,Anti-Caking Agent,Mineral,Mineral,Approved,Very Safe,Very Safe,True,0.9674651576983496,No Risk,No Risk,True,0.9778698680358698,Low,Low,True,0.9922461780732813
Nylon-6,Nylon-6,Viscosity Controlling Agent,Polymer,Synthetic,Approved,Very Safe,Safe,False,0.8541884988806459,No Risk,Low,False,0.6868936609358027,Low,Low,True,0.6595861989544065
Silica Microspheres,Silica Microspheres,Optical Diffuser,Mineral,Mineral,Approved,Very Safe,Safe,False,0.6874689380742586,No Risk,Low,False,0.9828831883995581,Low,Low,True,0.7108213632572054
Polymethyl Methacrylate (PMMA),Polymethyl Methacrylate (PMMA),Optical Diffuser,Polymer,Synthetic,Approved,Very Safe,Safe,False,0.9821901640857276,No Risk,Low,False,0.9913995432376501,Low,No Risk,False,0.8135348243202353
Calcium Phosphate,Calcium Phosphate,Abrasive,Mineral,Mineral,Approved,Very Safe,Safe,False,0.7594460968998034,No Risk,Low,False,0.8870177795129531,Low,Low,True,0.9584747640370376
Potassium Bicarbonate,Potassium Bicarbonate,pH Adjuster,Salt,Mineral,Approved,Very Safe,Very Safe,True,0.9892225714932498,No Risk,No Risk,True,0.5194609265950247,Low,Low,True,0.9741410297845069
Ammonium Bicarbonate,Ammonium Bicarbonate,pH Adjuster,Salt,Mineral,Approved,Very Safe,Very Safe,True,0.7453522885197812,No Risk,Low,False,0.6209599355181689,Low,Low,True,0.7708338529521462
Magnesium Citrate,Magnesium Citrate,Skin Conditioning Agent,Salt,Mineral,Approved,Very Safe,Very Safe,True,0.992779659499649,No Risk,No Risk,True,0.9662877538068347,Low,Low,True,0.9878171691449197
Valine,Valine,Skin Conditioning Agent,Amino Acid,Biotechnology Derived,Approved,Very Safe,Very Safe,True,0.9884878951549738,No Risk,No Risk,True,0.9933123912611694,Low,Low,True,0.9848447720052753
Leucine,Leucine,Skin Conditioning Agent,Amino Acid,Biotechnology Derived,Approved,Very Safe,Very Safe,True,0.9850710255664473,No Risk,No Risk,True,0.9858065739812704,Low,Low,True,0.9914660963482765
Isoleucine,Isoleucine,Skin Conditioning Agent,Amino Acid,Biotechnology Derived,Approved,Very Safe,Very Safe,True,0.9812759727838879,No Risk,No Risk,True,0.9823756842220874,Low,Low,True,0.9856004894701119
Histidine,Histidine,Skin Conditioning Agent,Amino Acid,Biotechnology Derived,Approved,Very Safe,Very Safe,True,0.983569667609661,No Risk,No Risk,True,0.9893512765774529,Low,Low,True,0.98009398512841
Lysine HCl,Lysine HCl,Skin Conditioning Agent,Amino Acid,Biotechnology Derived,Approved,Very Safe,Very Safe,True,0.9791628036180157,No Risk,No Risk,True,0.9963105584609377,Low,Low,True,0.9723111589614282
Glutamic Acid,Glutamic Acid,Skin Conditioning Agent,Amino Acid,Biotechnology Derived,Approved,Very Safe,Very Safe,True,0.9535987275420638,No Risk,No Risk,True,0.9930146358169635,Low,Low,True,0.9655529963048455
Trimethylsiloxyphenyl Dimethicone,Trimethylsiloxyphenyl Dimethicone,Emollient,Silicone,Synthetic,Approved,Very Safe,Safe,False,0.9984532895475218,No Risk,Low,False,0.9984125275283329,Low,No Risk,False,0.985163849582992
PEG-10 Dimethicone,PEG-10 Dimethicone,Emulsifier,Silicone,Synthetic,Approved,Very Safe,Safe,False,0.9873134916485888,No Risk,Low,False,0.9569086353577866,Low,No Risk,False,0.9420497167742158
