Ingredient_Name,canonical_group_id,Safety_Level_true,Safety_Level_pred,Safety_Level_fold,Safety_Level_prob_High Risk,Safety_Level_prob_Moderate Risk,Safety_Level_prob_Safe,Safety_Level_prob_Very Safe,Allergy_Risk_true,Allergy_Risk_pred,Allergy_Risk_fold,Allergy_Risk_prob_High,Allergy_Risk_prob_Low,Allergy_Risk_prob_Medium,Allergy_Risk_prob_No Risk,Irritation_Risk_true,Irritation_Risk_pred,Irritation_Risk_fold,Irritation_Risk_prob_High,Irritation_Risk_prob_Low,Irritation_Risk_prob_Medium,Irritation_Risk_prob_No Risk
Aqua (Water),Aqua (Water),Very Safe,Safe,3,0.00020771779539524333,0.024837251762770216,0.6183468479567796,0.3566081824850549,No Risk,Low,3,0.0058352922061931664,0.7946355529209272,0.16433783133011337,0.03519132354276611,No Risk,No Risk,4,0.0032160930495439216,0.16299139176322264,0.054632206844941675,0.7791603083422918
Butylene Glycol,Butylene Glycol,Safe,Safe,4,0.004475022789242874,0.17239663087636717,0.6988745534751939,0.12425379285919608,Low,Low,2,0.00048232435414124217,0.9813157871567544,0.0021495472734224317,0.01605234121568182,Low,No Risk,0,0.0114474467349508,0.14016363900285095,0.063904449211294,0.7844844650509042
Propylene Glycol,Propylene Glycol,Safe,Safe,1,0.0032027950507328294,0.008786351393551758,0.9499725096469903,0.038038343908725014,Medium,Low,0,0.0041892379632255125,0.8938998418260847,0.01500400054515293,0.08690691966553694,Low,Low,2,0.013891475081206965,0.6496021457456757,0.023539511933684202,0.31296686723943323
Pentylene Glycol,Pentylene Glycol,Safe,Safe,0,0.00041242077612614836,0.0022587947780814163,0.9713852481301054,0.02594353631568718,Low,Low,1,0.0026735151658412786,0.8720750969761758,0.03537096984500145,0.08988041801298144,No Risk,No Risk,2,0.009832212192450042,0.4889938467820718,0.009440511651398678,0.4917334293740795
Dipropylene Glycol,Dipropylene Glycol,Safe,Safe,0,0.005043316370622484,0.13186509660355444,0.8197075296632326,0.043384057362590586,Low,Low,0,0.0026326787497109967,0.9782994608757202,0.005210759459455463,0.013857100915113194,Low,No Risk,0,0.03394222770770942,0.16583229261186738,0.3836304935621587,0.41659498611826457
Hexylene Glycol,Hexylene Glycol,Safe,Safe,3,0.0008315857660416593,0.11753367751888606,0.8740041178340155,0.007630618881056818,Low,Low,1,0.0013185671171269944,0.9851956654727396,0.006061078577539694,0.0074246888325937115,Low,No Risk,0,0.016420927593133045,0.07676236189462181,0.12135645862082005,0.7854602518914252
Isopropyl Alcohol,Isopropyl Alcohol,Moderate Risk,Moderate Risk,3,0.002469467187874345,0.969421691012145,0.02357643860518194,0.00453240319479867,Low,Low,3,0.01537155215226696,0.9069783355999929,0.06853789250848964,0.009112219739250582,Medium,Medium,3,0.005986730114734222,0.05916136722048549,0.9214320995081664,0.013419803156613766
Ethanol,Ethanol,Moderate Risk,Moderate Risk,0,0.004137530453663949,0.43794633391032844,0.40066535374990736,0.15725078188610028,Low,Low,4,0.015363361828873445,0.9494067586336541,0.014242965177030558,0.02098691436044191,Medium,Medium,2,0.0037819132011361997,0.2773382114726671,0.5711578475687974,0.14772202775739943
Alcohol Denat.,Alcohol Denat.,Moderate Risk,Moderate Risk,1,0.004544659531891442,0.8953582681858039,0.09037439077620879,0.009722681506095867,Low,Low,1,0.00935526542316105,0.8809683141814358,0.09453524014802422,0.015141180247378887,Medium,Medium,3,0.008785787587736935,0.15218200934410742,0.8032278378976535,0.0358043651705022
SD Alcohol 40,SD Alcohol 40,Moderate Risk,Moderate Risk,2,0.007804918665546634,0.6498053700622549,0.3284597241906076,0.013929987081590914,Low,Low,1,0.008044616599695036,0.9366521024045221,0.04364050853284529,0.011662772462937506,Medium,Medium,3,0.011161852295134616,0.2071373573027682,0.7279681574171747,0.0537326329849225
Caprylyl Glycol,Caprylyl Glycol,Safe,Safe,3,0.00026632887137965477,0.0042688865070615025,0.6451780883327235,0.3502866962888353,Low,Low,0,0.0018007210223750228,0.6632881463409571,0.008605591308156127,0.3263055413285117,No Risk,No Risk,3,0.0014937797767391138,0.4606978256967843,0.01304712798138721,0.5247612665450895
Glycerin,Glycerin,Very Safe,Safe,3,9.004543126316984e-05,0.008845484047753673,0.8230163736337627,0.16804809688722042,Low,Low,2,0.001460313374762341,0.9482270242753398,0.023973801017944996,0.02633886133195305,No Risk,Low,2,0.0028873249833115725,0.5831938403839391,0.010227978901694315,0.403690855731055
Sodium PCA,Sodium PCA,Safe,Safe,4,0.00039932171260010014,0.0026713293589696956,0.5927243453123996,0.4042050036160305,Low,No Risk,3,0.0016687412488037,0.35519072461700973,0.008255707783897644,0.6348848263502889,No Risk,No Risk,2,0.00231037825940845,0.37587532827645886,0.014733462316702906,0.6070808311474298
Propanediol,Propanediol,Safe,Safe,2,0.00037750531435854477,0.0051069846134788955,0.5818548881264265,0.41266062194573605,Low,Low,2,0.0012080785564105927,0.9015386866537388,0.009516725842116673,0.08773650894773398,No Risk,No Risk,4,0.001736875103682154,0.19830161349357323,0.003913132435563461,0.7960483789671812
Sorbitol,Sorbitol,Very Safe,Very Safe,0,0.0004714198054534951,0.009934995219557813,0.4626473216505868,0.526946263324402,No Risk,Low,3,0.0019817647399971087,0.9059670383279217,0.010147036755586427,0.08190416017649499,No Risk,No Risk,3,0.0017489097209347445,0.1665361968753944,0.012909548061297984,0.8188053453423729
Glyceryl Glucoside,Glyceryl Glucoside,Safe,Very Safe,0,0.0003693511550500577,0.0033064219486758518,0.4010982745410787,0.5952259523551954,Low,Low,2,0.0012463755411453844,0.8680620161246216,0.004054407966703641,0.12663720036752943,No Risk,No Risk,2,0.001251009726828828,0.0845519794590089,0.003919295097492459,0.9102777157166698
Trehalose,Trehalose,Very Safe,Safe,1,7.472650640806209e-05,0.0018125497590487777,0.9898997262909888,0.008212997443554181,No Risk,Low,0,0.000545359958061855,0.9885375444821373,0.002521920126754256,0.008395175433046525,No Risk,No Risk,0,0.0003606328882804582,0.012948707422760684,0.003461888460131565,0.9832287712288272
Xylitol,Xylitol,Very Safe,Safe,3,0.00036915357540437567,0.01613434349562673,0.7744242285940411,0.2090722743349279,Low,Low,4,0.007572338453818893,0.7404436260085331,0.016315648994195766,0.2356683865434522,No Risk,No Risk,2,0.0017950368107875739,0.055133521938409584,0.04250941742925068,0.9005620238215521
Xylitylglucoside,Xylitylglucoside,Safe,Very Safe,4,0.00048408828264447,0.002895854805711906,0.2849049788530565,0.7117150780585871,Low,Low,1,0.0021513297747913747,0.713134663526266,0.007590622400384386,0.27712338429855826,No Risk,No Risk,0,0.0006341705024878977,0.11610268087430005,0.002541940005366523,0.8807212086178456
Anhydroxylitol,Anhydroxylitol,Safe,Very Safe,3,0.000350054811758047,0.0038903705642270065,0.38342577594099364,0.6123337986830213,Low,Low,3,0.0015079969875616062,0.6797807418404088,0.004622396961578912,0.3140888642104507,No Risk,No Risk,3,0.0012664957389008139,0.14803668759812574,0.003365518728029972,0.8473312979349436
Inulin,Inulin,Safe,Safe,2,0.00025766684899070715,0.007387054799170373,0.9540671665226897,0.03828811182914907,Low,Low,4,0.008041007437855772,0.7816024758988026,0.12043458968764591,0.08992192697569565,No Risk,No Risk,2,0.0018767236946765817,0.01826401518322885,0.018373248606639175,0.9614860125154554
Sodium Lactate,Sodium Lactate,Safe,Very Safe,3,0.00013212113840260032,0.0016244387368282028,0.15977694426668004,0.8384664958580892,Low,No Risk,1,0.002095067927483553,0.46943620062905583,0.007061778037354932,0.5214069534061057,Low,Low,4,0.0010723954462489738,0.5599071419108951,0.0026093830106949613,0.43641107963216097
Polyglutamic Acid,Polyglutamic Acid,Safe,Very Safe,3,0.00028679222378303704,0.0031504584752659885,0.3802713622004317,0.6162913871005193,Low,No Risk,4,0.002458566231808215,0.31396439094188294,0.008253119133562909,0.675323923692746,No Risk,No Risk,3,0.00024168167429769385,0.02943155157145486,0.0011592254089031627,0.9691675413453443
Beta-Glucan,Beta-Glucan,Safe,Very Safe,2,0.00031076442750904997,0.002883349236081115,0.34134350804364355,0.6554623782927662,Low,Low,0,0.0009339959297861988,0.873544893191927,0.004179481810286217,0.12134162906800057,No Risk,No Risk,2,0.00041998027189863124,0.05390320293142713,0.002895744895121614,0.9427810719015527
Betaine,Betaine,Safe,Very Safe,2,0.0002452696617276179,0.005238670619566539,0.43488470185385814,0.5596313578648477,Low,Low,0,0.002630932278848417,0.7265062757394769,0.009563176344859606,0.2612996156368151,No Risk,Low,0,0.0008388618243033199,0.648397972496679,0.012666360290146478,0.3380968053888713
Urea,Urea,Safe,Safe,2,0.006725621711991113,0.03621341403504341,0.6070822784867526,0.34997868576621294,Low,Low,4,0.00667106498695117,0.6272360848697738,0.22666010792339059,0.13943274221988433,Medium,Low,4,0.009603460434327556,0.6704773986122304,0.04673466461807889,0.27318447633536325
Honey (Mel),Honey (Mel),Safe,Safe,3,0.000630641659408451,0.023475429960160887,0.673608648884454,0.3022852794959765,Medium,Low,3,0.01368465510161178,0.6990699782977488,0.2623925348408153,0.024852831759824057,Low,No Risk,3,0.014166588001800033,0.31167208319993656,0.04697407176007808,0.6271872570381853
Aloe Barbadensis Leaf Juice,Aloe Barbadensis Leaf Juice,Very Safe,Safe,0,0.002129618168730093,0.011945659821362573,0.7415052525759754,0.24441946943393203,Low,Low,2,0.010555543831159473,0.7490009291074387,0.19230173469358589,0.048141792367816155,No Risk,No Risk,2,0.00414459858643376,0.2195310302375772,0.034452363280994755,0.7418720078949943
Sodium Hyaluronate,Sodium Hyaluronate,Very Safe,Safe,2,0.0003954026511675265,0.0039650416207115645,0.652271353416033,0.3433682023120878,No Risk,No Risk,4,0.0012132612106928423,0.1909367200565984,0.0027508542523036294,0.8050991644804051,No Risk,No Risk,2,0.0003853435737011585,0.023005647807973362,0.0007483481658059872,0.9758606604525195
Hyaluronic Acid,Hyaluronic Acid,Very Safe,Safe,4,0.0004991999552556057,0.003919814129413284,0.5812408394566436,0.4143401464586875,No Risk,No Risk,1,0.004939588824240657,0.4132941873964031,0.010927305369267433,0.5708389184100888,No Risk,No Risk,3,0.0005063996722266779,0.09895800234528718,0.0025039545775199707,0.8980316434049662
Sodium Hyaluronate Crosspolymer,Sodium Hyaluronate Crosspolymer,Safe,Safe,2,0.0005243029983125941,0.010098515293591072,0.8780981514759452,0.11127903023215137,No Risk,No Risk,4,0.0037771158847516037,0.4192535029296266,0.005627668435819374,0.5713417127498024,No Risk,No Risk,0,0.0004952380235197215,0.022687361355310114,0.0025762482418052626,0.9742411523793648
Panthenol,Panthenol,Very Safe,Very Safe,0,0.0005574508162056854,0.004931014820231977,0.16246398393433525,0.8320475504292271,Low,No Risk,4,0.004125155724114747,0.4274758005190371,0.019526762003288893,0.5488722817535593,No Risk,No Risk,2,0.007090757835154875,0.33059284140664147,0.03408550465589391,0.6282308961023098
Dexpanthenol,Dexpanthenol,Very Safe,Safe,1,0.0027806825851066867,0.04149803366990614,0.8809594072275945,0.07476187651739284,Low,Low,1,0.0034321442687559067,0.9274356717372967,0.031946644331170816,0.03718553966277645,No Risk,No Risk,4,0.004901808686546836,0.09258216761935766,0.031180731700989003,0.8713352919931064
Caprylic/Capric Triglyceride,Caprylic/Capric Triglyceride,Very Safe,Safe,0,0.00016687366054177156,0.0010807429654443323,0.8078530554035653,0.19089932797044845,Low,Low,0,0.0006466716982130758,0.9658225712351561,0.007865272311352537,0.025665484755278297,No Risk,No Risk,1,0.0005984798472785188,0.37271179203375665,0.0012264671899340975,0.6254632609290308
Isopropyl Myristate,Isopropyl Myristate,Safe,Safe,2,0.0011882665832215176,0.002938354315521545,0.9674996382369693,0.02837374086428771,Low,Low,4,0.001855947513910801,0.9652797233600703,0.0041108089916675585,0.028753520134351257,Low,No Risk,0,0.002114564833663496,0.2628731676555139,0.007777804151933633,0.7272344633588891
Isopropyl Palmitate,Isopropyl Palmitate,Safe,Safe,4,0.0016631905632853174,0.003347009442916805,0.9755944888980541,0.019395311095743828,Low,Low,4,0.0026300330230827605,0.9432840435800884,0.00518773842924781,0.048898184967581027,Low,Low,4,0.002489753995597287,0.5682034015729762,0.005558222463777585,0.42374862196764884
Cetyl Alcohol,Cetyl Alcohol,Very Safe,Safe,3,0.0007963377230691658,0.01786646502554124,0.5025844927887272,0.47875270446266244,Low,Low,4,0.012814843077158609,0.9042593262874878,0.0075421425164445095,0.07538368811890915,No Risk,No Risk,3,0.00044848401476135037,0.08450658248077292,0.005608891592413775,0.9094360419120519
Stearyl Alcohol,Stearyl Alcohol,Very Safe,Very Safe,2,0.0009620026174973438,0.012986422320819677,0.48951500972675277,0.4965365653349301,Low,Low,1,0.008368847933325185,0.9234380098275161,0.006085437368279297,0.062107704870879424,No Risk,No Risk,4,0.0005163430920421368,0.1544669582240265,0.01413025053928516,0.8308864481446462
Cetearyl Alcohol,Cetearyl Alcohol,Very Safe,Safe,2,0.0007819038141224921,0.009409171515511251,0.7581123281552442,0.23169659651512212,Low,Low,0,0.005130637909126916,0.9142807057504854,0.010811973975911557,0.06977668236447616,No Risk,No Risk,2,0.0006193980331433536,0.25890850234129154,0.010904858928665228,0.7295672406968998
Behenyl Alcohol,Behenyl Alcohol,Safe,Very Safe,0,0.001376937668495856,0.010346760174264003,0.3540523206372306,0.6342239815200095,Low,Low,0,0.0025995431559379108,0.972883055698097,0.007900844255989465,0.01661655688997546,No Risk,No Risk,4,0.00239620235847661,0.36005877720555146,0.013749103105470369,0.6237959173305014
Myristyl Alcohol,Myristyl Alcohol,Safe,Safe,2,0.0013615824461362211,0.029519651181860673,0.6123533792348391,0.356765387137164,Low,Low,2,0.004880314374027423,0.8841353603693379,0.02822401841607167,0.0827603068405631,No Risk,No Risk,3,0.0007665440648701562,0.12700923953500523,0.011596357135551193,0.8606278592645734
Lauryl Alcohol,Lauryl Alcohol,Safe,Safe,2,0.0006977121850786385,0.03252075233174162,0.8238834726954656,0.1428980627877141,Low,Low,3,0.014666054541314425,0.9530612172902734,0.024966568863640553,0.007306159304771642,Low,No Risk,3,0.0016813718538759492,0.12283010988839695,0.026558283384731603,0.8489302348729955
Squalane,Squalane,Very Safe,Safe,3,0.0001929681531152067,0.0015243655465121725,0.677520422746374,0.3207622435539986,Low,Low,0,0.0004782130172330771,0.9796279674777313,0.0037657842412509635,0.016128035263784535,No Risk,No Risk,0,0.00028781689964652734,0.1897999580619829,0.001051837903549765,0.8088603871348207
Squalene,Squalene,Safe,Safe,1,0.0006846889347065159,0.005481446829603206,0.9173178310741005,0.07651603316158989,Low,Low,0,0.010993647710128847,0.9133103424173359,0.05844097362884375,0.017255036243691534,No Risk,No Risk,1,0.0029010078032456776,0.22994928812529275,0.010165309496297098,0.7569843945751645
Simmondsia Chinensis Seed Oil (Jojoba Oil),Simmondsia Chinensis Seed Oil (Jojoba Oil),Very Safe,Safe,1,0.0003428261995514675,0.0012180813593731141,0.8313171678782633,0.16712192456281202,Low,Low,0,0.0017405580130169,0.9086624252265608,0.0767910630397927,0.01280595372062954,No Risk,No Risk,1,0.0010322170728584035,0.13523155595732542,0.0031093895995047047,0.8606268373703115
Cocos Nucifera Oil (Coconut Oil),Cocos Nucifera Oil (Coconut Oil),Safe,Safe,1,0.0012348661791351677,0.005988451418769728,0.6987281131153902,0.294048569286705,Medium,Low,0,0.002970422300125858,0.8808110542528413,0.10061129056099036,0.01560723288604253,Low,Low,0,0.0021021674279908314,0.6276468846375779,0.005612680476863567,0.36463826745756767
Prunus Amygdalus Dulcis Oil (Sweet Almond Oil),Prunus Amygdalus Dulcis Oil (Sweet Almond Oil),Safe,Safe,2,0.0012055372506235762,0.003993473439171185,0.5338609260876077,0.4609400632225975,Medium,Low,2,0.003134587615474347,0.835293851469537,0.15158239983555724,0.009989161079431283,Low,No Risk,3,0.0013074200431761245,0.23722599264233382,0.002872798368933522,0.7585937889455565
Argania Spinosa Kernel Oil (Argan Oil),Argania Spinosa Kernel Oil (Argan Oil),Very Safe,Safe,4,0.0006803247932062989,0.005067631039002705,0.7291268862073277,0.2651251579604633,Low,Low,1,0.0027640298766622214,0.9250332544129852,0.06524117852490022,0.006961537185452387,No Risk,No Risk,0,0.0012131187452624574,0.3053914539180623,0.003925058512190766,0.6894703688244844
Butyrospermum Parkii Butter (Shea Butter),Butyrospermum Parkii Butter (Shea Butter),Very Safe,Safe,4,0.0004994272757977772,0.005108969898034415,0.9410518602885429,0.05333974253762478,Low,Low,4,0.00981751849014161,0.9531272080984624,0.019798054014765733,0.017257219396630115,No Risk,No Risk,4,0.0024109587428729176,0.12203930596110561,0.011539674202660744,0.8640100610933608
Theobroma Cacao Seed Butter (Cocoa Butter),Theobroma Cacao Seed Butter (Cocoa Butter),Safe,Safe,4,0.0004278295335509412,0.005851398387670703,0.9814209329084911,0.012299839170287371,Medium,Low,4,0.021668851984183828,0.9323862403247188,0.031016510305198086,0.01492839738589937,Low,No Risk,4,0.005066919738811655,0.061013489835379645,0.031291862388494705,0.9026277280373141
Paraffinum Liquidum (Mineral Oil),Paraffinum Liquidum (Mineral Oil),Safe,Very Safe,1,0.0016740537961922694,0.005098902052101399,0.2516843122388809,0.7415427319128254,Low,Low,1,0.003571312541848589,0.8777122112212862,0.042196212729201314,0.07652026350766389,No Risk,Low,1,0.001980779959785108,0.752153695569862,0.012892240043728645,0.23297328442662427
Petrolatum,Petrolatum,Very Safe,Safe,3,0.0011584851349334398,0.0061502654419925175,0.7255540825158803,0.26713716690719375,Low,Low,2,0.0031232208990436806,0.9462097335557067,0.010369742275235171,0.04029730327001448,No Risk,No Risk,1,0.0032735217280418388,0.37560218857866634,0.048688544677772644,0.5724357450155192
Dimethicone,Dimethicone,Very Safe,Safe,0,0.0027061387975297964,0.007240351057473558,0.7919813807996797,0.19807212934531698,Low,Low,1,0.0034077223779398597,0.8521956527623074,0.009933801116375405,0.1344628237433775,No Risk,No Risk,1,0.0014053112179847496,0.060674806624597656,0.0021970197089487263,0.9357228624484689
Cyclomethicone,Cyclomethicone,Safe,Safe,4,0.0014263161549054413,0.009861844510617777,0.9064498018279022,0.08226203750657468,Low,Low,4,0.0013683028441605115,0.9782606606047838,0.0015720603434997568,0.018798976207555832,No Risk,No Risk,1,0.0021760582351903358,0.023374430057809852,0.002789075707647703,0.9716604359993521
Cyclopentasiloxane,Cyclopentasiloxane,Safe,Safe,0,0.014142012862244934,0.06282439815739546,0.8094613925188248,0.11357219646153499,Low,Low,0,0.005977496497688652,0.9552630925632077,0.023395470445285445,0.0153639404938182,No Risk,No Risk,0,0.006240812844661295,0.037700535453619094,0.021676141526492665,0.934382510175227
Cyclohexasiloxane,Cyclohexasiloxane,Safe,Safe,2,0.01784517062405168,0.422372422221766,0.4946388741209258,0.0651435330332566,Low,Low,2,0.005980236098799141,0.8692949313208896,0.07287584923434419,0.05184898334596707,No Risk,No Risk,2,0.015000307672901206,0.051653182957054754,0.04719700369397393,0.88614950567607
Isohexadecane,Isohexadecane,Safe,Safe,2,0.0009514054211576825,0.002903064854188574,0.9845081420042894,0.011637387720364309,Low,Low,4,0.005231444045241573,0.9348528185068475,0.005465229448864706,0.05445050799904612,No Risk,No Risk,4,0.003529681744317852,0.1412496790515531,0.011835581303722904,0.8433850579004061
Octyldodecanol,Octyldodecanol,Safe,Safe,2,0.0012317273234622652,0.005556093227366139,0.9619861524595931,0.031226026989578406,Low,Low,2,0.001948435537861241,0.9778645978117266,0.01240207092694079,0.007784895723471461,Low,No Risk,2,0.008201588683453914,0.2663406693631056,0.037312333234248846,0.6881454087191917
PPG-15 Stearyl Ether,PPG-15 Stearyl Ether,Safe,Safe,2,0.0011866711257055601,0.0037094827173090924,0.9594231560814951,0.03568069007549035,Low,Low,2,0.0010573824096661991,0.9344593282214443,0.014671060392883524,0.04981222897600608,Low,No Risk,1,0.002021435432840205,0.1510768566776943,0.006880047160513736,0.8400216607289517
Butyl Stearate,Butyl Stearate,Safe,Safe,4,0.000806510225080681,0.006328223640355568,0.9885927188186505,0.004272547315913261,Low,Low,2,0.0009581614650326981,0.9710116986004405,0.016322495343797167,0.011707644590729748,No Risk,No Risk,2,0.002818682819697921,0.1331548810835583,0.005001837087719679,0.8590245990090241
Isononyl Isononanoate,Isononyl Isononanoate,Safe,Safe,1,0.00030026463265896716,0.0015646193370079877,0.9939885883592411,0.0041465276710918675,Low,Low,1,0.0039511691158432794,0.9452065844034551,0.005424250503071274,0.0454179959776303,No Risk,No Risk,0,0.002161054982516419,0.08762591523957544,0.01047759064608889,0.8997354391318192
C12-15 Alkyl Benzoate,C12-15 Alkyl Benzoate,Safe,Safe,1,0.0001892777989450624,0.0008596506636722447,0.9943397460206425,0.0046113255167402134,Low,Low,2,0.001372573793046815,0.9197822051410509,0.008819835569243066,0.07002538549665928,No Risk,No Risk,3,0.002237810474867483,0.1333336647227857,0.005723170865777793,0.858705353936569
Diisopropyl Adipate,Diisopropyl Adipate,Safe,Safe,4,0.0009065026251295975,0.0042677941581897375,0.9913531869112446,0.003472516305436025,Low,Low,0,0.03148103383775551,0.9067676539643101,0.018033449491092687,0.043717862706841734,No Risk,No Risk,2,0.007867132276315345,0.18614543003408565,0.05145621285147019,0.7545312248381288
Dicaprylyl Carbonate,Dicaprylyl Carbonate,Safe,Safe,0,1.4134507102693401e-05,0.00031065246402975756,0.9949956874407402,0.004679525588127465,Low,Low,0,0.0017389456057416285,0.9519358153889332,0.0016019538272704402,0.04472328517805452,No Risk,No Risk,0,0.00011317592665200776,0.013117208527385993,0.0010944151886549056,0.985675200357307
Ethylhexyl Palmitate,Ethylhexyl Palmitate,Safe,Safe,0,0.00015110131799786074,0.0006465732246607545,0.9973225104587944,0.0018798149985469429,Low,Low,0,0.002374887185478435,0.9828273329796572,0.0021285100486523206,0.012669269786212222,No Risk,No Risk,0,0.002065128061832124,0.1676213109987611,0.0074188397751016035,0.8228947211643052
Glyceryl Stearate,Glyceryl Stearate,Very Safe,Safe,0,0.0008723165416561794,0.0026832318113857415,0.8994336967827007,0.09701075486425732,Low,Low,0,0.002929601101879378,0.7550469346158596,0.0026180152505607683,0.23940544903170022,No Risk,No Risk,0,0.0003071255166922365,0.03858092069364669,0.0010301786747679764,0.960081775114893
Olea Europaea Fruit Oil (Olive Oil),Olea Europaea Fruit Oil (Olive Oil),Safe,Safe,4,0.0006586661515633063,0.006432141169517873,0.7906812973796044,0.2022278952993143,Low,Low,0,0.0028470023177749144,0.9096067956201689,0.07401146967483561,0.013534732387220642,No Risk,Low,2,0.0025536087882081643,0.7120618096047747,0.009007074424373412,0.2763775071826437
Helianthus Annuus Seed Oil (Sunflower Oil),Helianthus Annuus Seed Oil (Sunflower Oil),Very Safe,Safe,0,0.0010468794062510355,0.0034151787386422702,0.841953973771474,0.1535839680836327,Low,Low,2,0.002122674347446498,0.923110135156328,0.06785219924811382,0.006914991248111543,No Risk,No Risk,1,0.0018327475931439528,0.41810614370637095,0.004437425187647421,0.5756236835128377
Sesamum Indicum Seed Oil (Sesame Oil),Sesamum Indicum Seed Oil (Sesame Oil),Safe,Safe,1,0.001131089815166664,0.008927016387589429,0.9295219437461043,0.06041995005113961,Medium,Low,2,0.006557592706576339,0.7153775523604685,0.2640050360343587,0.014059818898596458,Low,No Risk,4,0.006305507189587703,0.2868022606126065,0.028455890739553544,0.6784363414582522
Ricinus Communis Seed Oil (Castor Oil),Ricinus Communis Seed Oil (Castor Oil),Safe,Safe,0,0.00047077833727237494,0.00529071693118249,0.9725408455619329,0.021697659169612093,Low,Medium,2,0.020340461650542627,0.41628381614413684,0.5548722235547239,0.008503498650596748,Low,No Risk,2,0.004337754263503115,0.1459792575947719,0.08154897649884235,0.7681340116428825
Vitis Vinifera Seed Oil (Grapeseed Oil),Vitis Vinifera Seed Oil (Grapeseed Oil),Very Safe,Safe,2,0.0002480187994709277,0.0033234757644237754,0.9484234213480542,0.04800508408805104,Low,Low,0,0.002133218526283192,0.9481832579195256,0.04539194852759308,0.004291575026597968,No Risk,No Risk,4,0.0023279209553439192,0.08659593811064502,0.002610896150823053,0.9084652447831879
Prunus Armeniaca Kernel Oil (Apricot Kernel Oil),Prunus Armeniaca Kernel Oil (Apricot Kernel Oil),Safe,Safe,4,0.0011205456761838183,0.010155661289602236,0.8762570194991517,0.11246677353506221,Low,Low,4,0.007695847950925743,0.778773468868471,0.20280032828603528,0.010730354894567928,No Risk,No Risk,1,0.004817951061154106,0.23361288384016904,0.014863309621746191,0.7467058554769306
Persea Gratissima Oil (Avocado Oil),Persea Gratissima Oil (Avocado Oil),Safe,Safe,1,0.0010338049549827714,0.006090136670821736,0.9426292085463567,0.050246849827838946,Low,Low,1,0.004476685611092599,0.8209229745800499,0.1664633751657154,0.008136964643142064,No Risk,No Risk,1,0.003429055625371554,0.19550932293350012,0.007196273669403914,0.7938653477717244
Oryza Sativa Bran Oil (Rice Bran Oil),Oryza Sativa Bran Oil (Rice Bran Oil),Safe,Safe,1,0.0004217545620337402,0.003241956833942371,0.9373215953626646,0.059014693241359356,Low,Low,3,0.0027882486294666907,0.9490141562780182,0.04162705203924453,0.006570543053270579,No Risk,No Risk,0,0.0013548541101543275,0.13446960543194875,0.004192005095314812,0.8599835353625821
Macadamia Ternifolia Seed Oil,Macadamia Ternifolia Seed Oil,Safe,Safe,3,0.0008078062803721415,0.007567677142452321,0.9129709644534348,0.07865355212374069,Low,Low,4,0.009842742697126762,0.6807464998085558,0.29303352432327834,0.01637723317103901,No Risk,No Risk,0,0.004248367073931814,0.2472779277853359,0.022264403270806088,0.7262093018699262
Limnanthes Alba Seed Oil (Meadowfoam Seed Oil),Limnanthes Alba Seed Oil (Meadowfoam Seed Oil),Safe,Safe,2,0.0002953648973161338,0.0042267876828383545,0.936971390291096,0.05850645712874948,Low,Low,1,0.0035263953231978312,0.9146339495489668,0.07181688849174915,0.010022766636086351,No Risk,No Risk,3,0.0014779042405782812,0.07504825177324498,0.0036851263924239553,0.9197887175937529
Carthamus Tinctorius Seed Oil (Safflower Oil),Carthamus Tinctorius Seed Oil (Safflower Oil),Safe,Safe,2,0.00045121358616829837,0.003854092470965649,0.9759098094808434,0.019784884462022687,Low,Low,0,0.0052458078438183415,0.9091205515150359,0.08028828237278277,0.005345358268363188,No Risk,No Risk,4,0.001919351874964425,0.19388111843707911,0.00859504162918637,0.79560448805877
Triticum Vulgare Germ Oil (Wheat Germ Oil),Triticum Vulgare Germ Oil (Wheat Germ Oil),Safe,Safe,4,0.0002093872868471646,0.0047211124098025395,0.9289751142649885,0.06609438603836172,Medium,Low,4,0.003159387757502342,0.8795922721527637,0.10309850409206518,0.014149835997668834,Low,No Risk,4,0.002843029904038183,0.07377638997135408,0.006011854400691199,0.9173687257239166
Oenothera Biennis Oil (Evening Primrose Oil),Oenothera Biennis Oil (Evening Primrose Oil),Safe,Safe,0,0.0014100348830466314,0.005522323444210074,0.7109616973008672,0.28210594437187625,Low,Low,4,0.004509823391189621,0.8733360043048674,0.10486181548703781,0.017292356816905354,No Risk,No Risk,4,0.0019157602370330725,0.3806375222921047,0.003930833133894024,0.6135158843369682
Rosa Canina Fruit Oil (Rosehip Oil),Rosa Canina Fruit Oil (Rosehip Oil),Safe,Safe,4,0.00022211209130240542,0.0038667643332571874,0.9494217548691241,0.04648936870631628,Low,Low,3,0.0035638031209260504,0.9411610936785125,0.04636750374037521,0.008907599460186278,No Risk,No Risk,4,0.0021424319719637727,0.052145425637640366,0.002433681065618122,0.9432784613247778
Sclerocarya Birrea Seed Oil (Marula Oil),Sclerocarya Birrea Seed Oil (Marula Oil),Safe,Safe,1,0.0002325668721249649,0.0020739842613081553,0.9727265749735508,0.02496687389301625,Low,Low,1,0.0029492548270318767,0.8862974990939457,0.10209294462951565,0.008660301449506743,No Risk,No Risk,3,0.0024430934869500726,0.15438676119718886,0.014006178970696522,0.8291639663451644
Calophyllum Inophyllum Seed Oil (Tamanu Oil),Calophyllum Inophyllum Seed Oil (Tamanu Oil),Safe,Safe,3,0.0009548269843295439,0.00760250856515571,0.8729558462672312,0.11848681818328342,Low,Low,0,0.008240474196972082,0.8330620579196981,0.14638309045217188,0.012314377431157751,Low,No Risk,2,0.0037494074996296386,0.20648955837803762,0.014521611462856809,0.7752394226594759
Azadirachta Indica Seed Oil (Neem Oil),Azadirachta Indica Seed Oil (Neem Oil),Safe,Safe,4,0.0004287473294709328,0.0777836324921944,0.8882837179529539,0.033503902225380834,Medium,Medium,4,0.0011356036558888445,0.14243655339179165,0.8550078078261876,0.0014200351261319656,Low,Low,3,0.05621915839768103,0.5134233517471649,0.21985190303526744,0.21050558681988657
Garcinia Indica Seed Butter (Kokum Butter),Garcinia Indica Seed Butter (Kokum Butter),Safe,Safe,1,0.000603474197755514,0.008895065868087042,0.9135879811431373,0.07691347879102006,Low,Low,2,0.00742404487773964,0.8980888475230545,0.08524496523389785,0.009242142365308017,No Risk,No Risk,1,0.0017161521492102328,0.04882546277076934,0.008751298051464965,0.9407070870285554
Mangifera Indica Seed Butter (Mango Butter),Mangifera Indica Seed Butter (Mango Butter),Safe,Very Safe,1,0.0018083723579065147,0.004754860930969171,0.40706764397638706,0.5863691227347373,Low,Low,1,0.01708933813780059,0.8591888582651196,0.09950591322204913,0.024215890375030684,No Risk,No Risk,3,0.002307883466049719,0.24155367552705984,0.01078504328939056,0.7453533977174999
Shorea Robusta Seed Butter (Illipe Butter),Shorea Robusta Seed Butter (Illipe Butter),Safe,Safe,3,0.0010274211643945474,0.013288779441754106,0.8844768490177506,0.1012069503761008,Low,Low,1,0.02158550014774849,0.8348864813019656,0.12665082988333645,0.016877188666949473,No Risk,No Risk,3,0.005344342404210722,0.129199398268779,0.031322710906806814,0.8341335484202034
Astrocaryum Murumuru Seed Butter,Astrocaryum Murumuru Seed Butter,Safe,Safe,0,0.0018289471229498266,0.013888363220868326,0.8715239761431258,0.11275871351305618,Low,Low,2,0.004885945408761245,0.9397990144650932,0.04328716096172689,0.012027879164418812,No Risk,No Risk,1,0.004653021723782828,0.12633095621386867,0.01593681155858089,0.8530792105037677
Cannabis Sativa Seed Oil (Hemp Seed Oil),Cannabis Sativa Seed Oil (Hemp Seed Oil),Safe,Safe,4,0.005608022754266961,0.1638549176388569,0.6832520130445847,0.1472850465622914,Low,Low,4,0.009043767181888906,0.5196036327736352,0.46483854286236814,0.0065140571821078064,No Risk,No Risk,4,0.016948448646423166,0.22788340136238366,0.03880567834837104,0.7163624716428222
Linum Usitatissimum Seed Oil (Flaxseed Oil),Linum Usitatissimum Seed Oil (Flaxseed Oil),Safe,Safe,1,0.0009929895608397651,0.006488516967334996,0.9414454387234557,0.0510730547483695,Low,Low,2,0.0062363241912013895,0.6616474941596154,0.3224346084435027,0.009681573205680518,No Risk,No Risk,2,0.0036372509214068175,0.23497750832571668,0.023519913893579044,0.7378653268592974
Cucurbita Pepo Seed Oil (Pumpkin Seed Oil),Cucurbita Pepo Seed Oil (Pumpkin Seed Oil),Safe,Safe,2,0.0002836991767563061,0.004581832109709921,0.9427229623535446,0.052411506359989195,Low,Low,1,0.003606945619812566,0.9185608842152725,0.06802038447702365,0.009811785687891162,No Risk,No Risk,3,0.001658203085938915,0.07823756954353502,0.0044684100310790386,0.9156358173394471
Juglans Regia Seed Oil (Walnut Oil),Juglans Regia Seed Oil (Walnut Oil),Safe,Safe,1,0.001386980715579778,0.009156549865317066,0.9032322914468003,0.08622417797230267,Medium,Low,1,0.008625389250387711,0.6705214715445472,0.3027302824624295,0.01812285674263561,Low,No Risk,0,0.005044465579002767,0.4678542849512961,0.032963523215458895,0.49413772625424235
Citrullus Lanatus Seed Oil (Watermelon Seed Oil),Citrullus Lanatus Seed Oil (Watermelon Seed Oil),Safe,Safe,2,0.0003154909405027063,0.004322805108364607,0.9274049311339359,0.06795677281719696,Low,Low,2,0.0022106386379478885,0.9364962701747123,0.05120471206287016,0.010088379124469896,No Risk,No Risk,1,0.002515259173067623,0.11088567331216131,0.005809032629124637,0.8807900348856463
Camellia Oleifera Seed Oil,Camellia Oleifera Seed Oil,Safe,Safe,2,0.0012675552937709104,0.009662540178777847,0.9020797860809106,0.08699011844654062,Low,Low,0,0.007090554143709054,0.7600211108100922,0.22262197808505316,0.010266356961145737,No Risk,No Risk,0,0.0038973127944031314,0.3021937122257451,0.017061009215479185,0.6768479657643726
Adansonia Digitata Seed Oil (Baobab Oil),Adansonia Digitata Seed Oil (Baobab Oil),Safe,Safe,2,0.0013135140190510325,0.008637630550213578,0.9038399694970195,0.08620888593371576,Low,Low,4,0.006992131470667245,0.7722287976188236,0.20948955853343476,0.011289512377074498,No Risk,No Risk,4,0.004357708001725498,0.28547128410157574,0.011609999809369515,0.6985610080873293
Aleurites Moluccanus Seed Oil (Kukui Nut Oil),Aleurites Moluccanus Seed Oil (Kukui Nut Oil),Safe,Safe,3,0.0007508100601673358,0.0074174381021556365,0.9197163673171919,0.07211538452048523,Low,Low,3,0.008975026578807978,0.5091172933832286,0.46838047613135225,0.0135272039066112,No Risk,No Risk,2,0.0046291475830100345,0.4200253269301537,0.03277511308566552,0.5425704124011707
Brassica Oleracea Italica Seed Oil (Broccoli Seed Oil),Brassica Oleracea Italica Seed Oil (Broccoli Seed Oil),Safe,Safe,2,0.0013283533523950537,0.008054457782177515,0.897423386829588,0.09319380203583931,Low,Low,3,0.004272176726132527,0.9441612111206501,0.04750674887447192,0.0040598632787453934,No Risk,No Risk,2,0.001879255486556055,0.05706064424428284,0.006216235337592024,0.9348438649315691
Salvia Hispanica Seed Oil (Chia Seed Oil),Salvia Hispanica Seed Oil (Chia Seed Oil),Safe,Safe,1,0.0003415874574133232,0.0025788784157520055,0.9573266920328477,0.03975284209398685,Low,Low,0,0.0027091619794946415,0.9469725803403157,0.04493712960613433,0.005381128074055295,No Risk,No Risk,2,0.0015634029365336223,0.06116224760223804,0.004496020640710988,0.9327783288205175
Punica Granatum Seed Oil (Pomegranate Seed Oil),Punica Granatum Seed Oil (Pomegranate Seed Oil),Safe,Safe,2,0.00030135044101798253,0.0044197686156785205,0.9363396549976369,0.058939225945666626,Low,Low,3,0.003238956083782796,0.9463449797318901,0.041593143528631055,0.00882292065569626,No Risk,No Risk,3,0.0013858944030062266,0.07112720975204294,0.0030722367491956577,0.9244146590957552
Nigella Sativa Seed Oil (Black Cumin Seed Oil),Nigella Sativa Seed Oil (Black Cumin Seed Oil),Safe,Safe,2,0.0011685381010625255,0.008786064879324878,0.9096534950206883,0.08039190199892429,Medium,Low,0,0.006715274280667094,0.7621835677932814,0.2210098412239353,0.01009131670211624,Low,No Risk,1,0.004639627478198,0.20831628083755724,0.027712159638268178,0.7593319320459766
Beeswax (Cera Alba),Beeswax (Cera Alba),Safe,Safe,1,0.0005823225147633787,0.010328535396670502,0.9642341224325384,0.024855019656027735,Medium,Low,2,0.006216984074913325,0.9195884757815102,0.06376454903169038,0.010429991111886073,No Risk,No Risk,2,0.0014129781121804688,0.008227862391763603,0.038589699722922206,0.9517694597731337
Candelilla Wax (Euphorbia Cerifera),Candelilla Wax (Euphorbia Cerifera),Safe,Safe,2,0.0003074709461138943,0.005895825569304146,0.9858211655213843,0.007975537963197648,Low,Low,2,0.008185181472771912,0.9082372731759984,0.0807309404595957,0.0028466048916339394,No Risk,No Risk,4,0.0008312933246277738,0.007040299536018306,0.00683742329563175,0.985290983843722
Carnauba Wax (Copernicia Cerifera),Carnauba Wax (Copernicia Cerifera),Safe,Safe,2,0.001081649688750801,0.022231496603562894,0.965750717948117,0.010936135759569249,Low,Low,2,0.018068335235838704,0.8275830919159348,0.1499159919157458,0.0044325809324806936,No Risk,No Risk,0,0.0026412911187158085,0.024828026538523448,0.02578291251560288,0.9467477698271578
Lanolin,Lanolin,Safe,Safe,0,0.0015529429888286054,0.021670561093518108,0.934725918970098,0.04205057694755513,High,Low,2,0.012253336078720178,0.9306601955070714,0.042691044650731404,0.014395423763476793,Medium,No Risk,4,0.004214599702470008,0.019481283885360818,0.0686162471373345,0.9076878692748346
Ozokerite,Ozokerite,Safe,Safe,3,0.00039422468477246376,0.00622582713986944,0.9664718735770373,0.026908074598320758,Low,Low,3,0.0017073792223585718,0.9783989494094724,0.010712047368732887,0.009181623999436204,No Risk,No Risk,2,0.001784818932513137,0.09369251887766798,0.019280782924459238,0.8852418792653597
Microcrystalline Wax,Microcrystalline Wax,Safe,Safe,2,0.0006666381942846351,0.013638186382770933,0.9523172704217499,0.033377905001194544,Low,Low,1,0.010303668218494669,0.9644097217276622,0.012032924243920516,0.013253685809922793,No Risk,No Risk,4,0.0008579224657255967,0.03765331893730345,0.010317114344954621,0.9511716442520164
Paraffin Wax,Paraffin Wax,Safe,Safe,2,0.000522587438930378,0.004716053646802968,0.924616154312849,0.0701452046014175,Low,Low,1,0.014146575331361272,0.9500947876543092,0.023053338261764925,0.01270529875256449,No Risk,No Risk,2,0.0019739254596436145,0.02363433019565457,0.10973819345579515,0.8646535508889067
Polybutene,Polybutene,Safe,Safe,4,0.005557615317210423,0.04811273640518236,0.9311225298316675,0.01520711844593962,Low,Low,1,0.00920907827912028,0.9443936909146977,0.027614537439707144,0.018782693366474743,No Risk,No Risk,0,0.0063928284362912945,0.06873076537625605,0.02131899545805876,0.9035574107293938
Sodium Lauryl Sulfate,Sodium Lauryl Sulfate,Moderate Risk,Safe,3,0.00034902960010548125,0.03134527951007491,0.9474752457910731,0.02083044509874655,Medium,Medium,1,0.004898219937500207,0.17390278559244007,0.8039607641145551,0.017238230355504564,High,Medium,2,0.008167857115947568,0.3506442682395082,0.6130595626497369,0.02812831199480731
Sodium Laureth Sulfate,Sodium Laureth Sulfate,Safe,Safe,2,0.00092448572042552,0.12796824661535164,0.8334333737078672,0.03767389395635566,Medium,Medium,4,0.003756937864757834,0.17150087922651175,0.8170308537134764,0.007711329195254006,Medium,Medium,0,0.10932276340529581,0.4072054590260928,0.4384364239297062,0.045035353638905144
Ammonium Lauryl Sulfate,Ammonium Lauryl Sulfate,Safe,Safe,4,0.0028278938404189533,0.13888453884459206,0.8406543852905297,0.017633182024459404,Medium,Medium,2,0.005501556220236768,0.2745104972830664,0.7022699688016143,0.01771797769508243,Medium,Medium,1,0.05653246716112174,0.3759402355269108,0.5375233320279218,0.030003965284045628
Ammonium Laureth Sulfate,Ammonium Laureth Sulfate,Safe,Safe,0,0.0016673539894132303,0.07860765962201464,0.902213363848423,0.01751162254014906,Medium,Medium,3,0.00532186951026772,0.22337753242778352,0.7599972837503344,0.011303314311614425,Medium,Medium,4,0.0361138282514805,0.20983572827982253,0.7170488886958063,0.0370015547728907
Cocamidopropyl Betaine,Cocamidopropyl Betaine,Safe,Safe,4,0.00020101432660164057,0.022596423561789435,0.9459162113167101,0.031286350794898804,Medium,Low,0,0.002922446829063797,0.5438455648198929,0.4417108857653685,0.011521102585674863,Low,Low,3,0.015357552920258933,0.7343377211893712,0.12600511977821685,0.12429960611215282
Coco-Betaine,Coco-Betaine,Safe,Safe,4,0.0003376848134327624,0.014717087195413547,0.9381719781378255,0.04677324985332828,Low,Low,1,0.005274436381633677,0.7332376792423605,0.24125942023057076,0.02022846414543504,Low,Low,4,0.01705914079759403,0.6541905407509054,0.08926623013681087,0.23948408831468979
Disodium Cocoamphodiacetate,Disodium Cocoamphodiacetate,Safe,Safe,0,0.00038520285623195113,0.03629604846921703,0.7732879811502017,0.19003076752434928,Low,Low,4,0.0023715676825111615,0.946557561180371,0.034631215596148145,0.016439655540969517,Low,Low,1,0.01269442242477585,0.8411746474929688,0.03166724943530856,0.11446368064694674
Sodium Cocoyl Isethionate,Sodium Cocoyl Isethionate,Safe,Safe,0,0.00024492147376895,0.014245975290412083,0.9433340621078037,0.042175041128015095,Low,Low,0,0.0015800803305939003,0.961320523374787,0.017838502268795763,0.01926089402582337,Low,Low,4,0.006844028801538759,0.5410723971726644,0.02085586297306838,0.43122771105272845
Sodium Cocoyl Glycinate,Sodium Cocoyl Glycinate,Safe,Safe,2,0.0003804753176356864,0.01238137770986679,0.927680268507153,0.05955787846534443,Low,Low,0,0.001853643587820854,0.8751525234228817,0.08817967126148996,0.0348141617278075,Low,No Risk,0,0.015766899621500536,0.18144902485876818,0.013718373585319537,0.7890657019344117
Decyl Glucoside,Decyl Glucoside,Very Safe,Safe,3,0.00016285722495082961,0.010787281967379173,0.94075203109227,0.04829782971540017,Low,Low,4,0.0014947866149123794,0.9675343818890271,0.026409642639662577,0.004561188856397924,No Risk,Low,2,0.004167601249159345,0.7968395689558075,0.017137124392555707,0.18185570540247728
Coco-Glucoside,Coco-Glucoside,Very Safe,Safe,4,0.0004118511060640782,0.01898017988451542,0.9005984613091431,0.08000950770027745,Low,Low,3,0.0033477943104954725,0.8140252546134157,0.16542656703987085,0.017200384036217955,No Risk,Low,1,0.023886305683936494,0.7632732748519857,0.06643900231622966,0.14640141714784805
Lauryl Glucoside,Lauryl Glucoside,Safe,Safe,3,0.00011231598553735165,0.017085547672988654,0.9544219740748765,0.028380162266597536,Low,Low,2,0.004188296454006378,0.895424411546659,0.09333666835443917,0.007050623644895378,Low,Low,2,0.0034099642673270656,0.7537932351844148,0.08756470589947292,0.15523209464878499
Sodium Lauroyl Sarcosinate,Sodium Lauroyl Sarcosinate,Safe,Safe,0,0.0005422225898563297,0.1943939437531797,0.7687089006132581,0.03635493304370587,Low,Low,4,0.017321221951642395,0.4854265605871714,0.47924586649469614,0.018006350966490114,Low,Low,4,0.05558942354384713,0.5262099070049632,0.3635416491749676,0.054659020276222076
Sodium Methyl Cocoyl Taurate,Sodium Methyl Cocoyl Taurate,Safe,Safe,1,0.0006005400705841799,0.03311121409397873,0.7511442954219573,0.2151439504134798,Low,Low,1,0.008663668243032597,0.7977230700846201,0.1723279530116494,0.021285308660697923,Low,Low,0,0.019173491516532297,0.707637111735091,0.08196459362345768,0.19122480312491907
Cocamide DEA,Cocamide DEA,Moderate Risk,Moderate Risk,1,0.10166349340404292,0.8093704496149221,0.07386696756050673,0.015099089420528334,Medium,Medium,3,0.014778449166283729,0.02965059611955518,0.9545303360081044,0.0010406187060566993,Medium,Medium,2,0.0131778903555005,0.07661755028241561,0.9075759825725617,0.002628576789522166
Cocamide MEA,Cocamide MEA,Safe,Safe,0,0.001918226752886174,0.06630547400159208,0.9090021335369454,0.022774165708576315,Medium,Medium,0,0.004688659536302712,0.418781951498993,0.5673520012762313,0.009177387688473081,Low,Medium,0,0.028603626488527868,0.3475263438043248,0.5317144119430252,0.0921556177641221
Lauramide DEA,Lauramide DEA,Moderate Risk,Moderate Risk,1,0.11031347311520982,0.8063127528434949,0.06864010007722884,0.014733673964066647,Medium,Medium,0,0.07897038092705343,0.16554454196902002,0.7531300490262521,0.0023550280776744093,Medium,Medium,0,0.043849973353975384,0.031794519872397495,0.9208211142960104,0.0035343924776165326
PEG-7 Glyceryl Cocoate,PEG-7 Glyceryl Cocoate,Safe,Safe,0,0.00038171124484685554,0.032236899489506206,0.8345476257566786,0.1328337635089683,Low,Low,1,0.005559181188225038,0.9012990407261597,0.07695003960465023,0.016191738480965008,No Risk,Low,2,0.005674889269662911,0.795739485792506,0.030825743611621142,0.16775988132620986
Polysorbate 20,Polysorbate 20,Safe,Safe,2,0.00038573500445042224,0.003025215026051416,0.991779120698568,0.004809929270930045,Low,Low,4,0.0014605670373054203,0.9071680516477126,0.009056020062800615,0.08231536125218142,No Risk,Low,1,0.013853598065035583,0.49342759221835913,0.013699331357423157,0.47901947835918207
Polysorbate 80,Polysorbate 80,Safe,Safe,4,0.0020231856882282724,0.01595883965546111,0.9428882836248255,0.03912969103148502,Low,Low,4,0.004021068928400138,0.5070631476633845,0.015938849099102766,0.4729769343091127,No Risk,Low,1,0.006537287379844874,0.8645883134484571,0.022675294687689078,0.10619910448400896
Sorbitan Oleate,Sorbitan Oleate,Safe,Safe,4,0.0005730856702174373,0.004175497336841413,0.9180894945787926,0.07716192241414843,Low,Low,4,0.005503395016984687,0.803494574999725,0.013225152356167086,0.17777687762712305,No Risk,No Risk,0,0.0014905573423853156,0.46776818085498995,0.019085990929062317,0.5116552708735623
Sodium Lauryl Sulfoacetate,Sodium Lauryl Sulfoacetate,Safe,Safe,1,0.003655622931455719,0.10680179823854101,0.8562305270189657,0.033312051811037455,Low,Low,4,0.008692006305750006,0.6914241304023481,0.2651069296941869,0.03477693359771493,Medium,Low,3,0.0604582960400954,0.6986444928034103,0.20317106225553702,0.03772614890095704
Disodium Laureth Sulfosuccinate,Disodium Laureth Sulfosuccinate,Safe,Safe,2,0.0012531858957945644,0.07082687664716399,0.8613561309362721,0.06656380652076933,Low,Low,0,0.0024386706682035936,0.8208113339934927,0.16962429133420623,0.007125704004097471,Low,Low,3,0.06951486837878888,0.7585902099286688,0.1113967235241988,0.06049819816834339
Sodium C14-16 Olefin Sulfonate,Sodium C14-16 Olefin Sulfonate,Safe,Safe,1,0.0023547812911881537,0.07088108776138097,0.8880713882850515,0.03869274266237947,Medium,Low,3,0.006185449690367457,0.534463620083963,0.44567495841964605,0.013675971806023464,Medium,Low,1,0.03300992232925663,0.5553614923639996,0.3738150686263029,0.03781351668044078
TEA-Lauryl Sulfate,TEA-Lauryl Sulfate,Moderate Risk,Moderate Risk,4,0.09338174470089594,0.8695542732402562,0.03366046130229933,0.00340352075654869,Medium,Medium,4,0.013297716074499775,0.02187711796785729,0.9633425361786985,0.0014826297789444444,Medium,Medium,3,0.05765679147233621,0.013403498216111188,0.9270512744538085,0.0018884358577439776
Potassium Cocoate,Potassium Cocoate,Safe,Safe,3,0.0001378490746916982,0.006072256102703051,0.9731561694404539,0.02063372538215133,Low,Low,3,0.003197723456124201,0.9626905004388168,0.016848131457579203,0.01726364464747984,Low,No Risk,2,0.008380313838367157,0.42017179442967506,0.010174240432041811,0.561273651299916
Sodium Tallowate,Sodium Tallowate,Safe,Safe,0,0.0006477444501787736,0.018500045163718854,0.9685974098476768,0.012254800538425526,Low,Low,1,0.023401232027498248,0.7750909490503796,0.135630703885796,0.06587711503632616,Low,No Risk,4,0.010585888554866977,0.42247671000329523,0.0736292455214446,0.49330815592039323
Sodium Palmate,Sodium Palmate,Safe,Safe,2,0.0004500161590703019,0.00983656114566204,0.9656124111278797,0.024101011567387944,Low,Low,2,0.0021987558429384796,0.9627580743827565,0.009777358585150928,0.025265811189154014,Low,Low,1,0.00729762731350037,0.5032644737860104,0.025110549709606307,0.4643273491908831
Sodium Cocoate,Sodium Cocoate,Safe,Safe,2,0.00038376735725508817,0.00791521611763043,0.9732385874476523,0.01846242907746227,Low,Low,1,0.0034528962814652795,0.9470796268882252,0.015389112441385971,0.0340783643889236,Low,Low,3,0.005050971904761769,0.7800415261644854,0.012476756180567636,0.20243074575018533
Sodium Laureth-3 Sulfate,Sodium Laureth-3 Sulfate,Safe,Safe,1,0.00220914102620247,0.08435107629022294,0.8842379080184893,0.029201874665085375,Medium,Medium,2,0.005975239243027672,0.3477737042446646,0.6237551812323486,0.02249587527995905,Medium,Medium,2,0.00555599453230933,0.22573553446362926,0.7339748475714039,0.0347336234326576
Sodium C12-15 Pareth Sulfate,Sodium C12-15 Pareth Sulfate,Safe,Safe,2,0.0021403705333620827,0.08374730314333824,0.8876036296268872,0.026508696696412388,Medium,Medium,4,0.0077674455503689704,0.3392723361214966,0.632119332558568,0.020840885769566397,Medium,Medium,1,0.0402724836467535,0.38587860941542623,0.5270747175959106,0.046774189341909696
Disodium Cocoamphodipropionate,Disodium Cocoamphodipropionate,Safe,Safe,4,0.0004097840294796869,0.007208729248291148,0.9316537432700492,0.06072774345217996,Low,Low,4,0.0025397146300285755,0.9519387077041539,0.02534445075754767,0.02017712690826991,Low,Low,2,0.0023742134844495057,0.8452393686964029,0.05201542904125156,0.10037098877789616
Cocamidopropyl Hydroxysultaine,Cocamidopropyl Hydroxysultaine,Safe,Safe,1,0.0005322489465317427,0.030545375600037616,0.9197770344755271,0.04914534097790355,Low,Low,0,0.005226041130987659,0.7345058238204748,0.23638443612198853,0.02388369892654909,Low,Low,0,0.011869162524720072,0.4724314629611598,0.2936714624737802,0.22202791204033992
Sodium Cocoyl Glutamate,Sodium Cocoyl Glutamate,Safe,Safe,4,0.0002019133737014208,0.007598900970011339,0.9706437501798059,0.02155543547648121,Low,Low,2,0.0019903193976408564,0.9606222570390852,0.020638109536735418,0.016749314026538595,No Risk,No Risk,2,0.004921564520714781,0.3315882564645181,0.010379640702051109,0.6531105383127159
Sodium Lauroyl Glutamate,Sodium Lauroyl Glutamate,Safe,Safe,4,0.00020276085245469564,0.007931929701943315,0.9716914764456385,0.02017383299996352,Low,Low,4,0.0025656017715989347,0.9590838097881524,0.017537783304575495,0.020812805135673327,No Risk,No Risk,3,0.012961469989475937,0.33134666761746645,0.017991831426761504,0.637700030966296
Potassium Cocoyl Glycinate,Potassium Cocoyl Glycinate,Safe,Safe,0,0.00020350560919254622,0.010778613890962147,0.9565952910107127,0.03242258948913255,Low,Low,3,0.0022909306345087472,0.9783224139068905,0.01033975759167058,0.009046897866930314,No Risk,Low,4,0.006242118840329005,0.6041117794248708,0.007662587177067375,0.3819835145577329
Lauryl Betaine,Lauryl Betaine,Safe,Safe,4,0.0003617680195484215,0.018553158349838273,0.9559387171258135,0.02514635650479967,Low,Low,1,0.006894552215025705,0.784987822160221,0.1923922016703945,0.015725423954358733,Low,Low,1,0.00781814203033642,0.6555313970481342,0.19110447848187462,0.1455459824396546
Cocamidopropylamine Oxide,Cocamidopropylamine Oxide,Safe,Safe,1,0.0006400867922361154,0.03534396357616703,0.8902008059195808,0.07381514371201586,Low,Low,0,0.005193108037274477,0.7840898438152063,0.1877351405075869,0.02298190763993239,Low,Low,0,0.01220655774046786,0.4720193634616177,0.2667619811491763,0.24901209764873827
PEG-100 Stearate,PEG-100 Stearate,Safe,Safe,2,0.005553556729803165,0.024150807802779437,0.8992902158930963,0.0710054195743211,Low,Low,3,0.003996682611013204,0.8336252571025181,0.023839917399026814,0.13853814288744187,No Risk,No Risk,4,0.003192313925816153,0.423429728761667,0.02071598716628998,0.5526619701462269
Cetearyl Glucoside,Cetearyl Glucoside,Safe,Safe,4,0.0010134505407792594,0.0035519993072300506,0.5717130815820731,0.42372146856991766,Low,Low,3,0.0023767332142413345,0.8723339310122367,0.0031161650636788384,0.12217317070984314,No Risk,No Risk,1,0.0004579427367727024,0.14435187188686419,0.002762702467873694,0.8524274829084894
Sorbitan Stearate,Sorbitan Stearate,Safe,Safe,0,0.0007319979227601962,0.003597705446731061,0.9403617978712391,0.055308498759269686,Low,Low,2,0.0030332598067231127,0.7104523575982625,0.004962706690969076,0.2815516759040452,No Risk,No Risk,0,0.0008170904789677061,0.21686381376039343,0.007037368906402549,0.7752817268542362
Polyglyceryl-3 Methylglucose Distearate,Polyglyceryl-3 Methylglucose Distearate,Safe,Safe,4,0.00040007806623869747,0.001233558210842049,0.9771040381174182,0.02126232560550113,Low,Low,2,0.0011333417610740703,0.9530993402252014,0.001957100860778512,0.04381021715294596,No Risk,No Risk,1,0.0007120197501977697,0.08752333967511437,0.0023360680282511178,0.9094285725464367
Steareth-20,Steareth-20,Safe,Safe,1,0.001551343484972775,0.019347696183383674,0.9588209607765232,0.02027999955512032,Low,Low,3,0.003577744231773964,0.8871643433266545,0.023871351881736114,0.0853865605598355,No Risk,No Risk,2,0.004098186299519586,0.11393823600524752,0.016645075686273388,0.8653185020089595
Steareth-2,Steareth-2,Safe,Safe,0,0.002831372666239451,0.010467789719329186,0.9679841977501812,0.018716639864250265,Low,Low,0,0.005274653042162789,0.8675784126968841,0.018675415093277,0.10847151916767611,No Risk,No Risk,0,0.004431104092229954,0.32419544575288917,0.025876125842846917,0.6454973243120339
Ceteareth-20,Ceteareth-20,Safe,Safe,2,0.0022136410192540707,0.01083224309275255,0.9654990719271166,0.021455043960876847,Low,Low,3,0.0037163447114719737,0.8798279424940699,0.01749936981353805,0.09895634298092003,No Risk,No Risk,1,0.0022545918123295853,0.16676568919567064,0.013144782734401467,0.8178349362575984
Lecithin,Lecithin,Safe,Safe,2,0.0012911911692635586,0.008094606827185527,0.9488223980134625,0.04179180399008844,Low,Low,0,0.027480440396074605,0.8873690613168327,0.06072545950252675,0.02442503878456596,No Risk,No Risk,4,0.0031212264502177836,0.05777753797946074,0.032903953112268285,0.9061972824580533
Polyglyceryl-4 Caprate,Polyglyceryl-4 Caprate,Safe,Safe,0,9.215836649124148e-05,0.0009669819133186345,0.9852656126760945,0.013675247044095677,Low,Low,2,0.000514997387186904,0.9517602865498714,0.0008096331829808293,0.04691508287996081,No Risk,No Risk,2,0.00033564910303802493,0.016902605959447346,0.0011421607850459641,0.9816195841524687
Glyceryl Caprylate,Glyceryl Caprylate,Safe,Safe,3,0.00033442905960633134,0.005570391511665791,0.8970703274744438,0.09702485195428417,Low,Low,1,0.001460304198176049,0.9753889247040192,0.001257091913493067,0.02189367918431174,No Risk,No Risk,0,0.000676209987236907,0.039629428576746895,0.0026634920392874612,0.9570308693967287
Emulsifying Wax NF,Emulsifying Wax NF,Safe,Safe,1,0.0013288212869087801,0.0157022919358368,0.968691002517394,0.014277884259860407,Low,Low,0,0.014345963617253828,0.7333922844149394,0.06748701687046077,0.18477473509734607,No Risk,No Risk,1,0.007422542231422749,0.39182292119076934,0.055105409888613725,0.5456491266891943
Dimethiconol,Dimethiconol,Safe,Safe,1,0.004853305015847157,0.014178769094943321,0.871451407711892,0.10951651817731736,Low,Low,4,0.0016069399461887768,0.979343162441568,0.003948485553722537,0.015101412058520688,No Risk,No Risk,2,0.005690448877730871,0.08745163717460973,0.0072760061818564195,0.899581907765803
Amodimethicone,Amodimethicone,Safe,Safe,1,0.003879006102534561,0.00948259594712491,0.904001654606346,0.0826367433439946,Low,Low,1,0.000958259067367034,0.9810571268201033,0.004349541113771113,0.013635072998758557,No Risk,No Risk,2,0.004914230924905512,0.1006467323482907,0.004273333953886886,0.890165702772917
Phenyl Trimethicone,Phenyl Trimethicone,Safe,Safe,3,0.0015903811327778758,0.009773570075045115,0.9448320901952085,0.04380395859696858,Low,Low,1,0.0065056383754350895,0.9309954883476086,0.014945382188757659,0.04755349108819878,No Risk,No Risk,0,0.004437716616870923,0.11530100827311174,0.009867785189070704,0.8703934899209467
Trimethylsiloxysilicate,Trimethylsiloxysilicate,Safe,Safe,1,0.008500844063296861,0.058262051072128035,0.7349667595424123,0.19827034532216278,Low,Low,1,0.016039758653342125,0.6168760377019341,0.035918861310668494,0.33116534233405537,No Risk,No Risk,4,0.005996755202166791,0.18237786019159982,0.028115816746491842,0.7835095678597416
Dimethicone Crosspolymer,Dimethicone Crosspolymer,Safe,Safe,2,0.002784459058511359,0.011596628943186617,0.9439529648696393,0.041665947128662804,Low,Low,1,0.002711541640177822,0.8655878169623911,0.020082636613860717,0.11161800478357048,No Risk,No Risk,3,0.005205557957372204,0.06295181340403258,0.010444648678708745,0.9213979799598866
Simethicone,Simethicone,Safe,Safe,0,0.004365342596409847,0.03560944161639371,0.8400696515413641,0.11995556424583222,Low,Low,0,0.01067279743348721,0.8573178473423467,0.04355090685554523,0.08845844836862085,No Risk,No Risk,0,0.008275528823849174,0.3834893350187912,0.0541547501308989,0.5540803860264607
PEG/PPG-18/18 Dimethicone,PEG/PPG-18/18 Dimethicone,Safe,Safe,4,0.0017647765152977524,0.0053718177461359335,0.974940494999858,0.01792291073870825,Low,Low,3,0.002622142081259336,0.9022156374969409,0.009268237977333879,0.08589398244446583,No Risk,No Risk,0,0.0035397762802975344,0.10105969153514846,0.011401955660122325,0.8839985765244317
Cetyl Dimethicone,Cetyl Dimethicone,Safe,Safe,0,0.0008722903644894719,0.005443348331646359,0.9643293199095011,0.029355041394362964,Low,Low,4,0.0053157756202807755,0.9195225024719146,0.01899592238535128,0.0561657995224534,No Risk,No Risk,0,0.002193328963598574,0.06210783068615702,0.007502542307688981,0.9281962980425553
Dimethicone Copolyol,Dimethicone Copolyol,Safe,Safe,3,0.004240429520021951,0.01312745211278304,0.8572750953159,0.125357023051295,Low,Low,2,0.001795386227860531,0.9353263397247146,0.004198628327792816,0.058679645719632044,No Risk,No Risk,1,0.004403854387259866,0.19141255332931204,0.00667070568315963,0.7975128866002685
Stearyl Dimethicone,Stearyl Dimethicone,Safe,Safe,0,0.005089145867851071,0.012055810879537525,0.5829703952189823,0.39988464803362905,Low,Low,1,0.0030528540431006184,0.9279159466498184,0.008277611565225917,0.060753587741855096,No Risk,No Risk,3,0.003072950378915516,0.05986714285952707,0.003861084359420817,0.9331988224021366
PEG-8 Dimethicone,PEG-8 Dimethicone,Safe,Safe,4,0.0019258789915472642,0.005676537137698077,0.9704542772655451,0.021943306605209507,Low,Low,0,0.0023605885502522893,0.9615982898042016,0.005318539077064636,0.030722582568481663,No Risk,No Risk,2,0.003637649053257133,0.09480540859380636,0.008870269983405055,0.8926866723695314
Cyclotetrasiloxane,Cyclotetrasiloxane,Moderate Risk,Safe,0,0.014051365204964335,0.07548093804040715,0.8410816255696671,0.06938607118496147,Low,Low,1,0.01031904645848307,0.8859600806488558,0.05637649013241096,0.04734438276025024,No Risk,No Risk,1,0.014786039922609991,0.07887825171504956,0.04349663339714194,0.8628390749651986
Bis-Aminopropyl Dimethicone,Bis-Aminopropyl Dimethicone,Safe,Safe,2,0.001765177060116423,0.008259777257437609,0.97072780900774,0.019247236674706094,Low,Low,0,0.0011153617958028072,0.9879059185010501,0.005606223511245292,0.005372496191901773,No Risk,No Risk,2,0.008484400656215165,0.2527842679033184,0.010477766857513041,0.7282535645829533
Stearic Acid,Stearic Acid,Very Safe,Safe,1,0.00047996716207824555,0.01573700325040035,0.9292588709117283,0.05452415867579306,Low,Low,2,0.0026528770251420205,0.8858092279942258,0.005016617544181692,0.10652127743645046,No Risk,No Risk,1,0.0018291922232229175,0.3296917724168734,0.02021631791369631,0.6482627174462073
Palmitic Acid,Palmitic Acid,Safe,Safe,2,0.0006659683807028513,0.009613084967399302,0.8530886956399741,0.13663225101192356,Low,Low,1,0.005192152210382775,0.9765183635576966,0.007878852949905478,0.010410631282015274,No Risk,No Risk,3,0.0019436912544750406,0.2268971553196878,0.017289105845205103,0.753870047580632
Myristic Acid,Myristic Acid,Safe,Safe,3,0.00040477869630761937,0.012270901911517312,0.9272609874474138,0.06006333194476129,Low,Low,1,0.00431426946443156,0.9814717979974282,0.005609851154114802,0.008604081384025438,No Risk,No Risk,2,0.002205732587810312,0.1973157600712083,0.012193758297229905,0.7882847490437515
Lauric Acid,Lauric Acid,Safe,Safe,2,0.0006364530361180363,0.02986134795279247,0.8749195237546775,0.09458267525641197,Low,Low,3,0.0013344550431746021,0.9824163133508254,0.011892934266072283,0.004356297339927826,No Risk,Low,1,0.004819654011610132,0.5387565256702065,0.045066019924836914,0.4113578003933465
Oleic Acid,Oleic Acid,Safe,Safe,0,0.00033672014156872586,0.004442411346031793,0.9114352060384271,0.08378566247397236,Low,Low,0,0.0008534772224298391,0.9929658260220093,0.0026473146942100137,0.003533382061350937,Low,No Risk,0,0.0012955490360022149,0.030616326253237763,0.006315418822807225,0.9617727058879527
Linoleic Acid,Linoleic Acid,Safe,Safe,2,0.000400084833618068,0.006476349628006057,0.6736111436490797,0.3195124218892962,Low,Low,2,0.0006280631625669779,0.9837829047387703,0.00260528059920285,0.012983751499459996,No Risk,No Risk,3,0.001576645620249514,0.13096432701946117,0.013030700787548075,0.8544283265727411
Isostearic Acid,Isostearic Acid,Safe,Safe,3,0.0011857825982985026,0.013161667720238577,0.963463176389566,0.022189373291897064,Low,Low,3,0.0007788523883508118,0.9928260769953672,0.004735932150420944,0.001659138465861003,No Risk,No Risk,4,0.003233621595240293,0.14983391871839233,0.012453893489439625,0.8344785661969277
Camellia Sinensis Leaf Extract (Green Tea),Camellia Sinensis Leaf Extract (Green Tea),Safe,Safe,3,4.6185704458091896e-05,0.0035680986420227193,0.9940245641331191,0.002361151520399923,Low,Low,1,0.0015546502055464716,0.9772026565952597,0.01868918285707735,0.0025535103421162634,No Risk,No Risk,3,0.0006644727452799633,0.012556899816313761,0.007780490581517262,0.9789981368568891
Centella Asiatica Extract (Cica),Centella Asiatica Extract (Cica),Safe,Safe,4,4.5738968368232276e-05,0.0025107602974456114,0.9889857435120208,0.008457757222165149,Low,Low,4,0.0009679684816135132,0.9797198364368312,0.01838479913720785,0.000927395944347465,No Risk,No Risk,4,0.0004410525408849778,0.0031487542594277494,0.0029971061609952564,0.993413087038692
Chamomilla Recutita Flower Extract (Chamomile),Chamomilla Recutita Flower Extract (Chamomile),Safe,Safe,3,0.00022377540444056608,0.006663422290544516,0.9851236503247317,0.00798915198028323,Medium,Low,3,0.003040352091593302,0.9496569186701569,0.043374195562658716,0.0039285336755912805,No Risk,No Risk,4,0.00688073433207663,0.11072902322075344,0.036685331196837416,0.8457049112503324
Calendula Officinalis Flower Extract,Calendula Officinalis Flower Extract,Safe,Safe,4,0.00047741849318195346,0.009952832643785624,0.9600981299607181,0.02947161890231436,Low,Low,3,0.0020364148994771627,0.9835553005275414,0.01105221913107539,0.0033560654419061142,No Risk,No Risk,4,0.0019380223447868696,0.0037552191903086015,0.011323056297800735,0.9829837021671038
Curcuma Longa Root Extract (Turmeric),Curcuma Longa Root Extract (Turmeric),Safe,Safe,3,1.4954279101484304e-05,0.0015809569394024377,0.9956830989697976,0.002720989811698515,Low,Low,3,0.0011173694940372109,0.982513074187205,0.014667054870183788,0.0017025014485741047,No Risk,No Risk,3,0.00219919733772929,0.010787524073261254,0.005245799322934169,0.9817674792660753
Azadirachta Indica Leaf Extract (Neem),Azadirachta Indica Leaf Extract (Neem),Safe,Safe,0,0.00023161295846212972,0.023303792825458445,0.9641623696217015,0.012302224594377744,Low,Low,1,0.008249070669943166,0.686818022269467,0.3009521221046629,0.003980784955926944,No Risk,No Risk,0,0.05936976208065912,0.1650770417128655,0.10195238225307586,0.6736008139533995
Ocimum Sanctum Leaf Extract (Tulsi),Ocimum Sanctum Leaf Extract (Tulsi),Safe,Safe,1,0.00027807791582423665,0.01741153431106634,0.9647140245719871,0.017596363201122425,Low,Low,3,0.006105044982588178,0.7173287854983752,0.27028527876986636,0.006280890749170364,No Risk,No Risk,3,0.02018922542244093,0.06822689034066559,0.12619282686245833,0.7853910573744352
Glycyrrhiza Glabra Root Extract (Licorice),Glycyrrhiza Glabra Root Extract (Licorice),Safe,Safe,0,2.8526252281265635e-05,0.0012590392415723593,0.9964437159981853,0.0022687185079611496,Low,Low,3,0.0006810238651770514,0.9887494213926543,0.009045737388567064,0.0015238173536015823,No Risk,No Risk,1,0.0007630594780422093,0.005445189042166288,0.004019381942057278,0.9897723695377342
Cucumis Sativus Fruit Extract (Cucumber),Cucumis Sativus Fruit Extract (Cucumber),Safe,Safe,4,0.00021900305318955682,0.005505823423038081,0.9907489337680809,0.0035262397556913776,Low,Low,0,0.00442840155606384,0.9478392692377763,0.04250242902805303,0.005229900178106842,No Risk,No Risk,4,0.005662418511375133,0.023951884228935336,0.03599746674940778,0.9343882305102817
Rosa Damascena Flower Water (Rose Water),Rosa Damascena Flower Water (Rose Water),Safe,Safe,0,0.00031869417979278104,0.004502348532237649,0.9900598608083979,0.0051190964795715934,Low,Low,4,0.002357368930889109,0.9731638533182233,0.021810467393073275,0.0026683103578142684,No Risk,No Risk,0,0.0038033659329669307,0.02373928419968357,0.01704620655739016,0.9554111433099594
Hamamelis Virginiana Extract (Witch Hazel),Hamamelis Virginiana Extract (Witch Hazel),Safe,Safe,3,0.00022432841416637785,0.006077783820560504,0.9886982185752737,0.004999669189999524,Low,Low,4,0.005202940462124389,0.9263814322552046,0.06385986765978005,0.004555759622890723,Low,No Risk,4,0.0059966468850415604,0.02302496872826219,0.05408194269403277,0.9168964416926635
Portulaca Oleracea Extract,Portulaca Oleracea Extract,Safe,Safe,1,2.379625955610302e-05,0.0009538710833487653,0.9980263967223678,0.0009959359347272883,Low,Low,2,0.0010688142220937507,0.9885471644603175,0.008521256003486766,0.001862765314102005,No Risk,No Risk,2,0.0007021582361727517,0.004735157685294934,0.0038754341685097457,0.9906872499100224
Punica Granatum Extract (Pomegranate),Punica Granatum Extract (Pomegranate),Safe,Safe,1,9.575560499377801e-05,0.0015188882115171553,0.9948893216789163,0.0034960345045727584,Low,Low,0,0.0072962002016741,0.9635685159152079,0.026219776389528528,0.0029155074935893004,No Risk,No Risk,3,0.0012448617916276806,0.02013920016426921,0.017785525393427797,0.9608304126506754
Vitis Vinifera Seed Extract (Grape Seed),Vitis Vinifera Seed Extract (Grape Seed),Safe,Safe,1,0.00013340965148843516,0.0019836520466222207,0.991782017414964,0.006100920886925469,Low,Low,4,0.0013127036420759219,0.987694918779609,0.007408370385348312,0.0035840071929667495,No Risk,No Risk,3,0.0008887411087839243,0.0055243948104819985,0.0030027546847000834,0.990584109396034
Malus Domestica Fruit Extract (Apple),Malus Domestica Fruit Extract (Apple),Safe,Safe,2,4.276948146022382e-05,0.00293609736381057,0.9945782075785335,0.0024429255761955876,Low,Low,2,0.0050519515692504504,0.9682929749595932,0.02340945045468454,0.003245623016471738,No Risk,No Risk,0,0.001124455925063531,0.011369855543438964,0.018894813509590953,0.9686108750219067
Citrus Limon Peel Extract (Lemon),Citrus Limon Peel Extract (Lemon),Safe,Safe,3,0.00011289984462712115,0.006921278615402544,0.9812415298977618,0.011724291642208635,Medium,Low,1,0.00773944397036277,0.8013219461966915,0.18708098687594496,0.0038576229570009353,Medium,No Risk,2,0.010512810602312602,0.10073703322209009,0.025385456652216244,0.8633646995233811
Citrus Aurantium Dulcis Peel Extract (Orange),Citrus Aurantium Dulcis Peel Extract (Orange),Safe,Safe,4,0.00012313074259714062,0.008383675612101142,0.9862110415809943,0.005282152064307292,Medium,Low,3,0.005020822040559248,0.8806227053427524,0.11014350240116742,0.00421297021552093,Low,No Risk,3,0.012151437965687791,0.10760225546366958,0.05826919642231213,0.8219771101483306
Carica Papaya Fruit Extract (Papaya),Carica Papaya Fruit Extract (Papaya),Safe,Safe,0,0.0002201841793801969,0.004433660219734688,0.9931904005507792,0.002155755050105884,Low,Low,1,0.0019302621649739209,0.9862978407170737,0.010627535853296798,0.0011443612646554176,No Risk,No Risk,1,0.002863528254023395,0.016678672202356186,0.03377468337499846,0.946683116168622
Mangifera Indica Fruit Extract (Mango),Mangifera Indica Fruit Extract (Mango),Safe,Safe,1,0.00030193544973760596,0.0032318012401778623,0.9924672868603743,0.00399897644971013,Low,Low,1,0.013232960945553285,0.9136170041511293,0.06934256261834873,0.003807472284968609,No Risk,No Risk,1,0.00401228648750858,0.04058027643073057,0.044543689089213453,0.9108637479925474
Emblica Officinalis Fruit Extract (Amla),Emblica Officinalis Fruit Extract (Amla),Safe,Safe,2,0.0001806012749192697,0.005960598253539435,0.9879817524414088,0.005877048030132268,Low,Low,3,0.005810456572633813,0.9319425639070683,0.060758604194089405,0.0014883753262084124,No Risk,No Risk,2,0.001498860636021566,0.023020426062376812,0.03984124610763368,0.935639467193968
Terminalia Chebula Fruit Extract (Haritaki),Terminalia Chebula Fruit Extract (Haritaki),Safe,Safe,4,0.00019967050018677906,0.005271272058736141,0.9905844769892127,0.003944580451864307,Low,Low,4,0.0032877755912952664,0.9514377723321438,0.04243357022346417,0.0028408818530968522,No Risk,No Risk,1,0.003043905012154684,0.021614073124622366,0.04062087197444475,0.9347211498887782
Terminalia Bellirica Fruit Extract (Bibhitaki),Terminalia Bellirica Fruit Extract (Bibhitaki),Safe,Safe,2,0.0002047598731701749,0.008108411036907954,0.9867607303892001,0.0049260987007218055,Low,Low,2,0.01813387833276169,0.7409578675015621,0.23679271476399738,0.00411553940167873,No Risk,No Risk,3,0.002360941996484235,0.03014141904685869,0.11032810490025236,0.8571695340564048
Withania Somnifera Root Extract (Ashwagandha),Withania Somnifera Root Extract (Ashwagandha),Safe,Safe,1,9.604915891353605e-05,0.0016660635717988164,0.9953066434957974,0.0029312437734901786,Low,Low,0,0.0015392013889526125,0.9830750476739005,0.013449963768804618,0.001935787168342248,No Risk,No Risk,0,0.0011758759398101525,0.012311071066954603,0.008637835585101993,0.9778752174081332
Bacopa Monnieri Extract (Brahmi),Bacopa Monnieri Extract (Brahmi),Safe,Safe,3,0.00014335878445170979,0.006294915844292465,0.9890435937094457,0.004518131661810069,Low,Low,3,0.01300553689748506,0.727966790483697,0.2549618363296438,0.004065836289174132,No Risk,No Risk,4,0.004749239096034046,0.03435607020098749,0.17420310787056398,0.7866915828324146
Eclipta Alba Extract (Bhringraj),Eclipta Alba Extract (Bhringraj),Safe,Safe,4,0.00016463229027407594,0.008623735779686606,0.9863116491546295,0.004899982775409771,Low,Low,2,0.013888309826987234,0.8270817294064912,0.15656840426338584,0.0024615565031358426,No Risk,No Risk,1,0.0022314529647272973,0.01583850358262942,0.07062605513266078,0.9113039883199825
Hibiscus Sabdariffa Flower Extract,Hibiscus Sabdariffa Flower Extract,Safe,Safe,2,0.00015146687053275084,0.003966213262562121,0.9932946731020895,0.0025876467648157154,Low,Low,0,0.006705754803691226,0.9497961581411125,0.041224012274021435,0.0022740747811747426,No Risk,No Risk,0,0.0026226555339774384,0.03673329871439102,0.03126095573925594,0.9293830900123756
Santalum Album Extract (Sandalwood),Santalum Album Extract (Sandalwood),Safe,Safe,1,0.0004804828865969378,0.010037319728758352,0.9809430143765768,0.00853918300806774,Low,Low,3,0.00292067562939388,0.9643209931526856,0.030017283450404383,0.0027410477675161304,No Risk,No Risk,0,0.007301864321718478,0.06272453568224683,0.030970003733354887,0.8990035962626799
Crocus Sativus Extract (Saffron/Kesar),Crocus Sativus Extract (Saffron/Kesar),Safe,Safe,1,0.0004102109137712594,0.006385203561511635,0.9881127608123849,0.005091824712332288,Low,Low,1,0.005973552909495014,0.9199072447454888,0.06796386726560091,0.006155335079415204,No Risk,No Risk,3,0.0023923905686371004,0.03284527292577957,0.022223087221314303,0.942539249284269
Kaolin (Multani Mitti / Fuller's Earth),Kaolin (Multani Mitti / Fuller's Earth),Safe,Safe,2,0.0006458197409014058,0.011068654064822924,0.9757771524412452,0.012508373753030344,Low,Low,0,0.005388470059000249,0.9334446169055227,0.05703327215222082,0.004133640883256406,No Risk,No Risk,0,0.0033768662883356085,0.0348270945087082,0.022869916357417922,0.9389261228455383
Nelumbo Nucifera Extract (Sacred Lotus),Nelumbo Nucifera Extract (Sacred Lotus),Safe,Safe,2,6.887734151371859e-05,0.0020154676300643735,0.9949766713463597,0.002938983682062198,Low,Low,0,0.0017570987623132717,0.9787883810561091,0.016766632152951516,0.002687888028626157,No Risk,No Risk,3,0.0010354080144594337,0.01580834294926372,0.008976501572350104,0.9741797474639268
Moringa Oleifera Seed Extract,Moringa Oleifera Seed Extract,Safe,Safe,4,7.170510561015843e-05,0.0028825598803771213,0.9896594318793397,0.007386303134673073,Low,Low,4,0.0012077920964029046,0.9729005681546236,0.023580628398838194,0.0023110113501352745,No Risk,No Risk,4,0.001891116780561024,0.009065331751264982,0.012766814825260707,0.9762767366429134
Trigonella Foenum-Graecum Seed Extract (Fenugreek),Trigonella Foenum-Graecum Seed Extract (Fenugreek),Safe,Safe,4,0.00013160424286406806,0.005169414607613998,0.992573101304236,0.002125879845285986,Low,Low,4,0.011655446450455516,0.8772341598752714,0.10723565422911718,0.003874739445155829,No Risk,No Risk,3,0.0015262166230250141,0.026522004959743,0.02659854549760683,0.9453532329196251
Zingiber Officinale Root Extract (Ginger),Zingiber Officinale Root Extract (Ginger),Safe,Safe,3,0.00023193269751141507,0.005201462988473406,0.9857649636004143,0.008801640713600825,Medium,Low,1,0.004184734808718964,0.9446012206059621,0.047206307267875114,0.0040077373174437336,Medium,No Risk,0,0.004275183258443979,0.04744101070895918,0.040651244396469596,0.9076325616361272
Panax Ginseng Root Extract,Panax Ginseng Root Extract,Safe,Safe,1,5.174462161368025e-05,0.0026135742234698186,0.9948960551589842,0.0024386259959324466,Low,Low,0,0.0034535110703302306,0.9734029536407787,0.021839544704392647,0.0013039905844984929,No Risk,No Risk,0,0.0008331894129603634,0.007870172682873858,0.012451427999785693,0.9788452099043802
Aesculus Hippocastanum Extract (Horse Chestnut),Aesculus Hippocastanum Extract (Horse Chestnut),Safe,Safe,1,0.00035246411487095897,0.004124410797407493,0.990799036979884,0.004724088107837492,Low,Low,4,0.003329579913318017,0.9710150454071804,0.021872351072391688,0.0037830236071098753,No Risk,No Risk,2,0.005810430370353216,0.027503984504840547,0.019847231707373264,0.946838353417433
Gotu Kola Extract,Gotu Kola Extract,Safe,Safe,1,2.720679410883185e-05,0.0011428300829640955,0.99755639855982,0.0012735645631070506,Low,Low,2,0.0012425949010881206,0.9854598901139013,0.011175292671898313,0.002122222313112108,No Risk,No Risk,1,0.0006598654249976378,0.005512287954748776,0.004021886627657677,0.9898059599925959
Bambusa Vulgaris Extract (Bamboo),Bambusa Vulgaris Extract (Bamboo),Safe,Safe,3,3.935238344289199e-05,0.0021864494437055263,0.995514447470675,0.0022597507021766524,Low,Low,2,0.001682166489536839,0.9856771329961531,0.00932226083606021,0.0033184396782497726,No Risk,No Risk,4,0.003161533930783268,0.010647505843714043,0.01217833853616173,0.974012621689341
Avena Sativa Kernel Extract (Oat),Avena Sativa Kernel Extract (Oat),Safe,Safe,2,0.0005816926941047144,0.00408917667461151,0.9059650269703157,0.08936410366096809,Low,Low,3,0.0009814677734981446,0.9851729905210874,0.010611258942852855,0.0032342827625615397,No Risk,No Risk,4,0.0022473765004809103,0.17815890575863966,0.010239639194050932,0.8093540785468286
Colloidal Oatmeal,Colloidal Oatmeal,Safe,Safe,4,0.0004955283762546501,0.00793299295658657,0.9567977826505927,0.03477369601656614,Low,Low,1,0.006664398171475197,0.9179312929790752,0.06398717812098302,0.011417130728466564,No Risk,No Risk,4,0.0056855560982252895,0.0716059082889327,0.03738570919395781,0.8853228264188843
Morus Alba Root Extract (Mulberry),Morus Alba Root Extract (Mulberry),Safe,Safe,1,6.836057579892203e-05,0.0016462297805182541,0.9970358295064535,0.0012495801372293754,Low,Low,1,0.0015618289760530343,0.9827066708152231,0.013932049926454367,0.0017994502822694406,No Risk,No Risk,0,0.0029565038138315756,0.055269196796109324,0.039082909135784376,0.9026913902542747
Arctostaphylos Uva Ursi Leaf Extract (Bearberry),Arctostaphylos Uva Ursi Leaf Extract (Bearberry),Safe,Safe,0,4.576093907588733e-05,0.00202101321749096,0.9964983337153555,0.0014348921280777033,Low,Low,2,0.0019432877582420663,0.9792952985894455,0.016563387450537165,0.0021980262017753144,No Risk,No Risk,2,0.0027133496694550048,0.027488971365198595,0.026639786652677792,0.9431578923126686
Glycine Soja Extract (Soybean),Glycine Soja Extract (Soybean),Safe,Safe,4,6.281842739940072e-05,0.002246561079540887,0.9941611311179097,0.0035294893751499556,Low,Low,4,0.0026467909907251746,0.9636770776177142,0.027755076581690453,0.005921054809870436,No Risk,No Risk,2,0.0018214234771179024,0.009183293901448696,0.006312078208680807,0.9826832044127526
Hippophae Rhamnoides Extract (Sea Buckthorn),Hippophae Rhamnoides Extract (Sea Buckthorn),Safe,Safe,1,0.00011785429998434502,0.001987072826552618,0.993050080945467,0.004844991927995831,Low,Low,3,0.0011673423372797632,0.9852159725249192,0.011291132647031153,0.002325552490769911,No Risk,No Risk,1,0.0022264153518633148,0.021157622393136014,0.011076163615908114,0.9655397986390926
Vaccinium Myrtillus Fruit Extract (Blueberry),Vaccinium Myrtillus Fruit Extract (Blueberry),Safe,Safe,0,5.905899114466648e-05,0.00178791196065407,0.9955154929028468,0.002637536145354384,Low,Low,4,0.0017717744574694816,0.9723536227671635,0.022663363840350753,0.0032112389350161252,No Risk,No Risk,4,0.0027108968716735523,0.01705651421910449,0.011255968805214898,0.968976620104007
Vaccinium Macrocarpon Fruit Extract (Cranberry),Vaccinium Macrocarpon Fruit Extract (Cranberry),Safe,Safe,1,0.0004507989949993803,0.007807947658501029,0.9848019049286173,0.006939348417882216,Low,Low,2,0.016637792685151625,0.8787254056405741,0.10073094397570714,0.0039058576985670345,No Risk,No Risk,0,0.004421410594281938,0.0604688197739048,0.04519512924866509,0.8899146403831482
Ginkgo Biloba Leaf Extract,Ginkgo Biloba Leaf Extract,Safe,Safe,4,6.296789867652459e-05,0.002878672374439143,0.9940353312106273,0.0030230285162569097,Low,Low,3,0.0018632871471167788,0.9732572286654579,0.01966900283167667,0.00521048135574845,No Risk,No Risk,4,0.0023316780507732656,0.005297720254589152,0.0051823296846245015,0.9871882720100131
Equisetum Arvense Extract (Horsetail),Equisetum Arvense Extract (Horsetail),Safe,Safe,2,5.087555303272994e-05,0.0034130852881213217,0.9934906906417544,0.0030453485170915283,Low,Low,2,0.005011916624828919,0.9649878859451708,0.026709029843730296,0.003291167586270023,No Risk,No Risk,3,0.0007798624516578502,0.011665600340390244,0.013785046571402488,0.9737694906365494
Arctium Lappa Root Extract (Burdock Root),Arctium Lappa Root Extract (Burdock Root),Safe,Safe,4,0.0001559092628049831,0.0032691371582192186,0.9942419760001852,0.00233297757879062,Low,Low,4,0.008449568947939107,0.7679244851138562,0.21443181189933777,0.009194134038866887,No Risk,No Risk,4,0.009716585944224693,0.049428357861218436,0.275457428462329,0.6653976277322278
Symphytum Officinale Extract (Comfrey),Symphytum Officinale Extract (Comfrey),Safe,Safe,0,0.0001169127115851642,0.004384850625853788,0.993111778398928,0.0023864582636330895,Low,Low,2,0.003890824397527009,0.9472261060732516,0.04599596218443233,0.002887107344789101,No Risk,No Risk,3,0.0008319810922999631,0.01317523806856444,0.009103342891128907,0.9768894379480068
Achillea Millefolium Extract (Yarrow),Achillea Millefolium Extract (Yarrow),Safe,Safe,1,0.00048108500645718843,0.011492213522631141,0.981857441452934,0.00616926001797767,Low,Low,3,0.0029271212792572727,0.9664443370924541,0.027678117000644067,0.002950424627644381,No Risk,No Risk,3,0.0018824950689864557,0.02947585138599498,0.02870173822077609,0.9399399153242425
Althaea Officinalis Root Extract (Marshmallow Root),Althaea Officinalis Root Extract (Marshmallow Root),Safe,Safe,2,0.00020805979572740085,0.0027604002215677373,0.9865318629351791,0.010499677047525895,Low,Low,2,0.003938985189479252,0.9492019698409516,0.04150579391247794,0.005353251057091272,No Risk,No Risk,0,0.001244976309551478,0.011545700994623176,0.009791863134549739,0.9774174595612757
Sambucus Nigra Flower Extract (Elderflower),Sambucus Nigra Flower Extract (Elderflower),Safe,Safe,2,0.0003546062144425586,0.0055399406177610785,0.9895509337607266,0.004554519407069876,Low,Low,1,0.0046177208352417365,0.9461308325112108,0.04408154948427357,0.005169897169274001,No Risk,No Risk,1,0.004718472411170297,0.03475030792963247,0.024441024274733797,0.9360901953844634
Centaurea Cyanus Flower Extract (Cornflower),Centaurea Cyanus Flower Extract (Cornflower),Safe,Safe,0,0.000322997790523682,0.005141542908713861,0.9897497113224295,0.004785747978332907,Low,Low,0,0.005809828466584272,0.9145219185419439,0.07310737239960441,0.006560880591867475,No Risk,No Risk,2,0.004389639106515966,0.024290263040901375,0.023533992607111812,0.9477861052454709
Rosmarinus Officinalis Leaf Extract (Rosemary),Rosmarinus Officinalis Leaf Extract (Rosemary),Safe,Safe,3,0.000101296557447345,0.004224625170179057,0.9928475947163545,0.0028264835560191433,Low,Low,2,0.018342454826459964,0.5938759979243153,0.3833965628334652,0.004384984415759553,No Risk,No Risk,3,0.0024057191717380476,0.0381333618328798,0.14823192685512354,0.8112289921402585
Salvia Officinalis Leaf Extract (Sage),Salvia Officinalis Leaf Extract (Sage),Safe,Safe,1,0.0002971056589056357,0.014308549208715788,0.972841096846993,0.012553248285385493,Low,Low,3,0.008384519467045196,0.922543142909951,0.06699464120315113,0.002077696419852782,No Risk,No Risk,2,0.0025942676555591442,0.032407399017857726,0.11025737848709746,0.8547409548394858
Mentha Piperita Leaf Extract (Peppermint),Mentha Piperita Leaf Extract (Peppermint),Safe,Safe,3,0.00012401015588233287,0.006182988762607465,0.9889622915624171,0.004730709519092892,Medium,Low,0,0.015260896161864173,0.9555743632501853,0.02476928147148442,0.004395459116466185,Medium,No Risk,3,0.003413409300187936,0.024953810612299787,0.06931377833735425,0.902319001750158
Mentha Viridis Leaf Extract (Spearmint),Mentha Viridis Leaf Extract (Spearmint),Safe,Safe,3,0.0003439301974365235,0.009367972369481956,0.9705036477895278,0.019784449643553727,Low,Low,4,0.013466239519882404,0.7443870229130695,0.2327278543201907,0.009418883246857478,No Risk,No Risk,0,0.007852176435872486,0.027619036794952912,0.16509699296464717,0.7994317938045276
Thymus Vulgaris Extract (Thyme),Thymus Vulgaris Extract (Thyme),Safe,Safe,4,0.00026854405516707063,0.010008464523842353,0.9839532337794376,0.005769757641553046,Medium,Low,3,0.0038760319916168176,0.9323605319319913,0.06037923873593698,0.00338419734045491,Medium,No Risk,3,0.0038751037115102387,0.02409448437523051,0.04122707622444562,0.9308033356888137
Lavandula Angustifolia Extract (Lavender),Lavandula Angustifolia Extract (Lavender),Safe,Safe,4,0.0003839302175834685,0.0062558222968962735,0.9756115937480716,0.017748653737448494,Low,Low,0,0.006447614163178675,0.6773220351987634,0.29775567031888506,0.01847468031917277,No Risk,No Risk,3,0.0023469392515673777,0.022636285322000606,0.03779806070721471,0.9372187147192172
Humulus Lupulus Extract (Hops),Humulus Lupulus Extract (Hops),Safe,Safe,0,5.007050701261482e-05,0.0029853165434388833,0.9939580446169366,0.003006568332611918,Low,Low,0,0.005435569728892593,0.9543085307036966,0.03746412595453087,0.0027917736128798597,No Risk,No Risk,4,0.003194030999154799,0.01515342829798946,0.029171666584299344,0.9524808741185564
Urtica Dioica Extract (Nettle),Urtica Dioica Extract (Nettle),Safe,Safe,4,0.00011183908767708854,0.004390371260542287,0.9937498591728147,0.0017479304789657494,Low,Low,3,0.010611977682204477,0.9074269006815364,0.0787192003408823,0.0032419212953767444,No Risk,No Risk,1,0.004669775492566465,0.05849267585581082,0.10839498067970203,0.8284425679719206
Taraxacum Officinale Extract (Dandelion),Taraxacum Officinale Extract (Dandelion),Safe,Safe,0,6.389182098374557e-05,0.002084598212932409,0.9948273149285303,0.0030241950375536307,Low,Low,0,0.0023006263079610443,0.9460297544641256,0.04864469923311977,0.00302491999479342,No Risk,No Risk,0,0.0014642105332099537,0.020152559962656077,0.01050811004932651,0.9678751194548074
Plantago Major Extract (Plantain),Plantago Major Extract (Plantain),Safe,Safe,3,0.00013203150285976412,0.006150502991650384,0.9864016300382211,0.007315835467268716,Low,Low,0,0.003732046437846971,0.9673889045039843,0.026741731126801307,0.002137317931367476,No Risk,No Risk,1,0.001770671001532888,0.015549251648860065,0.021807834324903044,0.9608722430247041
Nasturtium Officinale Extract (Watercress),Nasturtium Officinale Extract (Watercress),Safe,Safe,3,4.747375689835518e-05,0.0029865916963082158,0.9934834685996446,0.003482465947148718,Low,Low,1,0.0020704956542457083,0.9789489324324345,0.015186821276127936,0.0037937506371917102,No Risk,No Risk,0,0.0012894857642062763,0.021275637871298086,0.008410653417274715,0.969024222947221
Spinacia Oleracea Extract (Spinach),Spinacia Oleracea Extract (Spinach),Safe,Safe,3,5.120177859854471e-05,0.0029397571291240837,0.9935452306226983,0.003463810469578956,Low,Low,4,0.0019101375740793627,0.9722470471695105,0.022826157829359744,0.003016657427050406,No Risk,No Risk,0,0.001204117615156558,0.01564152762676702,0.008874501784115477,0.9742798529739609
Daucus Carota Sativa Extract (Carrot),Daucus Carota Sativa Extract (Carrot),Safe,Safe,1,0.00010723992571946982,0.002017245331596947,0.9944646286209453,0.0034108861217381566,Low,Low,0,0.001361749901210023,0.9850517280158204,0.011587748207125017,0.001998773875844674,No Risk,No Risk,2,0.0024556101196920406,0.022744760953073165,0.010769662413721385,0.9640299665135135
Beta Vulgaris Root Extract (Beetroot),Beta Vulgaris Root Extract (Beetroot),Safe,Safe,3,0.00026497966033573806,0.007242288244539896,0.9864454573836349,0.006047274711489662,Low,Low,3,0.0035331648547220714,0.9548023248132235,0.03787454110531888,0.003789969226735761,No Risk,No Risk,1,0.005036672092624421,0.051742301197696426,0.050014443064723337,0.8932065836449558
Solanum Lycopersicum Fruit Extract (Tomato),Solanum Lycopersicum Fruit Extract (Tomato),Safe,Safe,1,0.00014003501139470337,0.002571274025244656,0.9920554691113634,0.005233221851997125,Low,Low,3,0.001254124532241425,0.9886420431298627,0.0073613403791836255,0.002742491958712147,No Risk,No Risk,3,0.0008544345997036702,0.011682293385379693,0.005139290024596685,0.9823239819903199
Ananas Sativus Fruit Extract (Pineapple),Ananas Sativus Fruit Extract (Pineapple),Safe,Safe,1,0.00031919433746551795,0.004806254322637878,0.991660848920651,0.0032137024192456223,Low,Low,0,0.009429734599492381,0.8127148099578243,0.16907716543214496,0.008778290010538507,No Risk,No Risk,1,0.0045247758043383355,0.025077930694990022,0.08043859676015101,0.8899586967405205
Actinidia Chinensis Fruit Extract (Kiwi),Actinidia Chinensis Fruit Extract (Kiwi),Safe,Safe,3,0.0003169656302827497,0.00810523940998371,0.9830283629256786,0.008549432034054857,Low,Low,3,0.002953021061550315,0.9758289286955507,0.01837516126320847,0.002842888979690613,No Risk,No Risk,2,0.0035301487169910853,0.027923571398080306,0.02206840108717307,0.9464778787977556
Citrus Sinensis Fruit Extract (Orange Fruit),Citrus Sinensis Fruit Extract (Orange Fruit),Safe,Safe,4,0.00031907423518737877,0.008972328703302468,0.9856400114038674,0.005068585657642709,Low,Low,3,0.003086725182835489,0.9713711160958104,0.02270973006461713,0.0028324286567370086,No Risk,No Risk,4,0.007514859698744953,0.06630089702376205,0.11626627725646416,0.8099179660210288
Cocos Nucifera Fruit Juice (Coconut Water),Cocos Nucifera Fruit Juice (Coconut Water),Safe,Safe,3,3.862199476561694e-05,0.0013385855213673174,0.9958837222979658,0.002739070185901275,Low,Low,1,0.0024018755911024846,0.9713065064573728,0.021968624291028298,0.004322993660496516,No Risk,No Risk,4,0.0029767822881898052,0.019463715156374583,0.010517394631033232,0.9670421079244024
Oryza Sativa Extract (Rice Extract),Oryza Sativa Extract (Rice Extract),Safe,Safe,1,8.472709359234202e-05,0.002272630135361011,0.9907024640329328,0.006940178738113677,Low,Low,0,0.0010496442588572396,0.9834136562405511,0.01454709668812692,0.0009896028124646448,No Risk,No Risk,0,0.0037502362006591873,0.025415616075867304,0.005638708793746711,0.9651954389297269
Hordeum Vulgare Extract (Barley),Hordeum Vulgare Extract (Barley),Safe,Safe,0,6.747958998812255e-05,0.0020191561057587696,0.994308961908333,0.0036044023959199444,Low,Low,4,0.0020525485868556916,0.9643742350919368,0.029607189430662192,0.003966026890545228,No Risk,No Risk,4,0.003523935517875322,0.021897134409497598,0.016068510953709758,0.9585104191189174
Chenopodium Quinoa Seed Extract (Quinoa),Chenopodium Quinoa Seed Extract (Quinoa),Safe,Safe,2,0.0002184766420850723,0.004137294594589113,0.9883546366691787,0.007289592094147243,Low,Low,0,0.010644151746344834,0.9423405305627242,0.042595026289869206,0.004420291401061532,No Risk,No Risk,4,0.003359103333561549,0.02378863584591129,0.04714127553261684,0.9257109852879104
Helianthus Annuus Seed Extract (Sunflower Seed),Helianthus Annuus Seed Extract (Sunflower Seed),Safe,Safe,4,8.182186725385048e-05,0.002783394650096355,0.9909973702487995,0.006137413233850166,Low,Low,0,0.001746603420094518,0.9781932343790705,0.01747883916093975,0.0025813230398952147,No Risk,No Risk,0,0.0013978133961870696,0.014865874813299061,0.01343190152729759,0.9703044102632161
Sesamum Indicum Seed Extract (Sesame Seed),Sesamum Indicum Seed Extract (Sesame Seed),Safe,Safe,0,0.00048131049612465545,0.0075237733360110455,0.9805434348534767,0.011451481314387385,Low,Low,2,0.0047489973237867435,0.961657722447825,0.03131240857937116,0.0022808716490171307,No Risk,No Risk,1,0.003287382589648636,0.027123533873688644,0.02166278255143058,0.9479263009852322
Tinospora Cordifolia Extract (Guduchi),Tinospora Cordifolia Extract (Guduchi),Safe,Safe,1,0.00048614648276933223,0.007533667300915427,0.9848994108994509,0.007080775316864505,Low,Low,2,0.008724745702884668,0.9421622676425727,0.04401442824593005,0.005098558408612471,No Risk,No Risk,3,0.0026887409967218277,0.02559416823788734,0.025015042838418794,0.946702047926972
Vetiveria Zizanoides Root Extract (Vetiver),Vetiveria Zizanoides Root Extract (Vetiver),Safe,Safe,4,0.00042629733533120683,0.016351273501672748,0.9785903356076756,0.004632093555320306,Low,Low,4,0.011131433822449686,0.906052889714811,0.0802935185883748,0.002522157874364464,No Risk,No Risk,4,0.007160992827450044,0.10514306152398496,0.15159271119759224,0.7361032344509727
Symplocos Racemosa Extract (Lodhra),Symplocos Racemosa Extract (Lodhra),Safe,Safe,2,8.815595383339546e-05,0.002631646788389309,0.9920492063416683,0.005230990916109038,Low,Low,0,0.0015936614249472565,0.9830907393421088,0.013137610930206456,0.002177988302737672,No Risk,No Risk,0,0.001615313373232957,0.01824738113892233,0.014640820676208099,0.9654964848116366
Rubia Cordifolia Root Extract (Manjistha),Rubia Cordifolia Root Extract (Manjistha),Safe,Safe,0,0.00041266152931726465,0.006846605450238672,0.9857839479605546,0.006956785059889497,Low,Low,1,0.003519316357839096,0.9778078317505267,0.015784729336374016,0.002888122555260113,No Risk,No Risk,4,0.0035698234443452452,0.021316735893070298,0.02513381936771011,0.9499796212948742
Berberis Aristata Extract (Daruharidra),Berberis Aristata Extract (Daruharidra),Safe,Safe,2,0.00042447333942487067,0.0082390681919042,0.9860247608144906,0.0053116976541803165,Low,Low,0,0.0060673439610992915,0.8913980912049493,0.09769991172659237,0.004834653107359113,No Risk,No Risk,0,0.012231701616614538,0.06621503341461309,0.14719040430075633,0.7743628606680161
Cyperus Rotundus Extract (Nagarmotha),Cyperus Rotundus Extract (Nagarmotha),Safe,Safe,2,9.073439150737414e-05,0.0027172101726895543,0.9915446082916995,0.005647447144103558,Low,Low,2,0.0016372026575794557,0.9883677259449808,0.007501514945206384,0.0024935564522333776,No Risk,No Risk,2,0.0018941652631087218,0.01607871369274882,0.006753108345285492,0.975274012698857
Nardostachys Jatamansi Extract,Nardostachys Jatamansi Extract,Safe,Safe,2,0.0002402421902946004,0.0032816519475787186,0.9922189061978275,0.004259199664299303,Low,Low,2,0.010211048761531462,0.7557023505354776,0.2278466172643193,0.006239983438671629,No Risk,No Risk,1,0.0058631007745228985,0.06905645362890847,0.12047847277813394,0.8046019728184347
Sapindus Mukorossi Fruit Extract (Reetha/Soapnut),Sapindus Mukorossi Fruit Extract (Reetha/Soapnut),Safe,Safe,1,0.00020382650589998965,0.011908206063255836,0.9770824279171567,0.010805539513687477,Low,Low,3,0.00907140884913638,0.8913211895842448,0.09753092944773495,0.002076472118883776,No Risk,No Risk,4,0.007065705611803707,0.05311617125031024,0.06745128964684138,0.8723668334910446
Acacia Concinna Fruit Extract (Shikakai),Acacia Concinna Fruit Extract (Shikakai),Safe,Safe,3,0.00012003093269685017,0.005636176111725777,0.9904353318191474,0.0038084611364301545,Low,Low,1,0.0077630867271359675,0.8625867030506832,0.1263722038645111,0.0032780063576696907,No Risk,No Risk,4,0.004238691836308152,0.024484676854718185,0.1384201549633147,0.832856476345659
Lawsonia Inermis Leaf Powder (Henna),Lawsonia Inermis Leaf Powder (Henna),Safe,Safe,0,0.005396906598862928,0.04456637687883514,0.932912663873268,0.01712405264903391,Medium,Low,2,0.15782322983662894,0.5268292347624032,0.3055465385237578,0.009800996877210135,Low,No Risk,2,0.08533275389522703,0.18554675572339244,0.20305436369713648,0.526066126684244
Indigofera Tinctoria Leaf Powder (Indigo Powder),Indigofera Tinctoria Leaf Powder (Indigo Powder),Safe,Safe,4,0.002894873849911442,0.03848694910718693,0.9449989860163643,0.013619191026537341,Medium,Medium,0,0.14966659629072993,0.37919568096863693,0.45390875256818797,0.01722897017244539,Low,No Risk,2,0.08845858665491008,0.15620820041389186,0.23583612353443004,0.519497089396768
Melaleuca Alternifolia Leaf Oil (Tea Tree Oil),Melaleuca Alternifolia Leaf Oil (Tea Tree Oil),Moderate Risk,Moderate Risk,0,0.004119475631680359,0.9871814824750502,0.005929597498438262,0.002769444394831183,Medium,Medium,1,0.0056694393605387075,0.0025616433593463263,0.9915548484932155,0.00021406878689953654,Medium,Medium,0,0.026059159720047895,0.0060585781038004815,0.9651460585238162,0.0027362036523354513
Cedrus Atlantica Bark Oil (Cedarwood Oil),Cedrus Atlantica Bark Oil (Cedarwood Oil),Moderate Risk,Moderate Risk,0,0.023055432046440984,0.9622954503496888,0.012637458114271402,0.002011659489598657,Medium,Medium,1,0.008489581378702376,0.00507256038579798,0.985983356062776,0.00045450217272380354,Medium,Medium,1,0.004979995478250267,0.004615531414348202,0.9888150837209044,0.001589389386497084
Lavandula Angustifolia Oil (Lavender Oil),Lavandula Angustifolia Oil (Lavender Oil),Moderate Risk,Moderate Risk,4,0.013543884884288137,0.9777775424579566,0.007202896146732847,0.0014756765110225986,Medium,Medium,0,0.043235719820589616,0.005731322482117118,0.9500847380903732,0.000948219606919945,Medium,Medium,0,0.006072574207190679,0.004798987159807883,0.9870023400663006,0.0021260985667008073
Mentha Piperita Oil (Peppermint Oil),Mentha Piperita Oil (Peppermint Oil),Moderate Risk,Moderate Risk,0,0.006449210552650399,0.984250439659739,0.0064539732200462165,0.0028463765675642906,Medium,Medium,0,0.10006806951189534,0.032643715501010376,0.8635655761009792,0.0037226388861150866,Medium,Medium,0,0.004526608018568121,0.0017794466937224777,0.9923394034577045,0.0013545418300047597
Rosmarinus Officinalis Leaf Oil (Rosemary Oil),Rosmarinus Officinalis Leaf Oil (Rosemary Oil),Moderate Risk,Moderate Risk,1,0.02925475966421496,0.9215774239555394,0.04392290451051576,0.005244911869729935,Medium,Medium,0,0.01537888521163605,0.017229686928704493,0.9654426992444641,0.0019487286151953192,Medium,Medium,4,0.016267940373872695,0.006693563949459306,0.9676034250061138,0.009435070670554088
Cymbopogon Schoenanthus Oil (Lemongrass Oil),Cymbopogon Schoenanthus Oil (Lemongrass Oil),Moderate Risk,Moderate Risk,1,0.01106194288014959,0.9816643483939778,0.006044874126759166,0.0012288345991136047,Medium,Medium,1,0.003957670855565521,0.0022286522580275835,0.9934652889783613,0.00034838790804559496,Medium,Medium,0,0.010123296506605386,0.0031369816540865376,0.9848192214752245,0.0019205003640836785
Eucalyptus Globulus Leaf Oil (Eucalyptus Oil),Eucalyptus Globulus Leaf Oil (Eucalyptus Oil),Moderate Risk,Moderate Risk,4,0.011307079533204131,0.9722263746667054,0.012729286548881107,0.0037372592512093634,Medium,Medium,0,0.03215998618262678,0.022082089473949205,0.9440823614570897,0.0016755628863343577,Medium,Medium,1,0.011583816922558129,0.007591903319635246,0.9713324627558916,0.009491817001915046
Salvia Sclarea Oil (Clary Sage Oil),Salvia Sclarea Oil (Clary Sage Oil),Moderate Risk,Moderate Risk,0,0.02268733859246659,0.9643225346378513,0.011137382139615352,0.001852744630066697,Medium,Medium,1,0.014356705891282929,0.011233674717725982,0.9736529460584916,0.0007566733324996346,Medium,Medium,2,0.009778355985984234,0.015368918839392424,0.9689942543003701,0.005858470874253313
Cananga Odorata Flower Oil (Ylang Ylang Oil),Cananga Odorata Flower Oil (Ylang Ylang Oil),Moderate Risk,Moderate Risk,3,0.01287224266674073,0.9787374826205382,0.006181301016643402,0.0022089736960778077,Medium,Medium,4,0.009404821270316147,0.007446460209984674,0.982522016439397,0.0006267020803023326,Medium,Medium,4,0.00953553555412296,0.007533803941380238,0.9796882792630247,0.0032423812414719005
Pelargonium Graveolens Oil (Geranium Oil),Pelargonium Graveolens Oil (Geranium Oil),Moderate Risk,Moderate Risk,4,0.021058949478163575,0.9653948478749937,0.008905548453430556,0.004640654193412273,Medium,Medium,3,0.018129978044317888,0.009006995361451716,0.971949132362974,0.0009138942312565677,Medium,Medium,4,0.015268908518111126,0.021698348964875793,0.959103436093553,0.003929306423460116
Citrus Aurantium Bergamia Peel Oil (Bergamot Oil),Citrus Aurantium Bergamia Peel Oil (Bergamot Oil),Moderate Risk,Moderate Risk,3,0.008521278682465562,0.987982198284419,0.002398260348502956,0.0010982626846124555,Medium,Medium,3,0.033343148467687114,0.006824248934879126,0.9588324546619121,0.0010001479355215726,Medium,Medium,2,0.010363132149109663,0.014279423439804265,0.9699026494156554,0.005454794995430582
Boswellia Carterii Oil (Frankincense Oil),Boswellia Carterii Oil (Frankincense Oil),Moderate Risk,Moderate Risk,4,0.012667985130689131,0.9531294954100433,0.028739428790204746,0.005463090669062615,Medium,Medium,4,0.02847597106517752,0.06363281363139146,0.9037976936278149,0.0040935216756161855,Medium,Medium,3,0.016813773255206218,0.01332920029880461,0.951516962607416,0.01834006383857321
Pogostemon Cablin Oil (Patchouli Oil),Pogostemon Cablin Oil (Patchouli Oil),Moderate Risk,Moderate Risk,4,0.013317005669063603,0.9725191175138157,0.012225933746491368,0.0019379430706294326,Medium,Medium,3,0.021302598572456442,0.004366867478438144,0.9736058684549107,0.0007246654941947189,Medium,Medium,0,0.004766512147986691,0.008803320276714396,0.9853515039363259,0.001078663638972969
Santalum Album Oil (Sandalwood Oil),Santalum Album Oil (Sandalwood Oil),Moderate Risk,Moderate Risk,4,0.023679699291603514,0.9588660993087225,0.01315029350542623,0.00430390789424784,Medium,Medium,3,0.01142612864551808,0.004760273353323205,0.9832899498521145,0.0005236481490441837,Medium,Medium,2,0.017473417751536054,0.023879434567749352,0.9527729887705929,0.005874158910121608
Jasminum Officinale Oil (Jasmine Oil),Jasminum Officinale Oil (Jasmine Oil),Moderate Risk,Moderate Risk,0,0.021651576207317464,0.9658403075961066,0.010542255824037929,0.0019658603725379153,Medium,Medium,1,0.012837697475043779,0.008498552143477521,0.9780030249377607,0.0006607254437180108,Medium,Medium,3,0.006787358557821022,0.0067722217128555464,0.9852402903115445,0.001200129417778941
Rosa Damascena Oil (Rose Oil),Rosa Damascena Oil (Rose Oil),Moderate Risk,Moderate Risk,0,0.018383611120413455,0.9727123118746192,0.007496460583695344,0.0014076164212719284,Medium,Medium,0,0.028687385349685783,0.007283105942484565,0.9629277630463126,0.0011017456615170238,Medium,Medium,0,0.009638376812918674,0.010260880534978204,0.9754081054802348,0.004692637171868172
Anthemis Nobilis Flower Oil (Chamomile Oil),Anthemis Nobilis Flower Oil (Chamomile Oil),Moderate Risk,Moderate Risk,1,0.028741296521413707,0.9276201185617508,0.038113117316927216,0.005525467599908262,Medium,Medium,4,0.004435456722599088,0.008016276050954254,0.9864916207009415,0.0010566465255052422,Medium,Medium,4,0.02432672267910735,0.01726177662550702,0.9472430101564668,0.011168490538918796
Ocimum Basilicum Oil (Basil Oil),Ocimum Basilicum Oil (Basil Oil),Moderate Risk,Moderate Risk,0,0.018328822414361574,0.9733920758500723,0.0058074030646973075,0.0024716986708687386,Medium,Medium,4,0.012168606727950842,0.007524756780960882,0.9795472104407152,0.0007594260503731,Medium,Medium,3,0.013603891243424721,0.01774641509472494,0.9637113208263,0.004938372835550477
Cinnamomum Zeylanicum Bark Oil (Cinnamon Bark Oil),Cinnamomum Zeylanicum Bark Oil (Cinnamon Bark Oil),Moderate Risk,Moderate Risk,3,0.006863713782752776,0.9903835769582927,0.0014986289515702609,0.00125408030738429,Medium,Medium,2,0.019263466928077233,0.003388688453603043,0.9764870302601518,0.0008608143581679184,Medium,Medium,2,0.03419842425334146,0.010028588945356543,0.952392153475185,0.003380833326116933
Syzygium Aromaticum Bud Oil (Clove Bud Oil),Syzygium Aromaticum Bud Oil (Clove Bud Oil),Moderate Risk,Moderate Risk,2,0.007571366663930812,0.9854640799170412,0.0029895554469797927,0.003974997972048148,Medium,Medium,2,0.010732210077975996,0.005116363314660745,0.9832910226226982,0.0008604039846650089,Medium,Medium,1,0.01151083067238985,0.0023850566613716154,0.9809679031779681,0.005136209488270383
Gaultheria Procumbens Oil (Wintergreen Oil),Gaultheria Procumbens Oil (Wintergreen Oil),Moderate Risk,Moderate Risk,2,0.013141877417339003,0.9735425649969639,0.008594225887824216,0.004721331697872832,Medium,Medium,4,0.01809618345190577,0.021350987035927197,0.9569999368234979,0.0035528926886692885,Medium,Medium,4,0.0400994970928912,0.009856917978979333,0.9402821087429682,0.009761476185161275
Citrus Paradisi Peel Oil (Grapefruit Peel Oil),Citrus Paradisi Peel Oil (Grapefruit Peel Oil),Moderate Risk,Moderate Risk,4,0.014825563281346725,0.976917938181045,0.006164812821140811,0.002091685716467587,Medium,Medium,3,0.03512375145011489,0.00789684022007481,0.9559295115450388,0.001049896784771504,Medium,Medium,2,0.01032788138478392,0.014698152799154693,0.9680745904258983,0.006899375390162994
Citrus Aurantifolia Oil (Lime Oil),Citrus Aurantifolia Oil (Lime Oil),Moderate Risk,Moderate Risk,4,0.024438932070722223,0.9615819282450121,0.011046519777357712,0.0029326199069079693,Medium,Medium,4,0.005819316564278738,0.0024571163847098582,0.9911901031723134,0.000533463878697996,Medium,Medium,4,0.014096401476507873,0.005952353747745554,0.977542890962079,0.002408353813667538
Melaleuca Cajuputi Oil (Cajeput Oil),Melaleuca Cajuputi Oil (Cajeput Oil),Moderate Risk,Moderate Risk,0,0.021162890972518295,0.9581176031646793,0.01654053535249569,0.004178970510306883,Medium,Medium,1,0.008366900312695373,0.01514378884341806,0.9753237300748873,0.0011655807689993274,Medium,Medium,0,0.01067270186328173,0.011443720425273701,0.9701994066236622,0.00768417108778227
Cinnamomum Camphora Oil (Camphor Oil),Cinnamomum Camphora Oil (Camphor Oil),Moderate Risk,Moderate Risk,2,0.019799098418434736,0.9619463594925354,0.014564457254100705,0.0036900848349294244,Medium,Medium,3,0.017603794270028537,0.026875678385474486,0.9528267558390815,0.0026937715054154584,Medium,Medium,3,0.02587075934525031,0.01421372959979961,0.9496924508685609,0.01022306018638909
Cetyl Ethylhexanoate,Cetyl Ethylhexanoate,Safe,Safe,1,0.0002765935774116723,0.0025372006771498703,0.994248745469758,0.002937460275680561,Low,Low,0,0.006370253314019703,0.9524500221379656,0.008080478953501377,0.033099245594513396,No Risk,No Risk,0,0.0028834163960678293,0.12653802734518102,0.012079071689357901,0.8584994845693933
Cetyl Palmitate,Cetyl Palmitate,Safe,Safe,2,0.00043738129742242857,0.004198087681619729,0.9304720535331438,0.06489247748781386,Low,Low,1,0.015891412188536527,0.9598751956669292,0.009633532980190427,0.014599859164343898,No Risk,No Risk,1,0.0007040245310047975,0.06304074496989374,0.010595757020183408,0.925659473478918
Isopropyl Isostearate,Isopropyl Isostearate,Safe,Safe,3,0.0007438730510190633,0.0071726960986169,0.9837399626696413,0.008343468180722785,Low,Low,1,0.002708100738017085,0.9760669827307085,0.0048095191254043795,0.016415397405870037,No Risk,No Risk,2,0.003846046265156544,0.2035272254765797,0.010282049298329281,0.7823446789599345
Octyldodecyl Stearoyl Stearate,Octyldodecyl Stearoyl Stearate,Safe,Safe,2,0.0007401716603907369,0.007047035375768796,0.9877851221520199,0.004427670811820675,Low,Low,1,0.0019396249326802623,0.9888259365978227,0.0042046108005975545,0.005029827668899363,No Risk,No Risk,1,0.002802718146502874,0.11950778766486561,0.005824326494551595,0.8718651676940798
Pentaerythrityl Tetraisostearate,Pentaerythrityl Tetraisostearate,Safe,Safe,0,0.0007342823062655931,0.0026350188454088226,0.9869984955243937,0.009632203323932047,Low,Low,0,0.0038270048250102664,0.9582102829134715,0.003416866910756014,0.034545845350762,No Risk,No Risk,2,0.0033670087864904287,0.1394622530976042,0.008670944407719877,0.8484997937081856
Neopentyl Glycol Diheptanoate,Neopentyl Glycol Diheptanoate,Safe,Safe,0,0.0001828285618096952,0.0014836350949078,0.9941182706464026,0.004215265696879901,Low,Low,2,0.0018596588312086682,0.9321662079919553,0.007143800887391369,0.05883033228944493,No Risk,No Risk,1,0.004732569535784454,0.10938372539593269,0.007920598680972507,0.8779631063873102
Coco-Caprylate,Coco-Caprylate,Safe,Safe,1,2.7474589486593973e-05,0.0004948003978079073,0.992091845293452,0.00738587971925337,Low,Low,4,0.001937644196635419,0.9444908769930392,0.0011127171930790604,0.05245876161724624,No Risk,No Risk,1,0.00015904179178632976,0.02248125095352278,0.0007772452258853672,0.9765824620288055
Ethylhexyl Stearate,Ethylhexyl Stearate,Safe,Safe,4,0.00033718960570302436,0.0014757880760483196,0.9952673051890041,0.002919717129244385,Low,Low,4,0.0027719515397419923,0.9800252370412651,0.0048159929231114335,0.012386818495881578,No Risk,No Risk,3,0.0007998519774216355,0.0308802197216558,0.0013125920380039806,0.9670073362629186
Myristyl Myristate,Myristyl Myristate,Safe,Safe,2,0.0024555076448911015,0.02519811265309962,0.9410368011229575,0.0313095785790518,Low,Low,3,0.006266307607306454,0.896956858985241,0.04933678669019082,0.04744004671726168,No Risk,No Risk,1,0.005062351481243562,0.2843936605812453,0.03591306686160272,0.6746309210759084
Decyl Oleate,Decyl Oleate,Safe,Safe,3,0.0007868193323680304,0.007027437119079484,0.9837258354687015,0.008459908079850979,Low,Low,3,0.0035144769522252066,0.9666113752510457,0.01675513592929441,0.01311901186743466,No Risk,No Risk,3,0.0026975029265598927,0.08036039500289013,0.0054417983452832415,0.9115003037252667
Propylene Glycol Dicaprylate/Dicaprate,Propylene Glycol Dicaprylate/Dicaprate,Safe,Safe,3,0.00041846678053011595,0.0023923865487870547,0.9931133839177841,0.004075762752898594,Low,Low,4,0.006063481153416918,0.9503348286647817,0.01670773433298074,0.026893955848820802,No Risk,No Risk,2,0.0035125785844746797,0.14072763150810122,0.007138016569961466,0.8486217733374627
Behentrimonium Chloride,Behentrimonium Chloride,Safe,Safe,3,0.0025125738946154092,0.009552240978083883,0.9661855491622118,0.021749635965088887,Low,Low,3,0.0016738667314759234,0.9831059797032526,0.007805350928575495,0.00741480263669585,Low,Low,0,0.008784054293774055,0.7989907973866178,0.01717691723826637,0.1750482310813416
Cetrimonium Chloride,Cetrimonium Chloride,Safe,Safe,4,0.0044342231068819,0.03388613345002536,0.920085415557658,0.04159422788543478,Low,Low,4,0.007747372155699414,0.9492239094453178,0.027371006222089853,0.01565771217689289,Low,Low,2,0.009121172382116533,0.788923551655884,0.04450497451910552,0.15745030144289393
Stearalkonium Chloride,Stearalkonium Chloride,Safe,Safe,2,0.004685798150156719,0.025461188084629077,0.9267605311903124,0.04309248257490179,Low,Low,3,0.0020918838735538713,0.9825821529426985,0.006000256707979867,0.009325706475767576,Low,Low,3,0.017388204779246765,0.6035473003313264,0.03615967282355851,0.3429048220658685
Quaternium-18,Quaternium-18,Safe,Safe,2,0.001755061875783296,0.004604213658314591,0.9867981651281361,0.006842559337766151,Low,Low,1,0.0011402089706866484,0.9895990124902195,0.004680055715728032,0.004580722823365779,Low,Low,2,0.01173083096034894,0.7269074066471635,0.018781913099665797,0.2425798492928218
Quaternium-80,Quaternium-80,Safe,Safe,0,0.003705805389579862,0.01060392320980178,0.9489307049792163,0.03675956642140207,Low,Low,1,0.0008586900101236902,0.9938886298601873,0.0021080618870060863,0.003144618242682929,Low,No Risk,1,0.011552180018566439,0.3740431378844125,0.017278919248202414,0.5971257628488187
Polyquaternium-6,Polyquaternium-6,Safe,Safe,0,0.006264701795941476,0.034430386968516226,0.9378499408822314,0.02145497035331091,Low,Low,0,0.0061105855601478925,0.9532548485525442,0.01558250462545103,0.0250520612618569,No Risk,No Risk,2,0.00934203075710369,0.1249147754076526,0.05428158768703874,0.811461606148205
Polyquaternium-37,Polyquaternium-37,Safe,Safe,3,0.003384493216089616,0.045929694715490244,0.9239295666637034,0.026756245404716626,Low,Low,4,0.02084525619479021,0.9067269594591081,0.04068095071240508,0.03174683363369663,No Risk,No Risk,1,0.008248548885628015,0.07701839363490715,0.0396052661696127,0.8751277913098522
Guar Hydroxypropyltrimonium Chloride,Guar Hydroxypropyltrimonium Chloride,Safe,Safe,2,0.0008622711275469682,0.013221165245398611,0.8423656508686975,0.14355091275835694,Low,Low,4,0.007010118179496706,0.9684316756427649,0.003321441183373563,0.02123676499436464,No Risk,No Risk,4,0.0006347433610553449,0.045023786013637865,0.004377895429677339,0.9499635751956295
Hydroxypropyltrimonium Honey,Hydroxypropyltrimonium Honey,Safe,Safe,2,0.0007695911957536436,0.01312672631260757,0.8726619558605287,0.11344172663111002,Low,Low,3,0.0076880214331786784,0.9558965754369447,0.016216684371615126,0.020198718758261264,No Risk,No Risk,2,0.001953704568754644,0.2885104084623578,0.03934255128049742,0.6701933356883901
Hydrolyzed Quinoa,Hydrolyzed Quinoa,Safe,Safe,4,0.0004607664111467275,0.00421663099018188,0.962899124033857,0.03242347856481438,Low,Low,0,0.0017463011994017352,0.9882084823632327,0.0027146144149060836,0.007330602022459643,No Risk,No Risk,0,0.0011817643243246453,0.03576259623728723,0.005026526122291995,0.9580291133160961
Palmitoyl Pentapeptide-4 (Matrixyl),Palmitoyl Pentapeptide-4 (Matrixyl),Safe,Safe,2,0.000845873298615269,0.06175768934042164,0.8691334331203673,0.06826300424059575,Low,Low,3,0.0032482432197288567,0.9257423926694953,0.032408210359734076,0.038601153751041714,No Risk,No Risk,4,0.029133275230110486,0.08285465013350625,0.00598663377610655,0.8820254408602768
Palmitoyl Tripeptide-1,Palmitoyl Tripeptide-1,Safe,Safe,2,0.0007353743841660783,0.032145611514046435,0.8833008719280555,0.08381814217373197,Low,Low,1,0.0022157997113459995,0.9446379936119254,0.013940659442207556,0.039205547234521035,No Risk,No Risk,3,0.008982836093826871,0.10355471438995639,0.009480166663755342,0.8779822828524613
Palmitoyl Tripeptide-5,Palmitoyl Tripeptide-5,Safe,Safe,2,0.0010593154779370288,0.0642745814702387,0.7908712858524716,0.14379481719935278,Low,Low,2,0.0024952349924887,0.9223792050731955,0.04075513688780434,0.03437042304651143,No Risk,No Risk,3,0.02750888834539517,0.1831259852420225,0.03798697562694235,0.75137815078564
Acetyl Hexapeptide-8 (Argireline),Acetyl Hexapeptide-8 (Argireline),Safe,Safe,2,0.0007731180996921203,0.031644569547235324,0.8889143603336788,0.07866795201939387,Low,Low,2,0.0019547041130222056,0.9280200872611668,0.015208827461049465,0.05481638116476161,No Risk,No Risk,1,0.010752015254572719,0.15783330460961445,0.01073903603955136,0.8206756440962614
Copper Tripeptide-1,Copper Tripeptide-1,Safe,Safe,4,0.0008383353601564212,0.013809505381744277,0.7934610098395857,0.1918911494185137,Low,Low,4,0.0008836090538132278,0.9820397975943458,0.0022799556229230016,0.014796637728918073,No Risk,No Risk,4,0.007839748375702818,0.12671179633244106,0.006392600460164054,0.859055854831692
Hydrolyzed Wheat Protein,Hydrolyzed Wheat Protein,Safe,Safe,4,0.0002967305459051251,0.002509285905621409,0.9788482676913484,0.018345715857125244,Low,Low,1,0.0011686020373526801,0.9921060329236732,0.002783227127077061,0.003942137911897124,No Risk,No Risk,3,0.0008855568938595267,0.03677904134027164,0.0056573902480225825,0.9566780115178463
Hydrolyzed Silk Protein,Hydrolyzed Silk Protein,Safe,Safe,3,0.0003475887978354306,0.005011101448450541,0.9875606775512791,0.007080632202435033,Low,Low,2,0.003687577764603406,0.9801756587163777,0.012006023310646088,0.004130740208372893,No Risk,No Risk,0,0.0035524376895954696,0.062064141951393315,0.0364812434232528,0.8979021769357585
Hydrolyzed Keratin,Hydrolyzed Keratin,Safe,Safe,3,0.00032672582157870637,0.004377587363161393,0.9883178691030073,0.006977817712252558,Low,Low,4,0.014255080446892304,0.9551948392791387,0.02435976864844169,0.006190311625527455,No Risk,No Risk,3,0.002217539547095814,0.034845702050907014,0.01726209555966606,0.9456746628423311
Hydrolyzed Collagen,Hydrolyzed Collagen,Safe,Safe,4,4.455178177445376e-05,0.0007667234768493872,0.9974440937414312,0.0017446309999450277,Low,Low,3,0.002188009476060041,0.9793565159895619,0.011403123255523563,0.007052351278854312,No Risk,No Risk,4,0.0005517776805539767,0.009575137732875437,0.0015119222357144158,0.9883611623508561
Hydrolyzed Rice Protein,Hydrolyzed Rice Protein,Safe,Safe,3,0.0003424318940929435,0.00620787651802323,0.9691982929571383,0.024251398630745595,Low,Low,0,0.0015604265455817694,0.9901188949692682,0.002165367514699166,0.006155310970450662,No Risk,No Risk,2,0.0006710514459519505,0.04156818993776051,0.007448377443722848,0.9503123811725647
Hydrolyzed Soy Protein,Hydrolyzed Soy Protein,Safe,Safe,0,0.0003917259566788727,0.005089090996186766,0.9615442228160057,0.03297496023112856,Low,Low,0,0.0016995428203378374,0.9888565484402664,0.0023608837730177542,0.007083024966377961,No Risk,No Risk,1,0.0007884823982331427,0.02430629379756584,0.004111712017498059,0.9707935117867028
Hydrolyzed Oat Protein,Hydrolyzed Oat Protein,Safe,Safe,0,0.000494381232911319,0.005797909783539085,0.9230908357570953,0.0706168732264543,Low,Low,2,0.0048600175451943475,0.9681202881480571,0.01132388935668223,0.015695804950066228,No Risk,No Risk,0,0.0013973765939800735,0.0646760653372998,0.006594499067283871,0.9273320590014362
Hydrolyzed Milk Protein,Hydrolyzed Milk Protein,Safe,Safe,0,0.000984638165981944,0.011281972937585006,0.9737348985963796,0.013998490300053542,Low,Low,3,0.011117645320975998,0.9471802953514885,0.027190804234577058,0.014511255092958534,No Risk,No Risk,2,0.006152180126942615,0.17557275976949194,0.03507362180764972,0.7832014382959157
Tocopherol (Vitamin E),Tocopherol (Vitamin E),Very Safe,Very Safe,3,0.00018648645351402273,0.00410359322351448,0.270909124949845,0.7248007953731266,Low,Low,0,0.0030611537497052307,0.8839612279337669,0.013559080317437501,0.09941853799909045,No Risk,No Risk,0,0.0007255224222873846,0.3462740995263057,0.023925297150136235,0.6290750809012706
Tocopheryl Acetate,Tocopheryl Acetate,Safe,Safe,1,0.001090111106709891,0.013429251940336367,0.7855447153612959,0.19993592159165804,Low,Low,2,0.0006469549279579857,0.9317405107813782,0.0145550908217174,0.05305744346894648,No Risk,Low,2,0.00879909602926433,0.5453519609946601,0.029464168481050594,0.4163847744950249
Retinol,Retinol,Moderate Risk,Safe,1,0.0029591704144935724,0.1173923680106293,0.8446501045194139,0.03499835705546309,Medium,Low,4,0.0013555105805572482,0.9740461271024012,0.00436641899386346,0.020231943323178053,High,No Risk,0,0.009906503332681072,0.12164186897797456,0.2224439983178332,0.6460076293715111
Retinyl Palmitate,Retinyl Palmitate,Safe,Safe,3,0.0029481279763470497,0.16681837967017046,0.7437115720080986,0.08652192034538396,Low,Low,4,0.0016985241839653693,0.9653474756807003,0.0076766529012928745,0.02527734723404148,Medium,No Risk,4,0.3659281552890918,0.18467250725918263,0.052636254726280446,0.3967630827254451
Retinaldehyde,Retinaldehyde,Moderate Risk,Safe,3,0.004233145008032547,0.2026561678042994,0.6683886916564606,0.12472199553120734,Medium,Low,4,0.0028990615821988864,0.9607234055369172,0.007058134410300793,0.02931939847058304,High,No Risk,0,0.01954048353817377,0.19659865133424376,0.27097182992004676,0.5128890352075357
Ascorbic Acid (Vitamin C),Ascorbic Acid (Vitamin C),Safe,Safe,4,0.002602721011099135,0.041461775000785205,0.8399297724074927,0.11600573158062291,Low,Low,3,0.001751131376753084,0.9672560515376607,0.012635888878792021,0.018356928206794045,Medium,Low,4,0.029843034041031277,0.679514384008237,0.06456244230618764,0.22608013964454413
Ascorbyl Glucoside,Ascorbyl Glucoside,Safe,Safe,4,0.0006902734003556475,0.009700628442270431,0.5663040255574185,0.42330507259995537,Low,Low,2,0.0028965963010050945,0.6781083092787035,0.023156387386277014,0.29583870703401427,Low,Low,1,0.006956001398284799,0.49163991535470575,0.05555058428321838,0.4458534989637912
Sodium Ascorbyl Phosphate,Sodium Ascorbyl Phosphate,Safe,Safe,2,0.0010438507804956035,0.029768630954195626,0.926240005657635,0.0429475126076738,Low,Low,0,0.003011730034727824,0.8391339935051438,0.05195306022839123,0.10590121623173712,Low,Low,1,0.026487290318320356,0.7099651262310104,0.1449254996204577,0.11862208383021158
Magnesium Ascorbyl Phosphate,Magnesium Ascorbyl Phosphate,Safe,Safe,1,0.0017882432958641074,0.02609905914532893,0.9247278976745394,0.04738479988426746,Low,Low,0,0.003238372632394531,0.8352882962731645,0.05621192868074505,0.10526140241369589,Low,Low,1,0.026722300143452168,0.6477798825470744,0.15397256985569596,0.1715252474537774
Ascorbyl Palmitate,Ascorbyl Palmitate,Safe,Safe,0,0.0004086815875716302,0.012398981903332487,0.9549310985578258,0.03226123795126992,Low,Low,0,0.0017802259375002132,0.948352689333431,0.022398651373606818,0.027468433355461883,Low,No Risk,4,0.014160353178178589,0.34639478123093626,0.047044776246120835,0.5924000893447643
Niacinamide (Vitamin B3),Niacinamide (Vitamin B3),Very Safe,Very Safe,1,0.0024707038651846404,0.04154892018944538,0.39582453883164676,0.5601558371137232,Low,Low,4,0.0012886405596933101,0.9457197987284931,0.020011495471877618,0.03298006523993589,Low,Low,2,0.10083670324825393,0.5778793948757556,0.027834528246329926,0.29344937362966067
Biotin (Vitamin B7),Biotin (Vitamin B7),Very Safe,Safe,2,0.0017683946265131731,0.02702634326071693,0.6028450238544144,0.3683602382583555,Low,Low,3,0.0117761960338933,0.9190902545037613,0.01837801768398833,0.05075553177835706,No Risk,No Risk,4,0.004336125848323815,0.0703112898841076,0.015113314088550454,0.9102392701790181
Folic Acid,Folic Acid,Safe,Safe,2,0.0016361801043210966,0.02731547649340903,0.8799642921205587,0.09108405128171107,Low,Low,3,0.000987741732060101,0.986000167892262,0.005289649035377055,0.007722441340300809,No Risk,No Risk,4,0.031012038572070293,0.08440066460450238,0.02118875483046945,0.8633985419929578
Pyridoxine HCl (Vitamin B6),Pyridoxine HCl (Vitamin B6),Safe,Safe,1,0.0011291656192458938,0.02748370199744827,0.9277387687452961,0.04364836363800967,Low,Low,2,0.003191832292838087,0.9634674399486987,0.018334703636122336,0.01500602412234089,No Risk,No Risk,3,0.019093579627308448,0.14957327747890015,0.11430462870325421,0.7170285141905373
Riboflavin (Vitamin B2),Riboflavin (Vitamin B2),Safe,Safe,4,0.0016028396182748697,0.03296824241358412,0.7718787508828558,0.19355016708528525,Low,Low,3,0.0011011120173392965,0.9634870825877038,0.01995856505221401,0.015453240342743002,No Risk,No Risk,1,0.014337158924872728,0.19803711009892153,0.07609907276873444,0.7115266582074713
Phytonadione (Vitamin K),Phytonadione (Vitamin K),Safe,Safe,4,0.011699179705746843,0.09523528225478162,0.7802919818598543,0.11277355617961733,Low,Low,1,0.0041759464722222655,0.9153968360429985,0.040484938046774666,0.03994227943800462,No Risk,No Risk,4,0.04260358639613429,0.17583946968191813,0.03408142934819157,0.747475514573756
Calcium Pantothenate,Calcium Pantothenate,Safe,Safe,2,0.0014839948296030176,0.06633434070808533,0.7793628742449178,0.1528187902173938,Low,Low,1,0.002738446022453947,0.9346173874061651,0.03771124145951157,0.024932925111869533,No Risk,No Risk,3,0.018345442442900515,0.18400372598158488,0.09374367962032824,0.7039071519551865
Ethylhexyl Methoxycinnamate,Ethylhexyl Methoxycinnamate,Safe,Safe,0,0.0008550481453420543,0.024146765758620004,0.9681603402910046,0.0068378458050332444,Low,Low,2,0.010692002975608956,0.9175864867986387,0.049062985001101025,0.022658525224651144,Low,Low,0,0.0019729877695051426,0.9730233565633798,0.007814282284321222,0.017189373382793804
Octocrylene,Octocrylene,Safe,Safe,3,0.0009839729731360922,0.00760974459410891,0.9848959987157141,0.006510283717040968,Low,Low,3,0.006880705051210946,0.94937916263187,0.03112409561444703,0.012616036702472024,Low,Low,3,0.002723872196846087,0.9529938311398224,0.022752098715910864,0.021530197947420657
Avobenzone (Butyl Methoxydibenzoylmethane),Avobenzone (Butyl Methoxydibenzoylmethane),Safe,Safe,4,0.0012019181455299678,0.02538277843080191,0.9670709392351218,0.006344364188546293,Low,Low,2,0.012556872780253324,0.892394450459752,0.07251976684146799,0.022528909918526706,Low,Low,3,0.00391704779076415,0.9393176795741816,0.036799739410952985,0.019965533224101294
Homosalate,Homosalate,Safe,Safe,1,0.0013371108311257777,0.024806371816334556,0.962479741521985,0.011376775830554587,Low,Low,1,0.006467702953577616,0.9311945630663324,0.04443463339611511,0.017903100583974874,Low,Low,4,0.0034098964180141527,0.9163774874927012,0.04720323504253863,0.0330093810467461
Ethylhexyl Salicylate (Octisalate),Ethylhexyl Salicylate (Octisalate),Safe,Safe,2,0.0006129953393404732,0.006826386734433697,0.9865452826198204,0.006015335306405382,Low,Low,3,0.006903163647547867,0.9459029449521765,0.030980105852674474,0.01621378554760105,Low,Low,3,0.002490702397414363,0.9445738537632007,0.03008290761985024,0.022852536219534834
Oxybenzone (Benzophenone-3),Oxybenzone (Benzophenone-3),Moderate Risk,Safe,2,0.013717515764535022,0.2528778657891766,0.7246362215647033,0.008768396881585054,Medium,Low,0,0.017768539277144307,0.9428055419941908,0.033480036808754325,0.005945881919910555,Medium,Low,0,0.007327763701764514,0.92993158551666,0.05084972687461693,0.011890923906958525
Ensulizole (Phenylbenzimidazole Sulfonic Acid),Ensulizole (Phenylbenzimidazole Sulfonic Acid),Safe,Safe,2,0.0007520595294286309,0.009903541592334808,0.980876224125547,0.008468174752689643,Low,Low,2,0.013634903244253087,0.9016062083911548,0.06135312323169665,0.023405765132895287,Low,Low,3,0.004657825860338096,0.8835944871457513,0.08489078144667501,0.02685690554723571
Bisoctrizole (Methylene Bis-Benzotriazolyl Tetramethylbutylphenol),Bisoctrizole (Methylene Bis-Benzotriazolyl Tetramethylbutylphenol),Safe,Safe,2,0.0006986535325640944,0.006563240911188488,0.9866881032009106,0.006050002355336797,Low,Low,2,0.009882334059056462,0.9366341984189812,0.037718161265120904,0.015765306256841347,Low,Low,1,0.0034464743622074096,0.9409314848906406,0.03384200702777342,0.021780033719378613
Bemotrizinol (Bis-Ethylhexyloxyphenol Methoxyphenyl Triazine),Bemotrizinol (Bis-Ethylhexyloxyphenol Methoxyphenyl Triazine),Safe,Safe,4,0.0011691157182310043,0.018651589746989945,0.9723742651876692,0.00780502934710981,Low,Low,3,0.011009735672193441,0.915295303392502,0.047712044221401545,0.025982916713902845,Low,Low,1,0.004350327117350562,0.939182158876038,0.036594255187495976,0.019873258819115353
Diethylamino Hydroxybenzoyl Hexyl Benzoate,Diethylamino Hydroxybenzoyl Hexyl Benzoate,Safe,Safe,1,0.0008012053175798412,0.023093004118227643,0.9697535609896463,0.006352229574546087,Low,Low,3,0.009074716669557158,0.9179572780173437,0.052922204534501485,0.020045800778597533,Low,Low,0,0.002377234460693171,0.9732295881128687,0.008086139167613249,0.016307038258824645
Titanium Dioxide,Titanium Dioxide,Safe,Safe,4,0.0012468816769174971,0.027822590198853928,0.9626700237173524,0.008260504406876278,Low,Low,1,0.005638693265316758,0.9434154140674814,0.03630159208717946,0.014644300580022399,Low,Low,4,0.0037227204199893464,0.9255092340013825,0.04216294063084893,0.028605104947779153
Zinc Oxide,Zinc Oxide,Safe,Safe,2,0.0007510422536046731,0.009146805159837087,0.9818186124793231,0.00828354010723503,Low,Low,3,0.00747340870744196,0.9394814318379353,0.03477857373527708,0.0182665857193456,Low,Low,1,0.005493946379536039,0.9291844929534723,0.030270439798171164,0.035051120868820625
Polysilicone-15,Polysilicone-15,Safe,Safe,0,0.0011996755327349335,0.033091734613915506,0.9528499653937536,0.012858624459596017,Low,Low,2,0.009610326291231252,0.9356567070055315,0.037210396340094966,0.017522570363142424,Low,Low,1,0.005184481096910595,0.8863975757196201,0.05677634230592824,0.05164160087754084
Diethylhexyl Butamido Triazone (Iscotrizinol),Diethylhexyl Butamido Triazone (Iscotrizinol),Safe,Safe,4,0.0008291563523418581,0.013802864953115234,0.9806805013733729,0.004687477321169982,Low,Low,3,0.007398092240511901,0.9433450602222286,0.03336886449154529,0.015887983045714118,Low,Low,1,0.003012811915331515,0.9412561587023677,0.03607372057595717,0.019657308806343567
Octyl Triazone (Ethylhexyl Triazone),Octyl Triazone (Ethylhexyl Triazone),Safe,Safe,2,0.000715220939208117,0.008812030380177239,0.9832833362617803,0.0071894124188344255,Low,Low,2,0.007708949983115324,0.9554141100785378,0.02305161481296408,0.013825325125382672,Low,Low,1,0.0031736894706839085,0.9374818177611248,0.039003744566112095,0.020340748202079158
Ferulic Acid,Ferulic Acid,Safe,Safe,3,0.0006107273294703003,0.017936006692997556,0.9435597999228462,0.03789346605468588,Low,Low,1,0.003718772939896332,0.9600881454213428,0.015871730423413798,0.020321351215347228,Low,No Risk,2,0.0036142480729181186,0.45044892664733566,0.045883807237067475,0.5000530180426788
Resveratrol,Resveratrol,Safe,Safe,4,0.00018193772015256499,0.006672306096340717,0.9591954104424668,0.03395034574103989,Low,Low,1,0.002207703454148331,0.9627127415491998,0.011826256672030052,0.02325329832462181,No Risk,No Risk,4,0.0021331105323838147,0.31462270496329714,0.014001942357649138,0.66924224214667
Butylated Hydroxytoluene (BHT),Butylated Hydroxytoluene (BHT),Safe,Safe,2,0.00037584492899103304,0.02105657287742073,0.9760902203598749,0.002477361833713286,Low,Low,2,0.0015071690510422837,0.9556144712736013,0.03805699504222969,0.004821364633126583,Low,Low,4,0.0022020720363749298,0.6729578056695573,0.011676127541534435,0.3131639947525332
Butylated Hydroxyanisole (BHA),Butylated Hydroxyanisole (BHA),Moderate Risk,Moderate Risk,4,0.14584523881728567,0.6646066208147655,0.1862147036833901,0.0033334366845588024,Medium,Low,3,0.010583454494705005,0.8951514221531593,0.09253504566974065,0.0017300776823949394,Low,Medium,0,0.09549072438539845,0.2926881361947913,0.567549991050082,0.04427114836972841
Sodium Metabisulfite,Sodium Metabisulfite,Moderate Risk,Moderate Risk,2,0.09291802324387842,0.8757678818242247,0.027714547571056226,0.0035995473608404827,Medium,Medium,2,0.04053590722366566,0.07439827736700075,0.8743261986539282,0.01073961675540535,Medium,Medium,3,0.08811948418784864,0.08839455069886742,0.8165539830826851,0.00693198203059883
Astaxanthin,Astaxanthin,Safe,Safe,1,0.00044107685605414314,0.0065256943378159135,0.9460624663657013,0.04697076244042855,Low,Low,2,0.0018307733847277026,0.9149901030322573,0.01145654383644361,0.07172257974657148,No Risk,No Risk,0,0.001917154953085162,0.43961960686350426,0.016742831098589466,0.541720407084821
Ubiquinone (Coenzyme Q10),Ubiquinone (Coenzyme Q10),Safe,Safe,2,0.0003619909518391925,0.03130601013902755,0.9403263324815339,0.028005666427599416,Low,Low,1,0.006020366951577156,0.7165484496981928,0.1338581197559682,0.14357306359426197,No Risk,No Risk,0,0.00221631300813021,0.24618035022760343,0.024114446782629497,0.7274888899816369
Alpha Lipoic Acid,Alpha Lipoic Acid,Safe,Safe,0,0.0003928515329314537,0.012535935848724438,0.9786513544537045,0.008419858164639374,Low,Low,4,0.002049635884822597,0.9473569195694304,0.0323632539932884,0.01823019055245851,Low,Low,3,0.008176141030159938,0.6899317159628267,0.06519562221948877,0.23669652078752457
Ergothioneine,Ergothioneine,Safe,Safe,3,0.0002718481377517371,0.00812329890841722,0.9343406330006875,0.05726421995314341,Low,Low,4,0.0028696328587507515,0.9085987696612907,0.014644152962538758,0.07388744451741978,No Risk,No Risk,1,0.0019517903180462626,0.38856174885649847,0.008228493861625965,0.6012579669638293
Phenoxyethanol,Phenoxyethanol,Safe,Moderate Risk,4,0.08450062916327733,0.865988545558381,0.025892472392077173,0.023618352886264415,Low,Medium,0,0.33905599887697674,0.21958902949363313,0.43064295805763136,0.010712013571758673,Low,Medium,1,0.03791882068894258,0.25305187808125906,0.6847915088940885,0.02423779233570999
Methylparaben,Methylparaben,Moderate Risk,Moderate Risk,3,0.10666188642376391,0.7913955950139825,0.07720284037464532,0.02473967818760826,Medium,Medium,4,0.10880581099722965,0.2636383397694806,0.6187860933805129,0.008769755852776827,Low,Low,1,0.0381094822591486,0.5838822232332435,0.35161921870876395,0.026389075798844072
Propylparaben,Propylparaben,Moderate Risk,Moderate Risk,4,0.10573997574931321,0.8351898819182803,0.037495393092308,0.021574749240098307,Medium,Medium,0,0.17670990613942472,0.205967422915946,0.6089026987288703,0.008419972215759058,Low,Low,0,0.03285423703707889,0.7391069007473376,0.20420942986131546,0.023829432354267956
Butylparaben,Butylparaben,Moderate Risk,Moderate Risk,1,0.09206959891638414,0.7810768245224887,0.09468630925314396,0.032167267307983236,Medium,Medium,3,0.06313363008981228,0.36339345983820276,0.569946030161529,0.003526879910455971,Low,Low,3,0.019592874184353234,0.7798893327344947,0.17866896720712486,0.021848825874027276
Ethylparaben,Ethylparaben,Moderate Risk,Moderate Risk,2,0.0820192740773533,0.8348665542009421,0.05723728257955955,0.025876889142144956,Medium,Medium,3,0.06956516579632219,0.3088440664892414,0.6171640607698864,0.004426706944549904,Low,Low,1,0.039129559886750695,0.6086310678764238,0.3230963217597636,0.02914305047706191
Sodium Benzoate,Sodium Benzoate,Safe,Safe,4,0.0016136169343600446,0.09465596219991987,0.8182297966736342,0.0855006241920859,Low,Low,2,0.018944816076700944,0.5812478518292066,0.31286287722912237,0.08694445486497013,Low,Low,1,0.005073665479951796,0.9114104256830793,0.02035207328956137,0.06316383554740732
Potassium Sorbate,Potassium Sorbate,Safe,Safe,1,0.0011149229232241058,0.04446756519609166,0.8860929999506553,0.06832451193002902,Low,Low,3,0.01328206449692887,0.8566918528251023,0.11426526806094539,0.015760814617023413,Low,Low,2,0.004459824308627752,0.7906493919064022,0.02321933766140941,0.18167144612356065
Benzyl Alcohol,Benzyl Alcohol,Safe,Safe,0,0.001219940053107595,0.12275801793114653,0.7710985648182461,0.10492347719749977,Medium,Low,1,0.02622456039065101,0.7402111844559696,0.2032391647021048,0.030325090451274506,Low,Low,0,0.0036062229712922954,0.888380391300065,0.04215091478760839,0.0658624709410343
Chlorphenesin,Chlorphenesin,Safe,Safe,1,0.0012850890876667626,0.034280157658504624,0.9062150932242866,0.058219660029541924,Low,Low,2,0.02249182566368138,0.7126972478282647,0.20054591335441435,0.06426501315363951,Low,Low,3,0.002196596450932506,0.8942319506508526,0.03265804436002381,0.07091340853819109
Sodium Dehydroacetate,Sodium Dehydroacetate,Safe,Safe,4,0.0019220038280260735,0.0721507318355533,0.8671343376648118,0.05879292667160878,Low,Low,3,0.011579553586879232,0.859313757006966,0.11423108474278053,0.014875604663374248,Low,Low,4,0.0026508739134343657,0.8991633486175585,0.03845112289195021,0.05973465457705688
Dehydroacetic Acid,Dehydroacetic Acid,Safe,Safe,0,0.001092031938956421,0.047858724744553514,0.8934273295976277,0.05762191371886233,Low,Low,1,0.01353859586625133,0.8814430449647745,0.08176723524892626,0.0232511239200478,Low,Low,0,0.003993320345402594,0.895624483683429,0.03231675784443766,0.06806543812673096
Imidazolidinyl Urea,Imidazolidinyl Urea,Moderate Risk,Moderate Risk,1,0.0619548526371668,0.8071901098209233,0.10161550672190187,0.02923953082000803,Medium,Medium,1,0.1461037829147777,0.2563946599444958,0.5881957625587003,0.009305794582026194,Medium,Medium,2,0.025921643705375925,0.2977494921146952,0.6548351186691137,0.021493745510815013
Diazolidinyl Urea,Diazolidinyl Urea,Moderate Risk,Moderate Risk,3,0.07052278951932386,0.8237034751209584,0.08465222088047084,0.021121514479246626,Medium,Medium,0,0.3733134675657583,0.13822731115630948,0.47852727381866017,0.009931947459272039,Medium,Medium,0,0.0341884471456147,0.22143450512814275,0.7248366534272701,0.019540394298972606
DMDM Hydantoin,DMDM Hydantoin,Moderate Risk,Moderate Risk,1,0.0738847834528031,0.7857989247568329,0.09406781391051515,0.04624847787984899,Medium,Medium,0,0.2787693904950192,0.17536175913081467,0.5347591314317298,0.011109718942436293,Medium,Medium,1,0.050333115275344745,0.28936157642517857,0.6230204252047741,0.03728488309470258
Methylisothiazolinone,Methylisothiazolinone,Moderate Risk,Moderate Risk,1,0.08006711476734564,0.7684271270929486,0.10717150436159838,0.0443342537781074,High,Medium,3,0.22010752334041675,0.23450808868733175,0.5394006324701985,0.005983755502053052,Medium,Medium,2,0.0347760768234141,0.4325675259262391,0.506321148210952,0.02633524903939489
Methylchloroisothiazolinone,Methylchloroisothiazolinone,Moderate Risk,Moderate Risk,1,0.08453989059068705,0.7591324907402569,0.11292981305437685,0.0433978056146792,High,Medium,2,0.23888979420988363,0.14890737042942764,0.593046769476446,0.019156065884242818,Medium,Medium,4,0.032498480521887946,0.3151885537158055,0.6305509186600707,0.021762047102235796
Benzoic Acid,Benzoic Acid,Safe,Safe,0,0.0008379232109704425,0.05386137236226646,0.887096242330667,0.05820446209609612,Low,Low,2,0.020893434786999728,0.698868276422983,0.2407042133321993,0.0395340754578179,Low,Low,0,0.003952231636064022,0.8944087367116276,0.03232049400612857,0.06931853764617973
Sorbic Acid,Sorbic Acid,Safe,Safe,4,0.001775056133207033,0.0885907896868828,0.8236610883449251,0.08597306583498504,Low,Low,4,0.022503250461400132,0.8033891476439843,0.1341844993299823,0.039923102564633224,Low,Low,4,0.0029121567253103634,0.8407441597441996,0.0593577336664557,0.09698594986403432
Ethylhexylglycerin,Ethylhexylglycerin,Safe,Safe,3,0.0011014417474618213,0.030739815650397448,0.9291090499740651,0.03904969262807559,Low,Low,3,0.011936915566710461,0.8772119026001957,0.10056164050308146,0.01028954133001243,Low,Low,2,0.0031387146689832645,0.8814746347137865,0.01542405548677272,0.09996259513045777
"1,2-Hexanediol","1,2-Hexanediol",Safe,Safe,1,0.0010387762726165569,0.038362505965420554,0.9157519297424331,0.0448467880195297,Low,Low,4,0.024747461705840516,0.8299329320527457,0.11913234410189077,0.02618726213952303,Low,Low,2,0.0035455659051902275,0.8565765540238358,0.024491229723669707,0.11538665034730443
Chlorhexidine Digluconate,Chlorhexidine Digluconate,Moderate Risk,Moderate Risk,3,0.1620416935267927,0.8199602278557863,0.016062506122552604,0.001935572494868326,Medium,Low,3,0.09519171799027737,0.5143823144453107,0.38623174976346614,0.004194217800945764,Medium,Medium,3,0.05002642405268343,0.07844068212876033,0.8644940257816849,0.007038868036871353
Triclosan,Triclosan,Moderate Risk,Moderate Risk,2,0.09173532981102397,0.8696152139159713,0.03677683044094412,0.0018726258320606092,Medium,Medium,2,0.2195924305634797,0.06513969770308978,0.7101023010131229,0.005165570720307728,Medium,Medium,2,0.021669795161824962,0.053854862375820704,0.9213873770694325,0.003087965392921797
Triclocarban,Triclocarban,Moderate Risk,Moderate Risk,4,0.21408809249038854,0.7646801078310652,0.018151983574015467,0.0030798161045307517,Medium,Medium,2,0.12425501840867904,0.16095347504286742,0.7094464884764075,0.00534501807204599,Medium,Medium,3,0.07025080757608063,0.10260273376761826,0.8218907851544006,0.005255673501900605
Silver Citrate,Silver Citrate,Safe,Safe,1,0.0036277377951532573,0.08346180986009202,0.7789216013456767,0.13398885099907792,Low,Low,1,0.010747255283792723,0.6942704521262496,0.19373969740178798,0.10124259518816968,Low,Low,0,0.004865407624355753,0.48703242488743376,0.31453384096951603,0.19356832651869468
Leuconostoc/Radish Root Ferment Filtrate,Leuconostoc/Radish Root Ferment Filtrate,Safe,Safe,0,0.00017938662265648808,0.004200675726419635,0.9828261809758266,0.01279375667509735,Low,Low,4,0.003250885033813041,0.9560722103265792,0.012013605343347018,0.028663299296260603,No Risk,No Risk,4,0.0011510591679672346,0.03930908339986363,0.006881849598658905,0.9526580078335102
Lactobacillus Ferment,Lactobacillus Ferment,Safe,Safe,3,0.0007139846307574945,0.011369413461850749,0.9632124041431999,0.024704197764191974,Low,Low,1,0.004616025480673414,0.9442910952248991,0.013468032113203935,0.037624847181223595,No Risk,No Risk,0,0.002665175253748022,0.09495857878356029,0.01056817629541893,0.8918080696672728
Glyceryl Undecylenate,Glyceryl Undecylenate,Safe,Safe,3,0.0013239321324540832,0.01933964195386084,0.9278604355247687,0.051475990388916266,Low,Low,4,0.007543733940660221,0.9701412040006199,0.013814624795669533,0.008500437263050413,No Risk,No Risk,2,0.002488471760513373,0.1631102256031563,0.024114870127884745,0.8102864325084456
p-Anisic Acid,p-Anisic Acid,Safe,Safe,3,0.0008354962508355387,0.01553690915157014,0.9776505870314429,0.005977007566151537,Low,Low,0,0.0015424770597578452,0.9873661016040692,0.009177261596131895,0.001914159740041055,No Risk,No Risk,3,0.006920994346400385,0.19980428491739305,0.05632067143567398,0.7369540493005325
Sodium Levulinate,Sodium Levulinate,Safe,Safe,3,0.0006980850264169257,0.014453749170988664,0.9785755859728407,0.006272579829753503,Low,Low,4,0.002426865705213688,0.9753933184692822,0.01269399531188268,0.009485820513621297,No Risk,No Risk,4,0.01383987711129153,0.26578824102855253,0.06489719341517645,0.6554746884449795
Sodium Anisate,Sodium Anisate,Safe,Safe,3,0.000751809554404973,0.014862727721246196,0.9768229054660471,0.007562557258301644,Low,Low,4,0.0018846850456389144,0.9783223555571088,0.010917492924021369,0.008875466473230963,No Risk,No Risk,4,0.012460539888158416,0.26529076200193286,0.05232639027166693,0.6699223078382418
Disodium EDTA,Disodium EDTA,Safe,Safe,0,0.0008836442658216225,0.05845993060937074,0.877145090188209,0.06351133493659876,Low,Low,4,0.010399757124413501,0.8630807030038389,0.10330734495576645,0.023212194915981102,Low,Low,4,0.006989875890261172,0.8463815162249675,0.03309160742023901,0.11353700046453231
Tetrasodium EDTA,Tetrasodium EDTA,Safe,Safe,3,0.0011335128820125894,0.03804040039391776,0.9516402881357746,0.009185798588295128,Low,Low,0,0.007841991813317193,0.9412092247628967,0.02666760336628797,0.024281180057498082,Low,Low,0,0.009016533489163765,0.8300131441637686,0.0599765988306736,0.10099372351639403
Trisodium EDTA,Trisodium EDTA,Safe,Safe,4,0.0007638512804881688,0.00754411963913209,0.9496922880665954,0.04199974101378433,Low,Low,3,0.0005461929856727092,0.9888856000606685,0.00519323891878956,0.0053749680348693886,Low,No Risk,4,0.008503439873220981,0.4853306330872044,0.01865401823459099,0.48751190880498363
Sodium Phytate,Sodium Phytate,Safe,Safe,2,0.00044783871494101475,0.008138505204057397,0.7656570301337176,0.22575662594728388,Low,Low,1,0.0028855056304553208,0.834983740376068,0.0034536876200200435,0.1586770663734566,No Risk,Low,0,0.002987847129487954,0.7203090353054598,0.018564045946996732,0.2581390716180557
Etidronic Acid,Etidronic Acid,Safe,Safe,3,0.0021550230787030842,0.06458761082265668,0.9235009859497783,0.009756380148861932,Low,Low,1,0.008193462515659182,0.8043133107092362,0.12563099151594917,0.06186223525915549,Low,Low,3,0.014569858731864116,0.8507332384590521,0.08838210471599896,0.04631479809308477
Citric Acid,Citric Acid,Very Safe,Safe,3,7.200760431341889e-05,0.055360809352162664,0.9192157436186952,0.025351439424828686,Low,Low,3,0.006017600358503062,0.9301447522793103,0.05234939994929447,0.011488247412892344,Low,Medium,3,0.01348771391626122,0.22260455665747955,0.5481017611445514,0.2158059682817078
Sodium Citrate,Sodium Citrate,Very Safe,Safe,4,0.003460914855430736,0.11929533591139024,0.7954342017744978,0.08180954745868124,Low,Low,3,0.02236847835785689,0.69182948606465,0.23185520660451436,0.0539468289729788,No Risk,Low,4,0.011821284739390314,0.9054048010307909,0.0314898283895989,0.05128408584021998
Sodium Hydroxide,Sodium Hydroxide,Moderate Risk,Safe,4,0.002701653870223996,0.29179244258898324,0.5982046359810682,0.10730126755972452,Low,Low,1,0.003569320131749028,0.9290899475207026,0.055920989461977454,0.011419742885570964,High,Low,4,0.061250453791194245,0.7749039997085867,0.06192950455520816,0.1019160419450109
Potassium Hydroxide,Potassium Hydroxide,Moderate Risk,Safe,3,0.00678580315181712,0.402759723816012,0.5218687937189815,0.06858567931318944,Low,Low,3,0.005293528803066255,0.9175265293519258,0.046037233392729957,0.03114270845227804,High,Low,0,0.18225275421093032,0.5918163101250812,0.1284609259473987,0.09747000971658992
Triethanolamine,Triethanolamine,Moderate Risk,Moderate Risk,1,0.10533460919239368,0.8379601417908356,0.03605405945725995,0.020651189559510754,Medium,Low,0,0.24364482792299194,0.4429947920804531,0.24865514282167483,0.06470523717488011,Medium,Medium,0,0.055070692799522744,0.18799167219249213,0.7488020505081764,0.008135584499808623
Aminomethyl Propanol,Aminomethyl Propanol,Safe,Safe,2,0.005773751572017903,0.09443230849956386,0.8413814972563499,0.058412442672068396,Low,Low,3,0.0031610930258492787,0.9252154108006262,0.06098120396094722,0.010642292212577358,Low,Low,4,0.018157222252834167,0.6039572077032808,0.16888930310340092,0.20899626694048415
Lactic Acid,Lactic Acid,Safe,Safe,3,0.00036188383827662944,0.09199664363664663,0.8662139894024098,0.04142748312266704,Low,Low,3,0.0025780304284107576,0.9615360410141891,0.01792720752574854,0.017958721031651692,Medium,Low,2,0.06037536150692335,0.5185694510315705,0.23124386938635216,0.189811318075154
Sodium Bicarbonate,Sodium Bicarbonate,Safe,Very Safe,1,0.0012017793578601235,0.052615020466532894,0.09275173987786221,0.8534314602977449,Low,No Risk,0,0.005700985502497871,0.1697637158986813,0.005982399095194219,0.8185528995036265,Low,Low,3,0.012408455329741259,0.8760785750458563,0.06893532209437078,0.04257764753003146
Phosphoric Acid,Phosphoric Acid,Safe,Safe,3,0.000869493604413401,0.06884219018860936,0.9184153255567831,0.01187299065019413,Low,Low,0,0.0024058243014087916,0.9233331639771827,0.04286608485619627,0.031394926865212336,Medium,Low,1,0.0718094562038407,0.703667549562804,0.18056755574278677,0.0439554384905685
Potassium Citrate,Potassium Citrate,Safe,Safe,0,0.0023075978834680797,0.025890482335964617,0.6014925636797954,0.3703093561007719,Low,Low,3,0.002977419816135975,0.9133356825341076,0.02233166952269303,0.06135522812706348,No Risk,Low,4,0.027915131170405474,0.5682696042401875,0.016020003398354906,0.3877952611910522
PVP,PVP,Safe,Safe,4,0.005629702314909243,0.039924489807745926,0.939389277246665,0.015056530630679694,Low,Low,0,0.007329233040421473,0.9632140314900874,0.01512833080600407,0.014328404663487004,No Risk,No Risk,2,0.007191137155745787,0.0575590100961121,0.052721543894048734,0.8825283088540934
PVP/VA Copolymer,PVP/VA Copolymer,Safe,Safe,3,0.002135464650874718,0.03195143106152803,0.9490272989364765,0.01688580535112074,Low,Low,4,0.011789764037635037,0.9435173878981068,0.02757606516907601,0.01711678289518223,No Risk,No Risk,3,0.006387013877084117,0.09716232576702061,0.027421773270861326,0.869028887085034
Polyquaternium-7,Polyquaternium-7,Safe,Safe,1,0.0022216545412732016,0.024568183613125003,0.934737710020824,0.038472451824777834,Low,Low,0,0.004253782011441511,0.9798100470304756,0.007725537833448509,0.008210633124634504,No Risk,No Risk,2,0.0025238759329771964,0.09046152532310231,0.014220400704104193,0.8927941980398163
Polyquaternium-10,Polyquaternium-10,Safe,Safe,1,0.0024240790267732897,0.026750603600750118,0.9247445135378145,0.04608080383466199,Low,Low,1,0.0044382935194333464,0.9742759159347044,0.010705038822148119,0.010580751723714138,No Risk,No Risk,1,0.003044260939947967,0.05813798065178493,0.01166183806416943,0.9271559203440976
Polyquaternium-11,Polyquaternium-11,Safe,Safe,2,0.005791069403039564,0.018934762423080762,0.9571007765822854,0.018173391591594115,Low,Low,2,0.013685859286345076,0.9476196809124904,0.019971857347522437,0.018722602453642084,No Risk,No Risk,2,0.009208939959908135,0.12047440568556615,0.054395082610899356,0.8159215717436263
Acrylates Copolymer,Acrylates Copolymer,Safe,Safe,3,0.003149001248760579,0.19923387244930102,0.774285605558903,0.023331520743035336,Low,Low,1,0.04795630445704212,0.7760005574742892,0.132183284875842,0.04385985319282672,No Risk,No Risk,0,0.007166158667372307,0.16987359874754476,0.09856013624661068,0.7244001063384722
Carbomer,Carbomer,Safe,Safe,3,0.00023223486749513296,0.007569657944461574,0.9823684857732194,0.009829621414823657,Low,Low,1,0.001580333890875409,0.9894900986620456,0.0035727958054325823,0.005356771641646332,No Risk,No Risk,4,0.0007612261086242051,0.016256307235408936,0.0015151240528761642,0.9814673426030908
Acrylates/C10-30 Alkyl Acrylate Crosspolymer,Acrylates/C10-30 Alkyl Acrylate Crosspolymer,Safe,Safe,0,0.0008442815446643483,0.008242850971168367,0.9709389806798234,0.019973886804343817,Low,Low,1,0.002534187268935737,0.961825794598938,0.007727010512489575,0.027913007619636693,No Risk,No Risk,4,0.0028621469658907535,0.03836563789793732,0.0025561873593290493,0.9562160277768429
Xanthan Gum,Xanthan Gum,Very Safe,Safe,1,0.0001324623559508793,0.00884869686288664,0.9447026960594862,0.046316144721676306,Low,Low,2,0.0012318217423129463,0.9756536257676459,0.0013775695983159239,0.021736982891725223,No Risk,No Risk,2,0.00021000466298299038,0.013833096853275436,0.002409398079376075,0.9835475004043653
Hydroxyethylcellulose,Hydroxyethylcellulose,Safe,Safe,1,0.0008658420594551521,0.034804711745552566,0.8900520011615004,0.07427744503349193,Low,Low,1,0.006676823665610985,0.962550657781331,0.007305939718504658,0.0234665788345533,No Risk,No Risk,1,0.0012063552314971547,0.07322964778266877,0.008698325274231903,0.9168656717116022
Hydroxypropyl Methylcellulose,Hydroxypropyl Methylcellulose,Safe,Safe,0,0.000523949593791303,0.007396034751512887,0.951890474431798,0.040189541222897904,Low,Low,0,0.0013656544757897238,0.9853367487398682,0.003163379509228851,0.010134217275113147,No Risk,No Risk,0,0.0006384944453245008,0.0303202488651324,0.002804644543497872,0.9662366121460452
Sodium Polyacrylate,Sodium Polyacrylate,Safe,Safe,0,0.0015252440901013361,0.010697186930931458,0.9671792837028421,0.02059828527612498,Low,Low,2,0.0032056683241439054,0.9658578424104871,0.008297174259358126,0.02263931500601062,No Risk,No Risk,0,0.004719078365342335,0.072578507182153,0.012530891726469177,0.9101715227260354
Sclerotium Gum,Sclerotium Gum,Safe,Safe,2,0.0001693096158975086,0.0042683077689110085,0.9429704126631906,0.05259196995200091,Low,Low,2,0.0008721181032846975,0.9752913019467191,0.0014470987753317543,0.02238948117466431,No Risk,No Risk,1,0.00018946010939334393,0.006510496594220218,0.0006724958618300412,0.9926275474345564
Cellulose Gum (Sodium Carboxymethyl Cellulose),Cellulose Gum (Sodium Carboxymethyl Cellulose),Safe,Safe,1,0.0005240083618699803,0.037119589049868826,0.8856976769699837,0.07665872561827747,Low,Low,2,0.004428583510673542,0.9548486220449771,0.004776900697782427,0.035945893746566995,No Risk,No Risk,1,0.00069089123373267,0.01874763115557517,0.003576114086380186,0.976985363524312
Guar Gum,Guar Gum,Safe,Safe,1,0.001190671196075209,0.02261831995290656,0.7195893937105284,0.2566016151404899,Low,Low,2,0.00815857689265527,0.9558747834696191,0.005728499999037667,0.030238139638687937,No Risk,No Risk,1,0.0005324230172257853,0.02103482821087058,0.004552179334466656,0.973880569437437
PEG-150 Distearate,PEG-150 Distearate,Safe,Safe,3,0.0030562511642797767,0.03822437491921525,0.9100400548054091,0.04867931911109593,Low,Low,3,0.020541949482601216,0.7204975112834088,0.22012515880064273,0.038835380433347076,No Risk,No Risk,2,0.004613822795649175,0.12061987141469184,0.054868282074728165,0.8198980237149307
Sodium Chloride,Sodium Chloride,Very Safe,Very Safe,1,0.0009536370273447791,0.04116656861012909,0.2719720138043937,0.6859077805581325,No Risk,No Risk,0,0.015260871711044259,0.4370857493807999,0.055446501911407264,0.4922068769967485,Low,No Risk,0,0.016011008617141553,0.3466942049317285,0.24325997580847922,0.39403481064265067
Magnesium Aluminum Silicate,Magnesium Aluminum Silicate,Safe,Safe,1,0.000246061626167752,0.004263648854474305,0.9620302764897067,0.033460013029651264,Low,Low,1,0.0030103132024943604,0.907755011110735,0.0022234501838314605,0.0870112255029392,No Risk,No Risk,1,0.0007756432535641272,0.07884310890980557,0.008262695110656668,0.9121185527259736
Hectorite,Hectorite,Safe,Safe,1,0.0003057150409947022,0.004401306537753224,0.9769889660059706,0.018304012415281408,Low,Low,0,0.0010479184539136913,0.9825800124520161,0.0038166158124032287,0.012555453281666924,No Risk,No Risk,2,0.002618230850028013,0.27083416428250745,0.0367717733493331,0.6897758315181315
Bentonite,Bentonite,Safe,Safe,4,0.0019061420172758504,0.016256360333460028,0.7801121292762917,0.20172536837297247,Low,Low,2,0.0018205826285194909,0.9391400891968902,0.009719336300134182,0.049319991874456175,Low,No Risk,1,0.002901870074104794,0.24350137268085,0.02041221546749503,0.7331845417775501
CI 77891 (Titanium Dioxide),CI 77891 (Titanium Dioxide),Safe,Safe,1,0.0015404842904071893,0.01699441761783477,0.9684107338560395,0.0130543642357185,Low,Low,1,0.0021063282615725685,0.9748787952612389,0.005951302022378468,0.017063574454810007,Low,Low,0,0.00143555624191801,0.9389018372211708,0.004664266180965057,0.05499834035594616
CI 19140 (Yellow 5),CI 19140 (Yellow 5),Safe,Safe,3,0.0008504475582936181,0.0029384437990499284,0.9863299166462658,0.00988119199639086,Low,Low,0,0.0012433567158836656,0.9756623553269428,0.012954845378591045,0.010139442578582408,Low,Low,1,0.0009313421633178277,0.9714089014233873,0.003564017920671819,0.024095738492622885
CI 16035 (Red 40),CI 16035 (Red 40),Safe,Safe,4,0.0018568722539956384,0.019286902148807853,0.9618002171665704,0.01705600843062606,Low,Low,3,0.0021134885235680407,0.972270642682906,0.012351366497962337,0.013264502295563696,Low,Low,2,0.001228861986974248,0.9578622859393768,0.005856576438000947,0.03505227563564791
CI 42090 (Blue 1),CI 42090 (Blue 1),Safe,Safe,4,0.001957848678352367,0.016756108327668096,0.963695891723991,0.017590151269988624,Low,Low,4,0.0025800963622259142,0.9669962131398411,0.014594114589925189,0.015829575908008122,Low,Low,4,0.0012900557289050464,0.9703490046264863,0.005361165529782982,0.02299977411482578
CI 77491 (Iron Oxide Red),CI 77491 (Iron Oxide Red),Safe,Safe,1,0.0018734824102479403,0.0197911502304494,0.9622876166442131,0.016047750715089504,Low,Low,3,0.0019039681337798809,0.9735325888989016,0.010983354290223058,0.013580088677095514,Low,Low,3,0.0010297255327461957,0.9754617748676497,0.002624099817218,0.020884399782386102
CI 77492 (Iron Oxide Yellow),CI 77492 (Iron Oxide Yellow),Safe,Safe,0,0.0014175628655804418,0.01412046547648665,0.9680557806242055,0.016406191033727303,Low,Low,2,0.0018691031267520104,0.9718610290621836,0.014900588074091822,0.011369279736972646,Low,Low,0,0.0011170594533033414,0.9628774663405669,0.00363171246436647,0.03237376174176344
CI 77499 (Iron Oxide Black),CI 77499 (Iron Oxide Black),Safe,Safe,2,0.0014030996803083271,0.01460858590675345,0.9703324511497492,0.01365586326318906,Low,Low,3,0.001801340914898756,0.9741946913331615,0.011124641425014029,0.012879326326925554,Low,Low,3,0.0009017638822868459,0.9774354932913022,0.0023696736648168987,0.0192930691615941
Mica,Mica,Safe,Safe,3,0.0007507608626026384,0.0024336580828492067,0.9885195535968118,0.008296027457736374,Low,Low,4,0.001552318499408637,0.9802186090528501,0.008307858036553407,0.009921214411187951,Low,Low,2,0.0013055622618609783,0.9430156260740452,0.005079652035263222,0.05059915962883041
Ultramarines (CI 77007),Ultramarines (CI 77007),Safe,Safe,0,0.0013489169722352603,0.015738961400084222,0.9650320727427135,0.01788004888496704,Low,Low,0,0.0014988977044588581,0.9718280671866607,0.014873272110673463,0.011799762998207099,Low,Low,1,0.0010657050811526889,0.9627367516704046,0.0038231350108168527,0.03237440823762558
Bismuth Oxychloride (CI 77163),Bismuth Oxychloride (CI 77163),Safe,Safe,1,0.0019749827599674225,0.017217542615261202,0.9636784075720388,0.017129067052732462,Low,Low,1,0.002445942811733696,0.9732184644378892,0.006345932208216539,0.01798966054216035,Low,Low,1,0.0009694424032454017,0.977150889176293,0.0026558896796553856,0.01922377874080636
CI 15850 (Red 6/7),CI 15850 (Red 6/7),Safe,Safe,0,0.001328251160365882,0.013254775980022348,0.9680748025881476,0.01734217027146424,Low,Low,0,0.0012855249763393944,0.9767407365894711,0.012240978459589,0.009732759974600437,Low,Low,4,0.0013747896743070652,0.9695824099995266,0.005341796922815841,0.02370100340335052
CI 45410 (Red 27/28),CI 45410 (Red 27/28),Safe,Safe,4,0.0018039410652690715,0.01836993338509442,0.963200822472611,0.01662530307702561,Low,Low,0,0.0013815341204844375,0.9753447727650191,0.013067186802445094,0.010206506312051389,Low,Low,4,0.0013277339725378166,0.971994030502509,0.005289051684328122,0.021389183840625003
CI 77510 (Ferric Ferrocyanide),CI 77510 (Ferric Ferrocyanide),Safe,Safe,2,0.001452090385880006,0.014110228076138698,0.9676545922691102,0.016783089268871162,Low,Low,4,0.0020602864466897105,0.9734711326315176,0.011128502059245714,0.01334007886254681,Low,Low,4,0.00126871506688166,0.9704138471608722,0.004322911939194453,0.02399452583305161
CI 77288 (Chromium Oxide Green),CI 77288 (Chromium Oxide Green),Safe,Safe,0,0.001410881605495544,0.01616920089268184,0.9644224182365437,0.017997499265278886,Low,Low,3,0.0019995575646989763,0.9712067790698743,0.01139591214166756,0.01539775122375918,Low,Low,4,0.00139354723015751,0.9767151626746015,0.003919540607583413,0.017971749487657635
CI 77289 (Chromium Hydroxide Green),CI 77289 (Chromium Hydroxide Green),Safe,Safe,4,0.0017216050888443914,0.019608924138981684,0.9634931104434002,0.015176360328773675,Low,Low,1,0.001999351610703901,0.9759964045642489,0.005937405627813535,0.01606683819723379,Low,Low,3,0.0013012530240271813,0.9751140220804815,0.002471085457240702,0.02111363943825045
CI 15985 (Yellow 6),CI 15985 (Yellow 6),Safe,Safe,1,0.0019538210919963126,0.01634892568858043,0.9654633178708214,0.01623393534860188,Low,Low,2,0.002353910359970058,0.9627031784360783,0.020110722474841334,0.014832188729110117,Low,Low,2,0.0011305332406233513,0.9585637378280356,0.005404370542222676,0.0349013583891184
CI 14700 (Red 4),CI 14700 (Red 4),Safe,Safe,4,0.0018549488879312616,0.019681004289648203,0.9613175795929649,0.017146467229455484,Low,Low,4,0.002179548194960444,0.968530836794554,0.01507844840684756,0.014211166603637792,Low,Low,4,0.00136115834231869,0.9702181986522073,0.0054505438365103215,0.02297009916896381
CI 73015 (Blue 2),CI 73015 (Blue 2),Safe,Safe,0,0.0014906456236483795,0.01240162877926259,0.9687878349209497,0.017319890676139454,Low,Low,0,0.0015604770267371498,0.9757166001253552,0.011679476872413634,0.01104344597549383,Low,Low,2,0.001138254190824296,0.9621747465182459,0.005148725979501077,0.03153827331142859
CI 77120 (Barium Sulfate),CI 77120 (Barium Sulfate),Safe,Safe,3,0.0008359928178948271,0.0035155151241519577,0.9835736909537834,0.012074801104169988,Low,Low,1,0.002948212230432122,0.9570572356581939,0.010362008979302957,0.029632543132070883,Low,Low,0,0.001568640416500309,0.9536277025820133,0.006120137695190417,0.03868351930629621
CI 77163 (Bismuth Oxychloride),CI 77163 (Bismuth Oxychloride),Safe,Safe,3,0.0010423250257771816,0.0034310801743066945,0.9825747801472072,0.012951814652708907,Low,Low,4,0.002557271539741135,0.9660661708483085,0.013964301187835041,0.017412256424115497,Low,Low,3,0.0008950966865887914,0.9749372712303653,0.003164090440184653,0.02100354164286121
Parfum (Fragrance),Parfum (Fragrance),Moderate Risk,Safe,0,0.004371702401790412,0.12402790546069552,0.8525225882326327,0.019077803904881282,High,Medium,1,0.004705445586294298,0.08679796054105295,0.8839916664035399,0.024504927469112824,Medium,Low,2,0.002381402306780323,0.8914231747834259,0.07261045321507636,0.03358496969471757
Linalool,Linalool,Safe,Safe,0,0.00416630566618218,0.03657674277244992,0.8920286125850562,0.06722833897631184,Medium,Medium,4,0.17217719058139977,0.16358075160348315,0.5786662282973168,0.08557582951780027,Low,Low,4,0.0018509744087935388,0.8318643379776723,0.1162905226184579,0.04999416499507615
Limonene,Limonene,Safe,Safe,4,0.0020811757204034537,0.012815675115291513,0.9714546512052703,0.013648497959034687,Medium,Medium,3,0.015344928399425846,0.0769556575788112,0.893214581513809,0.014484832507953878,Low,Low,4,0.00425730835622155,0.8570109980200113,0.08152912786037589,0.057202565763391035
Citronellol,Citronellol,Safe,Safe,2,0.008866978324086764,0.05953432023690325,0.8076563857917634,0.12394231564724656,Medium,Medium,2,0.051268419305543246,0.1360743240994568,0.7141843565738007,0.0984729000211992,Low,Low,3,0.0021178254399443616,0.8435576173240709,0.06426146627150578,0.090063090964479
Geraniol,Geraniol,Safe,Safe,4,0.002363744284705291,0.02619715156361581,0.9505001185034586,0.020938985648220287,Medium,Medium,4,0.09620513093876454,0.3460956041158504,0.5291841274672452,0.028515137478139906,Low,Low,3,0.0032003452194865004,0.8319149375939618,0.0783357731637858,0.08654894402276568
Eugenol,Eugenol,Safe,Safe,0,0.003978227255264299,0.0753288991124729,0.7955740424426341,0.12511883118962885,Medium,Medium,1,0.025941651634885612,0.214894101301027,0.7357507799299458,0.023413467134141646,Low,Low,0,0.008182373299501552,0.6832695658885505,0.18295631300172338,0.12559174781022459
Benzyl Salicylate,Benzyl Salicylate,Safe,Safe,3,0.011504484697037944,0.05949386990359669,0.9237558754392974,0.0052457699600679695,Medium,Medium,2,0.02960250436967206,0.10465443658083473,0.8566465062334814,0.009096552816011893,Low,Low,4,0.012275267221170076,0.8072188252411671,0.15096547835308283,0.029540429184579962
Hexyl Cinnamal,Hexyl Cinnamal,Safe,Safe,4,0.015484303546266068,0.11539885712775193,0.8521650451196242,0.016951794206357947,Medium,Medium,3,0.02172791360838205,0.03142849646004353,0.9263976092480183,0.020445980683556075,Low,Low,3,0.00604264159235945,0.918742162760847,0.056732415756371196,0.018482779890422445
Coumarin,Coumarin,Safe,Safe,0,0.0086132062961551,0.04345852543860816,0.9409004855709284,0.007027782694308372,Medium,Medium,1,0.004797761835337475,0.10543265684812093,0.8833379388282353,0.0064316424883063585,Low,Low,1,0.007143604399944088,0.9413606663383423,0.03965419407003419,0.011841535191679483
Menthol,Menthol,Safe,Safe,0,0.0013378254081317044,0.09785905279935661,0.6144319634382358,0.2863711583542759,Low,Low,0,0.011525197836684828,0.8635725241045172,0.059497669518216334,0.06540460854058154,Medium,No Risk,0,0.01246452709787682,0.16929195914341152,0.3648387415087344,0.4534047722499773
Menthyl Lactate (Frescolat),Menthyl Lactate (Frescolat),Safe,Safe,3,0.0030713561100446985,0.06505380332383746,0.9221224949980361,0.00975234556808191,Low,Low,1,0.0015999116925025972,0.9783992942496191,0.012274925748182052,0.007725868309696216,Low,Medium,3,0.02317614799812177,0.3444578991233247,0.5658437769463738,0.06652217593217975
Camphor,Camphor,Moderate Risk,Moderate Risk,2,0.13955961431259423,0.7141997155126779,0.11813799002948758,0.028102680145240238,Low,Low,2,0.07426622653182369,0.745030927686203,0.16175853832685785,0.018944307455115276,Medium,Medium,1,0.011604805698726576,0.03716478952272421,0.9427520598988818,0.008478344879667485
WS-23 (Cooling Agent),WS-23 (Cooling Agent),Safe,Safe,2,0.002349623835321308,0.05966630142482661,0.9336161281933808,0.004367946546471296,Low,Low,4,0.004640846871465103,0.958795709712938,0.027961151178028568,0.00860229223756842,Low,Medium,3,0.017650930846489426,0.35084016902014536,0.5818922480045472,0.049616652128818044
Salicylic Acid,Salicylic Acid,Safe,Safe,1,0.0019089683246811327,0.17919507772742035,0.7913613696932884,0.027534584254610067,Low,Medium,4,0.003072738068034401,0.4765478273700969,0.509221201469892,0.011158233091976721,Medium,Low,2,0.2575382954290963,0.4004297191503864,0.2267321442033318,0.11529984121718546
Benzoyl Peroxide,Benzoyl Peroxide,Moderate Risk,Safe,1,0.005582013208479568,0.40183296992945494,0.5594385638477067,0.03314645301435883,Medium,Low,0,0.005285218281958725,0.5410998825466499,0.44303667482084574,0.010578224350545647,High,Medium,4,0.033412900419379894,0.42913436591191156,0.4783863299863154,0.05906640368239307
Zinc PCA,Zinc PCA,Safe,Safe,3,0.005714573471276674,0.25526191417045996,0.719334679840131,0.01968883251813245,Low,Low,3,0.007616955959219649,0.7054200585869516,0.259083742955469,0.027879242498359692,Low,Medium,3,0.04223732795502151,0.14423770208966624,0.5826841375885925,0.23084083236671968
Sulfur,Sulfur,Moderate Risk,Safe,0,0.0015143906487400337,0.01105766654349011,0.8600643492197145,0.12736359358805524,Medium,Low,1,0.006055586951040243,0.6910378283191688,0.05047000004027031,0.25243658468952057,Medium,Low,0,0.013215998048479201,0.6930143492023594,0.20470191063777785,0.08906774211138355
Azelaic Acid,Azelaic Acid,Safe,Safe,1,0.0026725001601151078,0.13581613414663327,0.8448278693465939,0.016683496346657563,Low,Low,4,0.005786247353579909,0.5948379921786752,0.36577589511248526,0.03359986535525963,Medium,Medium,4,0.026827697009658463,0.33459266119033515,0.5997049128652578,0.038874728934748616
Bakuchiol,Bakuchiol,Safe,Safe,1,0.0003340236002281131,0.01910121258048034,0.9607641150852035,0.019800648734087833,Low,Low,1,0.004903582673546753,0.9591095226482983,0.027604126478336117,0.008382768199818747,Low,No Risk,0,0.0023213355185232993,0.06245072681172539,0.04537237908844738,0.8898555585813038
Adenosine,Adenosine,Safe,Safe,0,0.0011706804798088416,0.09160309444123987,0.7856721752569809,0.12155404982197048,Low,Low,2,0.0036903809859359818,0.8584848719537249,0.05275811637522443,0.08506663068511464,No Risk,No Risk,3,0.03733811627262141,0.16882144760962056,0.017523286220319855,0.7763171498974382
Glycolic Acid,Glycolic Acid,Moderate Risk,Safe,0,0.0004764624998118486,0.005982387899668966,0.9845091977035466,0.00903195189697252,Medium,Low,2,0.0008783730507917136,0.9886362346263353,0.004918215781385811,0.005567176541487388,High,Medium,3,0.006658851468004165,0.20055490824101616,0.770699571399376,0.022086668891603684
Mandelic Acid,Mandelic Acid,Safe,Safe,4,0.003184895235119254,0.16204777613475543,0.8103414975271334,0.024425831102991978,Low,Low,2,0.0009039125611188065,0.9868788254170384,0.006654024487019824,0.005563237534822952,Medium,Medium,2,0.17156102908476537,0.2603423856082874,0.49096314945362446,0.0771334358533228
Malic Acid,Malic Acid,Safe,Safe,4,0.000654878690881789,0.050468909659190764,0.8595124095467346,0.08936380210319288,Low,Low,4,0.0022624251010508506,0.9451967431092877,0.031413630835435566,0.02112720095422596,Medium,Low,2,0.059294397182515425,0.37121407680108,0.30741050134528686,0.26208102467111777
Tartaric Acid,Tartaric Acid,Safe,Safe,0,0.00021836010637965326,0.005230922736753635,0.9333106056845684,0.06124011147229834,Low,Low,0,0.0016037337981124012,0.9288193191863862,0.0524171865961223,0.017159760419379343,Medium,Medium,4,0.04186702576863534,0.25067679050210834,0.49322974986083806,0.21422643386841822
Gluconolactone (PHA),Gluconolactone (PHA),Safe,Safe,0,0.0009969658163716246,0.01647743604112785,0.94997084341206,0.03255475473044069,Low,Low,3,0.002167693442023328,0.9398666111074118,0.04740171963004823,0.010563975820516613,Low,Low,3,0.010054191820032476,0.5490324365806422,0.3738060120583174,0.06710735954100791
Lactobionic Acid,Lactobionic Acid,Safe,Safe,2,0.0008596256999312821,0.041484298832806875,0.947807770161498,0.00984830530576391,Low,Low,1,0.0015480252051082181,0.9462755828592021,0.042623490121393805,0.00955290181429582,Low,Low,2,0.10246470084389814,0.44477336326559713,0.3049767378969143,0.1477851979935903
Kojic Acid,Kojic Acid,Moderate Risk,Moderate Risk,4,0.16004625788190702,0.37376217658151256,0.34305352543925244,0.12313804009732816,Medium,Low,3,0.046986958215301945,0.8600423709593351,0.056797448923719435,0.036173221901643446,Medium,Medium,4,0.09954852194428788,0.2820442437662371,0.5892350835763003,0.029172150713174607
Alpha-Arbutin,Alpha-Arbutin,Safe,Safe,0,0.000442354576983421,0.017401072348395632,0.9141240867556941,0.06803248631892675,Low,Low,4,0.001994563869700839,0.9448362707501642,0.015401514250020506,0.03776765113011457,Low,Low,2,0.0037177213646666235,0.5241688872534122,0.027429123438947475,0.44468426794297383
Arbutin,Arbutin,Safe,Safe,3,0.00023503345450830813,0.013765278901135122,0.9501625500649107,0.03583713757944584,Low,Low,1,0.0013292538577913213,0.9848988554702934,0.005279186486002757,0.008492704185912674,Low,No Risk,1,0.005254771859752242,0.38713864107606877,0.043292187715733316,0.5643143993484457
Tranexamic Acid,Tranexamic Acid,Safe,Safe,1,0.0011157036186326828,0.03257022335738956,0.9599700247941831,0.006344048229794799,Low,Low,2,0.0016221852544035863,0.9738215817299385,0.019129485353291738,0.005426747662366324,Low,Low,1,0.030502825086782703,0.587769415560298,0.31277316935655974,0.06895458999635949
Hexylresorcinol,Hexylresorcinol,Safe,Safe,0,0.0009215033968631732,0.07079860683149752,0.9059097204444455,0.02237016932719395,Low,Low,1,0.0022386355093120093,0.9220005444412213,0.047198833331460154,0.028561986718006523,Low,No Risk,2,0.03437629731478691,0.2928505769156874,0.042394961597425465,0.6303781641721004
Ectoin,Ectoin,Very Safe,Very Safe,1,0.000976818293733975,0.007134490365628535,0.2889823250124041,0.7029063663282333,Low,Low,3,0.0013635345925666468,0.934619934453593,0.007609633663624576,0.056406897290215675,No Risk,No Risk,3,0.0029630009519302433,0.1449075911543287,0.0056262125693815005,0.8465031953243596
Madecassoside,Madecassoside,Safe,Safe,1,0.00032397804568191804,0.011000853159665442,0.8531885916498573,0.13548657714479526,Low,Low,0,0.00032165579590549137,0.9955681991175785,0.001023907809866156,0.003086237276649909,No Risk,No Risk,0,0.0006849241350448877,0.02818974853283425,0.0066575285777307055,0.9644677987543901
Asiaticoside,Asiaticoside,Safe,Safe,0,0.00016092789528240978,0.007462857925040383,0.9152200206882782,0.0771561934913989,Low,Low,4,0.0006439950445181182,0.9927186996538365,0.000976015048811339,0.005661290252834072,No Risk,No Risk,3,0.0013259868510550105,0.10354131586765823,0.009863747484226963,0.8852689497970597
Allantoin,Allantoin,Very Safe,Safe,2,0.005422865843147537,0.03673680833247242,0.5984275952632849,0.359412730561095,Low,Low,0,0.0013150337824993068,0.9842530043826802,0.010048234043118366,0.004383727791702079,No Risk,No Risk,1,0.007593332381821392,0.15419889973639464,0.01667195959713332,0.8215358082846506
Bisabolol,Bisabolol,Very Safe,Very Safe,4,0.0004567453330808661,0.006715094771812859,0.3129867997667895,0.6798413601283168,Low,Low,0,0.0003794507122280192,0.9921710448909019,0.0012526739836331764,0.006196830413236979,No Risk,No Risk,3,0.0012318244602829013,0.038318912737649174,0.008553483043423304,0.9518957797586447
Snail Secretion Filtrate,Snail Secretion Filtrate,Safe,Safe,3,0.00017182966875881544,0.010969296044851348,0.9728427823367765,0.016016091949613297,Low,Low,4,0.00816384100741103,0.9344042533049907,0.03781606582252867,0.019615839865069606,Low,No Risk,4,0.005432007315625562,0.039030161337211156,0.015105228530645323,0.940432602816518
Zinc Pyrithione,Zinc Pyrithione,Safe,Safe,1,0.0061080852340305225,0.13087879729279597,0.835790090669093,0.027223026804080504,Low,Low,1,0.0031291185157968624,0.9405052015430292,0.04007139019300051,0.016294289748173582,Medium,Low,1,0.03621106296687139,0.43141970376117483,0.4213882934452909,0.11098093982666295
Piroctone Olamine,Piroctone Olamine,Safe,Safe,0,0.006796915765837899,0.24721946375599096,0.7114764134142414,0.03450720706392974,Low,Low,3,0.007606858100125033,0.873597038973294,0.09937466388738404,0.019421439039196978,Low,Medium,4,0.017186957556198534,0.170112848654025,0.7340632261792018,0.07863696761057462
Selenium Sulfide,Selenium Sulfide,Moderate Risk,Safe,3,0.0042841988398202475,0.12091397372226458,0.8427090691880319,0.03209275824988322,Low,Low,3,0.009674982969822188,0.7586050894692222,0.19555733329659494,0.036162594264360616,Medium,Medium,3,0.04870603637917289,0.3304600136814941,0.5218668794813532,0.09896707045797987
Climbazole,Climbazole,Safe,Safe,4,0.009303854917628914,0.23574755131899605,0.7256010099791411,0.02934758378423403,Low,Low,4,0.006167190788367635,0.9224809178593969,0.0519962214375746,0.019355669914661006,Medium,Medium,3,0.036958601080807854,0.41941713605360637,0.44741599298019097,0.09620826988539487
Ketoconazole,Ketoconazole,Moderate Risk,Moderate Risk,4,0.2621456555304764,0.7079906488222619,0.024280023538307608,0.005583672108954109,Low,Low,3,0.08199073936526599,0.5541657049352984,0.3519037038286531,0.01193985187078244,Medium,Medium,4,0.05402654113052775,0.027226456905450527,0.9124764857886856,0.00627051617533627
Coal Tar,Coal Tar,Moderate Risk,Moderate Risk,0,0.02437166538913423,0.8356693795574428,0.13004955948542268,0.009909395568000341,Medium,Low,1,0.010109581812536232,0.7950077648671715,0.18458324775338614,0.010299405566906195,Medium,Medium,0,0.031744876152180544,0.08729488905490433,0.8631955587637047,0.017764676029210502
Sodium Fluoride,Sodium Fluoride,Safe,Safe,4,0.0044105222020041765,0.07006626014486007,0.8145775950314041,0.11094562262173174,Low,Low,3,0.0055830227589325305,0.9013942524794226,0.0553597271118242,0.03766299764982059,Low,Low,4,0.028915225759254832,0.5180220750381894,0.13325730088309284,0.319805398319463
Stannous Fluoride,Stannous Fluoride,Safe,Safe,1,0.004336621098896414,0.08625510193188253,0.8741582964477154,0.03524998052150569,Low,Low,1,0.005892624926586651,0.9327270702332098,0.02248042783680204,0.03889987700340169,Low,No Risk,2,0.024630862969010167,0.38055814274402755,0.16799447424597003,0.42681652004099224
Sodium Monofluorophosphate,Sodium Monofluorophosphate,Safe,Safe,1,0.005183105516024351,0.12140943569055429,0.8152686903964625,0.058138768396958765,Low,Low,0,0.009620496835181283,0.8681456661804599,0.034264498476486306,0.0879693385078726,Low,Low,2,0.021181360609630603,0.4486104162448797,0.22181803252237134,0.3083901906231184
Hydrated Silica,Hydrated Silica,Safe,Safe,0,0.0014512557660218686,0.015518941701505884,0.5230685831795209,0.45996121935295137,Low,Low,2,0.004493781042087319,0.9039058105645045,0.008643263811143678,0.0829571445822645,Low,Low,2,0.006640743523866072,0.5354454488739114,0.22386597820598605,0.23404782939623633
Cetylpyridinium Chloride,Cetylpyridinium Chloride,Safe,Safe,2,0.007197484224732919,0.1872394820488765,0.7341762074960162,0.07138682623037447,Low,Low,2,0.008528192731247088,0.6856223462849553,0.2739749964064716,0.03187446457732593,Low,Low,2,0.026561755638508273,0.6557032187050036,0.21477375375188104,0.10296127190460702
Zinc Citrate,Zinc Citrate,Safe,Safe,3,0.0055770608992248985,0.09656702870460186,0.8121811279481848,0.08567478244798858,Low,Low,3,0.006037366054036453,0.8915269146817757,0.0728348714720911,0.0296008477920967,No Risk,No Risk,3,0.025323252390421994,0.37409130456143214,0.20268436742445062,0.39790107562369526
Potassium Nitrate,Potassium Nitrate,Safe,Safe,0,0.004968963075501053,0.03481040783859801,0.9118947539294762,0.048325875156424634,Low,Low,0,0.00323620665283826,0.9478021848481303,0.02178029854254645,0.02718130995648491,No Risk,Low,1,0.017651096599888928,0.6977159147229829,0.0602026642561292,0.22443032442099892
Sodium Saccharin,Sodium Saccharin,Safe,Safe,3,0.006782168064268717,0.09674576961685777,0.7698188606190679,0.12665320169980576,Low,Low,4,0.01297547651688682,0.8235699249199845,0.11561749282050506,0.04783710574262359,No Risk,Low,3,0.05214083543270733,0.5278440732444178,0.19014772813545236,0.2298673631874224
Calcium Carbonate,Calcium Carbonate,Safe,Very Safe,2,0.0015211930202536353,0.027352136194812388,0.28480858799004655,0.6863180827948874,Low,Low,3,0.006180522399611372,0.6211290038793903,0.017481489433910154,0.35520898428708825,Low,Low,3,0.010725200244771011,0.5168398813953403,0.2973577889706613,0.17507712938922743
Sodium Bicarbonate (Baking Soda),Sodium Bicarbonate (Baking Soda),Safe,Safe,2,0.0015338326555811438,0.025466874250932837,0.5560291994197617,0.41697009367372434,Low,Low,4,0.005528732637883657,0.7874626418276879,0.009990879394586219,0.19701774613984233,Medium,Low,1,0.005997155792205092,0.8409013084945017,0.065332697889158,0.08776883782413523
Miswak Extract (Salvadora Persica),Miswak Extract (Salvadora Persica),Safe,Safe,0,0.0006795759064078535,0.055701111061444535,0.9271761095061921,0.01644320352595538,Low,Low,2,0.03247304143348695,0.8684599899775385,0.08998052234396753,0.009086446245007046,No Risk,No Risk,1,0.02297240318703334,0.22696604817274435,0.13011565132889108,0.6199458973113313
Clove Oil (Syzygium Aromaticum),Clove Oil (Syzygium Aromaticum),Moderate Risk,Safe,4,0.0006133595472373309,0.06680103941113501,0.8583428493382544,0.07424275170337316,Medium,Medium,4,0.012029161568344928,0.39541777333139516,0.5608872974665984,0.031665767633661614,Medium,No Risk,4,0.024642630079572767,0.1741160102953387,0.17286981000223833,0.6283715496228501
Xylitol (Oral Care),Xylitol,Very Safe,Very Safe,3,0.0018120657888118163,0.04432334070739933,0.42245016274267166,0.5314144307611172,Low,Low,4,0.012360587952196408,0.8874527302281044,0.029467169938519153,0.07071951188117999,No Risk,No Risk,2,0.0024386329240045144,0.06759910360907023,0.05531081241133943,0.8746514510555858
Erythritol,Erythritol,Very Safe,Very Safe,1,0.0019046387714865718,0.057868924280325355,0.442986544326636,0.49723989262155227,Low,Low,1,0.01148736854603063,0.8837367728038346,0.021879356697748334,0.08289650195238638,No Risk,No Risk,4,0.004913908546709655,0.06295518619822107,0.0401433280851811,0.8919875771698883
Sodium Lauryl Sulfoacetate (Oral),Sodium Lauryl Sulfoacetate,Safe,Safe,1,0.0038956152990444193,0.10233066968009294,0.8568784286334241,0.03689528638743842,Low,Low,4,0.009302903666591986,0.6956576101388917,0.2616092462258015,0.033430239968714616,Medium,Low,3,0.06417254633752612,0.6826656253869791,0.20556679441944162,0.04759503385605318
Cellulose Gum (Oral Care),Cellulose Gum,Safe,Safe,1,0.002052969982406235,0.06289063670078165,0.723444373105685,0.2116120202111271,Low,Low,0,0.005748127364664254,0.911117980409592,0.006853075679416279,0.07628081654632772,No Risk,No Risk,1,0.001786311952413864,0.02739213080697434,0.009115077914285445,0.9617064793263265
Titanium Dioxide (Oral Care),Titanium Dioxide,Safe,Safe,4,0.004567074524158144,0.08129479890443664,0.6227185370800213,0.29141958949138386,Low,Low,1,0.02005786715558028,0.8276721621383013,0.039620883830435355,0.11264908687568308,No Risk,Low,4,0.012042307759751346,0.870944904759834,0.07064237872482283,0.046370408755592
Papain,Papain,Safe,Safe,2,0.001954036791689114,0.05986247312371671,0.9168362905032896,0.021347199581304595,Medium,Low,1,0.0062246163912864656,0.8924612316665207,0.09225101638294153,0.009063135559251125,Medium,Medium,4,0.024804210113065134,0.11588420571458483,0.4835157022472969,0.37579588192505303
Bromelain,Bromelain,Safe,Safe,2,0.0016985777133085853,0.048762105532098685,0.9331029933608547,0.01643632339373818,Medium,Low,1,0.006106074232367569,0.8919004055147316,0.09290927499974677,0.00908424525315413,Medium,Medium,1,0.02838005428490845,0.1826652469605795,0.56437643651134,0.22457826224317218
Protease,Protease,Safe,Safe,4,0.006372198838448407,0.07551399672477244,0.6718370524274327,0.2462767520093464,Low,Low,0,0.01278122036505625,0.5373167953039528,0.1572087131756723,0.2926932711553187,Low,No Risk,4,0.02841168954126745,0.17800889182632215,0.26558408586355337,0.527995332768857
Lipase,Lipase,Safe,Safe,4,0.0011225770249082448,0.006095661585119895,0.960039218940996,0.03274254244897588,Low,Low,2,0.0038303494929419805,0.9424468939901062,0.024993560913758248,0.028729195603193675,No Risk,No Risk,3,0.0027165801630639826,0.05971013468681999,0.012074961031725708,0.9254983241183903
Amylase,Amylase,Safe,Safe,3,0.0024741674616940938,0.022333671781045596,0.8853495146870857,0.08984264607017478,Low,Low,3,0.02357316932510023,0.5679621754008429,0.12356283614477072,0.28490181912928614,No Risk,Low,1,0.011014083446488274,0.7416493659397481,0.06936667350248099,0.1779698771112827
Kaolin,Kaolin,Very Safe,Safe,3,0.0011548196883226763,0.024193176139120014,0.9408502625732778,0.033801741599279574,Low,Low,3,0.0018374339196070971,0.9764720650637113,0.0030454612238148453,0.01864503979286678,No Risk,Low,2,0.00363874706606759,0.5202760789070942,0.0369540398144198,0.4391311342124183
Talc,Talc,Moderate Risk,Safe,0,0.023119943771740026,0.07577894241452121,0.6235017285813789,0.27759938523235983,Low,Low,0,0.006982514361378804,0.9410080105678441,0.029815684075984773,0.022193790994792358,Low,No Risk,2,0.010698495404850537,0.19143292083868244,0.3398218959431593,0.45804668781330765
Silica,Silica,Safe,Safe,4,0.000908756205795551,0.01570874647593641,0.588051024139042,0.39533147317922596,Low,Low,3,0.0020784279414147668,0.82154756357117,0.0037527774076046723,0.17262123107981053,No Risk,Low,3,0.003859126301742814,0.7103524615786447,0.022697493981588997,0.2630909181380234
Magnesium Sulfate (Epsom Salt),Magnesium Sulfate (Epsom Salt),Safe,Safe,4,0.0017661574026311153,0.016691375916037008,0.6594404134086163,0.3221020532727156,Low,Low,1,0.00393892083199992,0.6209015643488234,0.011786927349463608,0.363372587469713,Low,Low,4,0.005240710236406836,0.7724446759702899,0.0755819954388443,0.14673261835445892
Dead Sea Salt,Dead Sea Salt,Safe,Safe,0,0.0008710079336817292,0.003276866532409396,0.9230839555850752,0.07276816994883362,Low,Low,0,0.0027246921348354986,0.9148960814885592,0.03549885159360139,0.04688037478300395,Low,Low,0,0.0056752643338916385,0.7960165413465577,0.13805053957138058,0.06025765474817
Zea Mays Starch (Corn Starch),Zea Mays Starch (Corn Starch),Safe,Safe,1,0.0015609847996616237,0.022354484929123262,0.9531320852671192,0.02295244500409578,Low,Low,0,0.0070449470167434705,0.9355331642830433,0.04314801621163934,0.01427387248857389,No Risk,No Risk,3,0.00701004965715164,0.12488033813413667,0.024320705139740443,0.8437889070689713
Oryza Sativa Starch (Rice Starch),Oryza Sativa Starch (Rice Starch),Safe,Safe,4,0.000716451501271697,0.015780960694807878,0.9704775897927497,0.013024998011170772,Low,Low,4,0.0025465058745222356,0.9766386471456948,0.01575738206766102,0.005057464912121889,No Risk,No Risk,4,0.003387956543256705,0.03009723515856912,0.006570942312968434,0.9599438659852059
Magnesium Stearate,Magnesium Stearate,Safe,Safe,3,0.003374522653289725,0.03197667612265778,0.9376980349876768,0.02695076623637573,Low,Low,4,0.0016034485701666755,0.9831314844548906,0.0071891740158328546,0.008075892959109704,No Risk,No Risk,1,0.015304460730502636,0.28707645122445224,0.036189923383189486,0.6614291646618556
Zinc Stearate,Zinc Stearate,Safe,Safe,0,0.004073563884531405,0.017315709763461293,0.9237303370817515,0.05488038927025581,Low,Low,4,0.0017279141814847121,0.9813518122333034,0.007771371037591845,0.009148902547620007,No Risk,No Risk,0,0.006422056969721175,0.10657775929848602,0.017978672902027204,0.8690215108297655
Boron Nitride,Boron Nitride,Safe,Safe,4,0.0013146477952997026,0.010008578714146878,0.8438425684849292,0.1448342050056241,Low,Low,1,0.0012674145312698889,0.9038093366898462,0.002849511058096416,0.09207373772078756,No Risk,No Risk,1,0.002282247984748036,0.24502688064970504,0.016736092603491903,0.7359547787620551
Nylon-12,Nylon-12,Safe,Safe,1,0.004045977175381732,0.02119924478050271,0.9456340144994118,0.029120763544703773,Low,Low,3,0.005912561829631742,0.9117191959534124,0.021394243408414036,0.060973998808541846,No Risk,No Risk,1,0.003903264040728616,0.049868777171290735,0.008024952751361654,0.9382030060366189
Ceramide NP,Ceramide NP,Very Safe,Very Safe,2,0.0006758724415606845,0.01226810679200063,0.47585051523469596,0.5112055055317427,Low,Low,4,0.0008244969389974869,0.9461818088318741,0.0034608733342839405,0.04953282089484465,No Risk,No Risk,2,0.0024929256913094043,0.05284710112768651,0.003201231117759472,0.9414587420632446
Ceramide AP,Ceramide AP,Very Safe,Safe,2,0.0005306940443799512,0.005451004796974041,0.5287762300311256,0.4652420711275203,Low,Low,3,0.0012989626605202729,0.9055252277624116,0.004502772920356061,0.08867303665671208,No Risk,No Risk,1,0.001216518311620171,0.11109332188587605,0.002727169348405287,0.8849629904540985
Ceramide EOP,Ceramide EOP,Very Safe,Safe,2,0.0005269291011376009,0.005527291358994246,0.545270160564302,0.44867561897556607,Low,Low,2,0.0009296667739530796,0.9174688176548248,0.0056781931330767005,0.07592332243814523,No Risk,No Risk,0,0.0009185708069102586,0.1326902464946712,0.003276927288775729,0.8631142554096428
Ceramide 3,Ceramide 3,Very Safe,Very Safe,1,0.0024285070847891465,0.014232222665026722,0.15733346465255313,0.826005805597631,Low,Low,0,0.0028875768923812373,0.8549821466287493,0.02633401587863083,0.1157962606002387,No Risk,No Risk,0,0.0022775050812270463,0.13179037499378232,0.011233049328487113,0.8546990705965035
Phytosphingosine,Phytosphingosine,Safe,Very Safe,0,0.00046445798351094303,0.005357195514828088,0.17675235053428584,0.8174259959673752,Low,Low,2,0.0008634828308721248,0.9317188444278196,0.003632136932614668,0.06378553580869364,No Risk,No Risk,4,0.001049345220573643,0.07615503291166048,0.0017980549588983224,0.9209975669088676
Sphingolipids,Sphingolipids,Safe,Very Safe,0,0.0004430210852182009,0.00536586252025342,0.16132500044051198,0.8328661159540163,Low,Low,0,0.0011586078710038932,0.9075100776721402,0.00471650236909842,0.08661481208775747,No Risk,No Risk,1,0.0011027875615376751,0.0878450384217001,0.0029188468076073375,0.9081333272091547
Cholesterol,Cholesterol,Safe,Very Safe,0,0.00427081293052193,0.08672954208764405,0.21032884171747532,0.6986708032643587,Low,Low,1,0.03676694531747833,0.6974061531520473,0.16473723502319218,0.10108966650728203,No Risk,No Risk,3,0.018149465504061962,0.30446366907743716,0.0889037779543352,0.5884830874641657
Nitrocellulose,Nitrocellulose,Moderate Risk,Safe,2,0.012234618756719568,0.05708621426162557,0.8942665637815435,0.03641260320011131,Low,Low,3,0.03789327260041322,0.8465547896186546,0.07315307818590536,0.04239885959502681,Low,No Risk,3,0.007908692571386313,0.19321579536096528,0.12045523780906192,0.6784202742585865
Toluenesulfonamide/Formaldehyde Resin,Toluenesulfonamide/Formaldehyde Resin,Moderate Risk,Moderate Risk,2,0.43639314499729615,0.5295740637006806,0.024581569651121293,0.009451221650901911,Medium,High,4,0.46118655685445165,0.17028474676915695,0.35620020157663856,0.01232849479975274,Medium,Medium,3,0.04427831154578751,0.021359709412375215,0.9011605319776465,0.0332014470641907
Dibutyl Phthalate,Dibutyl Phthalate,Moderate Risk,Moderate Risk,0,0.26084072881140735,0.7111806925120844,0.018395966549273855,0.009582612127234323,Medium,Medium,2,0.26337558129755245,0.31708211108506645,0.39033710577809094,0.029205201839290238,Low,Medium,1,0.06763057368689666,0.0833761771458797,0.8016400114245247,0.04735323774269897
Acetone,Acetone,Moderate Risk,Moderate Risk,2,0.011863155347839095,0.4938806447133809,0.44954016787645706,0.04471603206232297,Low,Low,2,0.0028536231750429116,0.9668585942670312,0.010933931596200508,0.019353850961725365,Medium,Medium,4,0.014872406886096761,0.31548380028409384,0.6267467902816289,0.04289700254818041
Ethyl Acetate,Ethyl Acetate,Moderate Risk,Moderate Risk,0,0.009363102508881385,0.7316793093037567,0.23405394722375314,0.024903640963608798,Low,Low,3,0.00379607562466457,0.9556830196799644,0.029053409864883716,0.011467494830487212,Medium,Medium,3,0.011166950466446352,0.32022628746114273,0.629178778362032,0.0394279837103789
Butyl Acetate,Butyl Acetate,Moderate Risk,Safe,2,0.010745443984536267,0.23915277744135624,0.72366492554858,0.026436853025527566,Low,Low,4,0.007626862920676144,0.9189957714309032,0.04316347741418047,0.030213888234240205,Medium,Low,3,0.011471001156390105,0.6569882919628504,0.28432056212177204,0.04722014475898743
Tosylamide/Formaldehyde Resin,Tosylamide/Formaldehyde Resin,Moderate Risk,Moderate Risk,2,0.4610314848751888,0.5058204442996641,0.024121661197508505,0.009026409627638622,Medium,High,3,0.545725308898648,0.09675971905084091,0.34383368047125695,0.013681291579254162,Medium,Medium,0,0.04050925020264548,0.02438232559740849,0.9146453305117624,0.02046309368818358
Adipic Acid/Neopentyl Glycol/Trimellitic Anhydride Copolymer,Adipic Acid/Neopentyl Glycol/Trimellitic Anhydride Copolymer,Safe,Safe,4,0.014787141173119304,0.307575130440839,0.6452438471154726,0.032393881270569115,Low,Low,2,0.042229436838962055,0.8644247784469178,0.05255758989408733,0.04078819482003304,Low,No Risk,1,0.01881771717505458,0.22417525192936055,0.1758652688844762,0.5811417620111086
Stearalkonium Bentonite,Stearalkonium Bentonite,Safe,Safe,3,0.006250383081019365,0.2287533488941492,0.7092449137589593,0.05575135426587215,Low,Low,3,0.004481983269491603,0.9409834682589728,0.03495546588733324,0.019579082584202257,No Risk,Low,4,0.011728116535305439,0.5922366075613216,0.12611506381744506,0.2699202120859279
Trimethyl Pentanyl Diisobutyrate,Trimethyl Pentanyl Diisobutyrate,Safe,Safe,3,0.003907882819240083,0.11189914293270148,0.8667360817753367,0.01745689247272176,Low,Low,1,0.006213621136621087,0.9046155435844935,0.0461713469229572,0.04299948835592824,Low,Low,2,0.016242974117488967,0.5930706429267085,0.07901589861435468,0.31167048434144784
Camphor (Nail Care),Camphor,Moderate Risk,Moderate Risk,2,0.16541637385207902,0.6713002283473495,0.09371869830671395,0.06956469949385748,Low,Low,2,0.14618496145970458,0.5515782557844071,0.28158482009385805,0.020651962662030267,Medium,Medium,1,0.030150245281514748,0.0993150635588759,0.8196230231294264,0.05091166803018296
Hydroxypropyl Cellulose,Hydroxypropyl Cellulose,Safe,Safe,0,0.003631841929948165,0.07168431154912532,0.7894023638084251,0.13528148271250137,Low,Low,3,0.025054318241740453,0.8864842995022629,0.016660878518401628,0.07180050373759496,No Risk,No Risk,4,0.002059385530233891,0.15857632169871863,0.01732465751421063,0.8220396352568369
Calcium Pantothenate (Nail),Calcium Pantothenate,Safe,Safe,2,0.009187002204327808,0.08075623373137975,0.7347686939296084,0.175288070134684,Low,Low,1,0.003884459305027436,0.9177725116555455,0.04178304554566166,0.03655998349376557,No Risk,No Risk,3,0.04477222458374517,0.33719153938678575,0.13403229551492132,0.48400394051454787
Aluminum Chlorohydrate,Aluminum Chlorohydrate,Safe,Safe,3,0.0016314821495909354,0.016046652989996482,0.8761115963151042,0.10621026854530838,Low,Low,3,0.005359891094582457,0.9322024445886443,0.011383600582956226,0.05105406373381698,Medium,Low,3,0.008230151415747834,0.5613427944049951,0.33147272871350286,0.09895432546575424
Aluminum Zirconium Tetrachlorohydrex Gly,Aluminum Zirconium Tetrachlorohydrex Gly,Safe,Safe,4,0.002625351143634996,0.049786321611456824,0.7954577151111312,0.15213061213377704,Low,Low,2,0.005162836749299707,0.8939222838769768,0.014441413721313434,0.08647346565241017,Medium,Medium,1,0.011489628480969877,0.37760965577059674,0.48265482100787976,0.1282458947405536
Zinc Ricinoleate,Zinc Ricinoleate,Safe,Safe,0,0.0011388670232535972,0.027045898247683057,0.8842397208081894,0.08757551392087397,Low,Low,0,0.004649302871682549,0.9202094269740808,0.017389516130736672,0.057751754023500086,No Risk,No Risk,0,0.007110600987578587,0.3473113754960644,0.1728994259055501,0.47267859761080677
Farnesol,Farnesol,Safe,Safe,1,0.003874364232460046,0.060460681360766884,0.9114431338940641,0.02422182051270895,Medium,Low,4,0.02562786612029304,0.6361099166101755,0.30993028350484064,0.028331933764690686,Low,Low,3,0.002381880649942651,0.8945656141936722,0.04464820428380884,0.05840430087257639
Sodium Bicarbonate (Deodorant),Sodium Bicarbonate,Safe,Safe,1,0.001926131686587118,0.030966265914862547,0.8368818752735416,0.13022572712500866,Low,Low,0,0.004632623344340062,0.7705767165631507,0.015974049373193445,0.2088166107193159,Medium,Low,3,0.0046754944364300575,0.6884432032551973,0.04297917905982789,0.2639021232485448
Potassium Alum,Potassium Alum,Safe,Safe,2,0.001258647264780947,0.019235985052080726,0.9273815692534723,0.052123798429666,Low,Low,2,0.007473972719577851,0.8392026827640697,0.020644625556717797,0.13267871895963473,Low,Low,0,0.007300133722886232,0.5467498480749049,0.3208159905092439,0.12513402769296492
p-Phenylenediamine (PPD),p-Phenylenediamine (PPD),High Risk,High Risk,4,0.87155939556216,0.12160414484099244,0.005239353637408982,0.0015971059594385533,High,High,4,0.8301710549866421,0.020425829508366963,0.14662226165677628,0.002780853848214491,High,Medium,2,0.44447136001451965,0.022904288388242454,0.522754323226598,0.009870028370639918
Resorcinol,Resorcinol,Moderate Risk,High Risk,2,0.8832582856373798,0.10802357664781936,0.007288448059045699,0.0014296896557550707,Medium,High,3,0.5493686737632905,0.01944354270507101,0.4282182605676571,0.0029695229639814056,Medium,Medium,0,0.38081670186864985,0.030375383953604392,0.5846339571729947,0.004173957004751026
Ammonia,Ammonia,Moderate Risk,Safe,1,0.02177054996315437,0.2680187118624013,0.6574623473751895,0.052748390799254856,Low,Low,2,0.0385793457660742,0.7998460249008733,0.11712655966981159,0.04444806966324098,High,Low,4,0.15584112776090892,0.5236476385837625,0.17602684422371997,0.14448438943160863
Hydrogen Peroxide,Hydrogen Peroxide,Moderate Risk,Moderate Risk,4,0.3345576351707128,0.6533184551716805,0.008717816031648968,0.0034060936259578452,Low,High,0,0.44460567662876477,0.13544399519954392,0.4070723670258482,0.012877961145843263,High,High,1,0.5056100005356067,0.046676963285569036,0.43971834111177743,0.00799469506704677
"Toluene-2,5-Diamine","Toluene-2,5-Diamine",Moderate Risk,High Risk,2,0.8988906375005853,0.09295893475920748,0.00676742549509228,0.0013830022451149847,High,High,2,0.5837006210243907,0.027296247184943164,0.38524237897734137,0.0037607528133248467,Medium,High,0,0.5949493835017664,0.03339069534518264,0.3667813791471394,0.004878542005911577
4-Amino-2-Hydroxytoluene,4-Amino-2-Hydroxytoluene,Moderate Risk,High Risk,4,0.5854992253609699,0.4004665845829528,0.011735496067595162,0.002298693988482245,Medium,Medium,4,0.3025791837438437,0.045287458860625456,0.6478241208197055,0.004309236575825354,Medium,Medium,4,0.1587500268322424,0.029397931115044237,0.8071377333948032,0.004714308657910136
m-Aminophenol,m-Aminophenol,Moderate Risk,High Risk,3,0.6700794648147055,0.3049810214038983,0.02081258353065762,0.0041269302507386954,Medium,Medium,3,0.2763214124280648,0.03550460068143271,0.6844300653235801,0.003743921566922354,Medium,Medium,2,0.08242524780939303,0.013464696180916223,0.8966703751901948,0.007439680819495881
2-Amino-4-Hydroxyethylaminoanisole Sulfate,2-Amino-4-Hydroxyethylaminoanisole Sulfate,Moderate Risk,High Risk,0,0.5967461145477512,0.3791099878079671,0.02162649489532543,0.002517402748956233,Medium,Medium,1,0.241131050907224,0.025577656411322466,0.7286705647007982,0.004620727980655469,Medium,Medium,3,0.13179570264507534,0.020341603570491428,0.8435832465604397,0.004279447223993618
Sodium Metabisulfite (Hair Color),Sodium Metabisulfite (Hair Color),Moderate Risk,Moderate Risk,1,0.07099532928044007,0.896489766164597,0.027575481402881276,0.004939423152081898,Medium,Medium,0,0.06035005805603696,0.054249490252081395,0.8754875276372577,0.009912924054623923,Medium,Medium,2,0.0811413621699123,0.0933404985820625,0.8163906702609653,0.00912746898705995
Ammonium Thioglycolate,Ammonium Thioglycolate,Moderate Risk,High Risk,4,0.5762601007609484,0.393578882485737,0.022023511547923678,0.008137505205390794,Medium,Medium,1,0.07908484868530503,0.21094613651349434,0.6907212509967599,0.019247763804440807,High,Medium,4,0.43181702519372456,0.06881074305362363,0.4769277025999804,0.022444529152671422
Lactic Acid (Intimate Care),Lactic Acid,Safe,Safe,3,0.0011852662573964355,0.02835610138209883,0.9035899717624444,0.06686866059806032,Low,Low,3,0.0033934935127376974,0.9794228350927117,0.008246031490781644,0.00893763990376912,Low,No Risk,2,0.01180338544237872,0.3021270083772721,0.20245653768172175,0.48361306849862734
Sodium Lactate (Intimate Care),Sodium Lactate,Safe,Very Safe,3,0.0014752354877952405,0.014170206888367107,0.45587091384099054,0.5284836437828471,Low,No Risk,1,0.00793894738014343,0.4711069478258381,0.03017133194750725,0.49078277284651123,No Risk,Low,4,0.0031751455503169004,0.5964648678821569,0.011805965858916176,0.38855402070861006
Lactoserum (Milk Whey),Lactoserum (Milk Whey),Safe,Safe,2,0.0021754794432981813,0.03374589213155505,0.9121341855556798,0.051944442869466964,Low,Low,3,0.0316619048927903,0.8500603316026304,0.08622186508499194,0.0320558984195875,No Risk,No Risk,3,0.007237172651554285,0.16479735942831938,0.048518336609147304,0.779447131310979
Fennel Extract (Foeniculum Vulgare),Fennel Extract (Foeniculum Vulgare),Safe,Safe,4,0.0005965120991711096,0.018937733986999116,0.9468619101121589,0.03360384380167095,Low,Low,4,0.01104998243081495,0.8317482667198395,0.1496240270055083,0.00757772384383725,No Risk,No Risk,2,0.012294169038820302,0.1916665225117386,0.059394609297044106,0.736644699152397
Neem Extract (Intimate Care),Neem Extract,Safe,Safe,2,0.0005108708558131189,0.02297959130708367,0.9603103772072794,0.016199160629823794,Medium,Low,3,0.007494531839962091,0.8548076785545232,0.12984933690027334,0.007848452705241529,Low,No Risk,1,0.008655827609836346,0.2160310210417143,0.045448583213391604,0.7298645681350577
Turmeric Extract (Intimate Care),Turmeric Extract,Safe,Safe,3,0.00029066660878967457,0.014091419010320242,0.9730832446995957,0.012534669681294365,Low,Low,0,0.011655456755996964,0.49692259575433784,0.48217634567262,0.009245601817045087,No Risk,No Risk,2,0.013163787636287535,0.40735129735615355,0.1443738743086069,0.435111040698952
Sepicalm S (Zinc PCA/Sclerocarya Birrea Extract),Sepicalm S (Zinc PCA/Sclerocarya Birrea Extract),Safe,Very Safe,0,0.0015997794022976483,0.021554637146201563,0.4842157164178014,0.4926298670336994,Low,Low,2,0.0021171028216129223,0.9816570571134281,0.006774464883394901,0.009451375181563842,No Risk,No Risk,3,0.0034398252220975392,0.12715218224761315,0.025747405845400365,0.843660586684889
Zinc Oxide (Baby Care),Zinc Oxide,Very Safe,Very Safe,2,0.0014519220127145324,0.013164131305841847,0.14457587676468403,0.8408080699167596,Low,Low,3,0.0035070297330198346,0.8487789762700295,0.009475383209323273,0.13823861078762734,No Risk,Low,1,0.004672942488243074,0.7485963513333039,0.033530499827365515,0.21320020635108744
Petrolatum (Baby Care),Petrolatum,Very Safe,Very Safe,3,0.0016820028821749355,0.012146483873358468,0.40677842144975007,0.5793930917947164,Low,Low,2,0.004250544087768458,0.8318133386318362,0.022619869967084785,0.14131624731331036,No Risk,No Risk,1,0.006441782654750851,0.4482505046261572,0.056870622964858356,0.48843708975423344
Calendula Extract (Baby Care),Calendula Extract,Very Safe,Safe,4,0.0009977280297769541,0.016983592669515015,0.6155170033879197,0.3665016759127884,Low,Low,2,0.0179147706007924,0.8878719263043787,0.07649579673080782,0.017717506364021026,No Risk,No Risk,3,0.0026416928023011263,0.09241458166288964,0.011503886659022772,0.8934398388757864
Allantoin (Baby Care),Allantoin,Very Safe,Very Safe,2,0.010753115516733015,0.07084139540512853,0.4288908900963482,0.4895145989817903,Low,Low,0,0.0013434591404724978,0.9851121476860604,0.007967897954730232,0.0055764952187370275,No Risk,Low,1,0.02214744103519829,0.5688623072233373,0.05101110721601705,0.3579791445254473
Cornstarch (Baby Powder),Cornstarch (Baby Powder),Safe,Safe,2,0.0014859822400431074,0.025532302039556178,0.9523923797690859,0.020589335951314916,Low,Low,2,0.008269691801489091,0.9461018407752768,0.03738247317495651,0.008245994248277575,No Risk,No Risk,3,0.01030118745172536,0.30865484436590757,0.039753186178456676,0.6412907820039104
Menthol (Aftershave),Menthol,Safe,Safe,0,0.001570928995576918,0.03442609744168228,0.8145267156339997,0.14947625792874117,Low,Low,0,0.0014607001550528645,0.9747032051296425,0.005398540391374452,0.018437554323930353,Medium,Low,0,0.0044464961309652945,0.7608621887192146,0.03873966404283637,0.19595165110698376
Witch Hazel Extract (Aftershave),Witch Hazel Extract,Safe,Safe,0,0.0010233306178389862,0.02557893916145289,0.9351545430252857,0.03824318719542241,Low,Low,3,0.007805977083108241,0.9129652001877671,0.06996037900250317,0.00926844372662172,Low,No Risk,4,0.022293428479837948,0.28543411278929054,0.14772977698505643,0.5445426817458151
Alum (Potassium Aluminum Sulfate),Alum (Potassium Aluminum Sulfate),Safe,Safe,0,0.0022510184522606873,0.022129047102796957,0.7295404617790606,0.24607947266588176,Low,Low,0,0.00519462894596502,0.7723448167499984,0.02081635115814189,0.2016442031458947,Low,Low,1,0.008798702838702694,0.8224965866758928,0.108721928907522,0.059982781577882546
Beard Oil Blend (Argan/Jojoba/Vitamin E),Beard Oil Blend (Argan/Jojoba/Vitamin E),Safe,Safe,1,0.002130531434769298,0.019730007861005292,0.8924892766683574,0.08565018403586795,Low,Low,0,0.016052915049849945,0.8641869600768862,0.09298241190803852,0.02677771296522527,No Risk,No Risk,1,0.007973828187866249,0.09497500053380462,0.03772254500709608,0.8593286262712331
Isododecane,Isododecane,Safe,Safe,3,0.0017493708417371753,0.011864983597784862,0.9677863034873451,0.018599342073132918,Low,Low,3,0.0084736784462618,0.9118688683187269,0.007553772768741811,0.07210368046626953,No Risk,No Risk,3,0.003782537122597417,0.13788484258505665,0.005582830557473297,0.8527497897348726
Trimethylsiloxysilicate (Makeup),Trimethylsiloxysilicate,Safe,Safe,1,0.01241678235625859,0.07705679552843939,0.7373483480740476,0.17317807404125424,Low,Low,1,0.015070510730708267,0.6180057883020706,0.05429476018984922,0.3126289407773719,No Risk,No Risk,4,0.011545469458639554,0.2695089092990574,0.04773189864858869,0.6712137225937143
VP/Eicosene Copolymer,VP/Eicosene Copolymer,Safe,Safe,4,0.006994516570149176,0.04698338674688571,0.9293639194336131,0.01665817724935206,Low,Low,1,0.03559031814264619,0.8644341030333862,0.04603306900450137,0.05394250981946608,No Risk,No Risk,3,0.005944465282324946,0.08065257460140707,0.02565904327523703,0.887743916841031
Aluminum Starch Octenylsuccinate,Aluminum Starch Octenylsuccinate,Safe,Safe,0,0.003214835489007756,0.016172481552936005,0.9413527874127573,0.039259895545298955,Low,Low,0,0.002184868237446168,0.9566849147400444,0.013292376694667995,0.027837840327841576,No Risk,No Risk,2,0.01413107298538806,0.1933407981773473,0.02232481979406228,0.7702033090432023
Phenyl Trimethicone (Makeup),Phenyl Trimethicone,Safe,Safe,3,0.0031326800968209975,0.014556689644073818,0.9091927527849419,0.0731178774741631,Low,Low,1,0.006625749594809929,0.6405547310564084,0.023736892575180468,0.3290826267736012,No Risk,No Risk,0,0.005235038850748807,0.18139098919642044,0.008517465595476299,0.8048565063573545
Synthetic Fluorphlogopite,Synthetic Fluorphlogopite,Safe,Safe,1,0.0005502451238468889,0.0024992446882655425,0.980087446727829,0.016863063460058652,Low,Low,1,0.0010459061428805436,0.9741250986665883,0.0023586221058109185,0.022470373084720288,No Risk,No Risk,3,0.003608064856522467,0.2552684576394545,0.025948562220376944,0.7151749152836462
Calcium Sodium Borosilicate,Calcium Sodium Borosilicate,Safe,Safe,2,0.001372143539227767,0.009859023530910402,0.8696129092455934,0.11915592368426842,Low,Low,3,0.0024663297859654587,0.8944121951085471,0.006417703235613543,0.09670377186987376,No Risk,No Risk,3,0.0037856200688442627,0.18789762021131254,0.02582387948136854,0.7824928802384746
Sericite,Sericite,Safe,Safe,0,0.0008001794821243089,0.0022483854926289275,0.8452105577625022,0.15174087726274446,Low,Low,1,0.0007862542406705803,0.9540004088408196,0.001870757760472874,0.04334257915803687,No Risk,No Risk,0,0.0010023084937427304,0.06436678523250075,0.005164126223150115,0.9294667800506065
Panthenol Triacetate,Panthenol Triacetate,Safe,Safe,0,0.00747388902963904,0.03300264191504834,0.5991811216675695,0.360342347387743,Low,Low,2,0.0012705749700585775,0.9874929795023188,0.004663418344738938,0.006573027182883474,No Risk,No Risk,1,0.010512416203978787,0.03885143312105479,0.02719226064181522,0.9234438900331512
Glyceryl Oleate,Glyceryl Oleate,Safe,Safe,1,0.0007270026384908652,0.010902745174466622,0.9028959643307876,0.08547428785625502,Low,Low,0,0.004931787670761797,0.6729868677854819,0.006296145303038428,0.31578519924071774,No Risk,No Risk,2,0.000631462630903178,0.07879911986512306,0.004953277715809584,0.9156161397881641
Glyceryl Linoleate,Glyceryl Linoleate,Safe,Safe,0,9.609027551387702e-05,0.0019470742171270752,0.9461581315246139,0.05179870398274507,Low,Low,2,0.0005485490656224403,0.978131407616129,0.003122997163825177,0.01819704615442314,No Risk,No Risk,3,0.0003617067102672905,0.020729426513836656,0.0016542737255150276,0.977254593050381
PEG-40 Hydrogenated Castor Oil,PEG-40 Hydrogenated Castor Oil,Safe,Safe,4,0.0012848233902990522,0.028912195889707483,0.9643969032612479,0.0054060774587455195,Low,Low,3,0.003169163617939649,0.9619979193716643,0.02559174533319393,0.009241171677202089,Low,Low,4,0.019898333881909504,0.7039277376381088,0.049822507779661615,0.2263514207003201
PEG-60 Hydrogenated Castor Oil,PEG-60 Hydrogenated Castor Oil,Safe,Safe,2,0.0004652972632259189,0.008647843305750318,0.9848115663964954,0.006075293034528451,Low,Low,3,0.0010026487539391243,0.9834061234356778,0.006367530456240746,0.009223697354142356,Low,No Risk,0,0.0066607324517343166,0.17214787814714685,0.01719084072875811,0.8040005486723608
Polysorbate 60,Polysorbate 60,Safe,Safe,4,0.002893834700105339,0.01550024741915553,0.9519421685069073,0.029663749373831736,Low,Low,4,0.00943269610016761,0.6262489412462064,0.07288764012842601,0.2914307225251999,No Risk,Low,1,0.004675552835754237,0.8461656589851275,0.0253605858484344,0.12379820233068392
Sorbitan Laurate,Sorbitan Laurate,Safe,Safe,1,0.00037443712805421505,0.0076293473519308585,0.9488452891949974,0.04315092632501757,Low,Low,1,0.004390635780218237,0.8165589740833493,0.009641353603046828,0.1694090365333856,No Risk,Low,0,0.0015455893328503157,0.5636578194772793,0.019005993705863346,0.4157905974840069
Steareth-21,Steareth-21,Safe,Safe,4,0.0009642351451012911,0.002762772100471932,0.991046322885265,0.005226669869161882,Low,Low,2,0.0013947384025677942,0.9800781329456961,0.004459296144979523,0.014067832506756561,No Risk,No Risk,3,0.002725296110514528,0.08843527316158853,0.008009719863738989,0.900829710864158
Ceteareth-25,Ceteareth-25,Safe,Safe,1,0.0017888127581120491,0.024803504462882903,0.9497137559123028,0.02369392686670237,Low,Low,1,0.004078324977621559,0.8063995953657104,0.024217284973945402,0.16530479468272272,No Risk,No Risk,0,0.004664775237500831,0.3612567660786957,0.02876245146432813,0.6053160072194753
Oleth-20,Oleth-20,Safe,Safe,3,0.0017267516521923378,0.008135653021697409,0.9814131385486887,0.008724456777421683,Low,Low,3,0.0011909087595642555,0.9812935572569415,0.006678844798437159,0.010836689185057148,No Risk,No Risk,3,0.007602093597582445,0.2547906606075344,0.018969660428589247,0.7186375853662939
Laureth-4,Laureth-4,Safe,Safe,0,0.0011601981776143463,0.005287794433400744,0.9900551203300899,0.0034968870588949113,Low,Low,0,0.0019431356087783748,0.9709783193391873,0.01228037557537953,0.014798169476654886,Low,No Risk,2,0.007259338810915075,0.062142956403050495,0.027860885785568897,0.9027368190004655
Laureth-23,Laureth-23,Safe,Safe,2,0.0019215162042600451,0.007785743232524309,0.9830644809922298,0.007228259570985937,Low,Low,2,0.0011850228386495849,0.974392687366739,0.0062378742526462555,0.018184415541965284,No Risk,Low,3,0.009141689185328362,0.5215439723100059,0.04820520731505464,0.4211091311896112
PPG-26-Buteth-26,PPG-26-Buteth-26,Safe,Safe,3,0.0003534846661085345,0.007928375347457077,0.9890772968494393,0.002640843136995046,Low,Low,4,0.0010614546777333346,0.98309806985525,0.006005332431215561,0.009835143035801169,No Risk,Low,3,0.011047477196759468,0.6506328644884984,0.04240728456285147,0.2959123737518906
PEG-40 Stearate,PEG-40 Stearate,Safe,Safe,2,0.004190538399085781,0.00904552635332479,0.9583125310896694,0.028451404157919857,Low,Low,0,0.0017077738992839207,0.9425025457918869,0.026461163424814683,0.029328516884014676,No Risk,No Risk,0,0.007532740631566532,0.0785220615127479,0.026179530775752004,0.8877656670799335
Glycol Distearate,Glycol Distearate,Safe,Safe,3,0.002498905359696514,0.02341755829828992,0.961671260325558,0.0124122760164556,Low,Low,3,0.023375458420907342,0.7573314568138506,0.18676200418392877,0.0325310805813134,No Risk,No Risk,1,0.03187233171823214,0.2390943359111992,0.12633377112661986,0.6026995612439489
Glycol Stearate,Glycol Stearate,Safe,Safe,1,0.0005807554709379149,0.021013228569341565,0.9720840466989518,0.006321969260768698,Low,Low,2,0.005544830116397259,0.880019102118682,0.08642044442381915,0.02801562334110156,No Risk,No Risk,0,0.00866642916148486,0.025088006951626992,0.038884146827557434,0.9273614170593308
Cocamide DIPA,Cocamide DIPA,Safe,Safe,1,0.002039420029970748,0.05075058992263731,0.9281260456364829,0.01908394441090911,Medium,Low,4,0.012812971972472876,0.6097627759437477,0.34708589950523266,0.030338352578546647,Low,Low,3,0.018000292200182462,0.7320491354190364,0.14168471100320898,0.10826586137757216
Myristamine Oxide,Myristamine Oxide,Safe,Safe,4,0.002808974365099833,0.04080076503716157,0.9473961032146506,0.00899415738308796,Low,Low,4,0.010608032658426267,0.8320893543268124,0.1363311093150664,0.020971503699694787,Low,Low,4,0.03767310402138764,0.6140740577529086,0.17667276983817032,0.1715800683875335
Lauramine Oxide,Lauramine Oxide,Safe,Safe,1,0.0019789915719245024,0.05972145214251994,0.9231873631830038,0.015112193102551857,Low,Low,1,0.0046250314941921,0.6277295337420957,0.3509251721813559,0.016720262582356236,Low,Low,4,0.04199457199622043,0.6101503778768389,0.20420456220141459,0.1436504879255261
Cocamidopropyl Betaine (Baby),Cocamidopropyl Betaine,Safe,Safe,4,0.0007338214267267464,0.010903149254814271,0.833263442525242,0.15509958679321698,Low,Low,0,0.0011818606924116363,0.9759847690782373,0.013506064889128014,0.009327305340223097,Low,Low,3,0.004004470380259354,0.8108567662996917,0.020427358779517468,0.16471140454053151
Sodium Hydroxymethylglycinate,Sodium Hydroxymethylglycinate,Safe,Safe,3,0.013723628353001843,0.09169681839460381,0.8706189526680254,0.023960600584368972,Low,Low,4,0.044809573867339615,0.7781575284576829,0.12490003755566899,0.052132860119308407,Low,Low,4,0.006862462592383542,0.7939721082538312,0.15355530628916328,0.04561012286462183
Iodopropynyl Butylcarbamate,Iodopropynyl Butylcarbamate,Moderate Risk,High Risk,2,0.5918539355943567,0.33367415178359594,0.07253496096014254,0.001936951661904766,Medium,Medium,0,0.12220004109603733,0.08841172210450508,0.7863438801619025,0.0030443566375551456,Medium,Medium,4,0.04295772811846502,0.06863927357714579,0.8838328809413344,0.004570117363054855
Benzalkonium Chloride,Benzalkonium Chloride,Moderate Risk,Safe,1,0.01652889161895131,0.13109441399379718,0.8403699511462661,0.01200674324098531,Medium,Low,3,0.04158273632618288,0.8861148827539572,0.052407833435961844,0.019894547483898083,Medium,Low,1,0.030316455610285828,0.7699404759353294,0.1603988873093936,0.03934418114499116
Undecylenamidopropyl Betaine,Undecylenamidopropyl Betaine,Safe,Safe,3,0.0002667835231266336,0.00983150316106851,0.9816647112910429,0.008237002024761967,Low,Low,2,0.0026802101861087596,0.9342527875207693,0.04916161879317786,0.013905383499944001,Low,Low,3,0.0047558632783434645,0.5032365902141449,0.035373483726110384,0.4566340627814013
Capryloyl Glycine,Capryloyl Glycine,Safe,Safe,1,0.0012985444127893175,0.033845620518338906,0.9578010872981146,0.007054747770757252,Low,Low,3,0.0032547786699285344,0.945302275247979,0.04387107069538595,0.00757187538670669,No Risk,No Risk,4,0.00850318727687974,0.2983517469384271,0.040824698292593616,0.6523203674920995
Undecylenoyl Glycine,Undecylenoyl Glycine,Safe,Safe,0,0.0009040639890964741,0.01764322682700203,0.9621600416219811,0.01929266756192032,Low,Low,4,0.002426949034995738,0.9735393600176437,0.011065495780673368,0.012968195166687046,No Risk,No Risk,0,0.010110776549349942,0.18758031289367022,0.03886578596801815,0.7634431245889618
Sodium Surfactin,Sodium Surfactin,Safe,Safe,0,0.00025622379827839307,0.021701769786469465,0.8348656376743332,0.1431763687409188,Low,Low,1,0.0028428908001784793,0.9375764659616348,0.010989829415389472,0.04859081382279716,No Risk,No Risk,1,0.010813634547704579,0.2464695472363615,0.008257097038476286,0.7344597211774576
Alkyl Polyglucoside,Alkyl Polyglucoside,Safe,Safe,3,0.00022676657278257762,0.01745138584977537,0.8871818305144678,0.09514001706297419,Low,Low,0,0.0013242911101285948,0.9588199683403172,0.033058396221575914,0.0067973443279781935,Low,Low,1,0.017741104785007802,0.6771391082565065,0.03783071572269913,0.2672890712357867
Sodium Cocoamphoacetate,Sodium Cocoamphoacetate,Safe,Safe,0,0.0009234928158375798,0.019593124829243243,0.8506816713740805,0.12880171098083884,Low,Low,4,0.002817063459063771,0.8903840181544642,0.06151047912879365,0.04528843925767834,Low,Low,0,0.013491988951805808,0.43805432540127004,0.26130301907760745,0.2871506665693166
PEG-20 Glyceryl Triisostearate,PEG-20 Glyceryl Triisostearate,Safe,Safe,3,0.0019539179127950695,0.01584759029000524,0.9760088158366075,0.006189675960592238,Low,Low,4,0.002144016274131559,0.9787741932798063,0.011489332904516245,0.007592457541545854,No Risk,No Risk,4,0.012835578706779725,0.09456611830104834,0.02098142695966856,0.8716168760325035
Polyglyceryl-10 Laurate,Polyglyceryl-10 Laurate,Safe,Safe,0,0.0002562268412589248,0.0019763958255996834,0.9718050660244182,0.025962311308722983,Low,Low,1,0.001282129322488639,0.9451656691625239,0.0010124730794825623,0.05253972843550486,No Risk,No Risk,0,0.0011593838508746597,0.14327114375992936,0.004151486360876489,0.8514179860283194
Isoamyl Laurate,Isoamyl Laurate,Safe,Safe,3,4.591946082696513e-05,0.0007796752197241911,0.9895368079985348,0.009637597320914038,Low,Low,4,0.002588232484071697,0.9087797397319589,0.0009083834493763112,0.08772364433459308,No Risk,No Risk,3,0.0003771412309131602,0.033844039717588044,0.0020201323797901863,0.9637586866717086
Isopropyl Lauroyl Sarcosinate,Isopropyl Lauroyl Sarcosinate,Safe,Safe,0,5.994906649349028e-05,0.0010344096990606798,0.9844488121332187,0.014456829101226991,Low,Low,4,0.0014933100261705146,0.953383879652633,0.0005331309433928323,0.04458967937780361,No Risk,No Risk,0,0.00025160046282759037,0.037780519939920404,0.001842982758940191,0.9601248968383119
Neopentyl Glycol Dicaprylate/Dicaprate,Neopentyl Glycol Dicaprylate/Dicaprate,Safe,Safe,2,0.000441691313220147,0.003130264014650556,0.9930964494978081,0.0033315951743211644,Low,Low,3,0.005716584212259489,0.949801216757497,0.016568732674468373,0.02791346635577508,No Risk,No Risk,0,0.0031800971723686864,0.08538838311081093,0.008680560090358815,0.9027509596264616
Diethylhexyl Succinate,Diethylhexyl Succinate,Safe,Safe,3,0.00015062100590348138,0.000972630332597314,0.9963171559399916,0.00255959272150748,Low,Low,3,0.003415488321136142,0.9525985903429169,0.0047951647357304325,0.039190756600216536,No Risk,No Risk,0,0.0019847931693542514,0.11455549689803911,0.008464920425577012,0.8749947895070296
Diethylhexyl Carbonate,Diethylhexyl Carbonate,Safe,Safe,4,0.00022649091070410968,0.0014485255742410596,0.9956453351696007,0.0026796483454541603,Low,Low,3,0.0028520638480975325,0.961888791668122,0.004233826991866058,0.031025317491914416,No Risk,No Risk,1,0.003985646984456875,0.13679247485455026,0.01083377716777482,0.848388100993218
Triethylhexanoin,Triethylhexanoin,Safe,Safe,0,0.0008195350637820796,0.003189308471453931,0.9843942908253677,0.011596865639396476,Low,Low,2,0.002733643631052014,0.9168406565088913,0.0097768387342397,0.07064886112581675,No Risk,No Risk,1,0.005220394409638086,0.30016653078547695,0.020420617179569073,0.674192457625316
Trioctyldodecyl Citrate,Trioctyldodecyl Citrate,Safe,Safe,4,0.0007588421716939822,0.0029293456012780025,0.991668818959458,0.0046429932675700015,Low,Low,3,0.008603913625051206,0.8993982564596538,0.011829804575753878,0.08016802533954108,No Risk,No Risk,1,0.004176952989048385,0.2092910296705027,0.013093834805909912,0.773438182534539
Caprylyl Caprylate/Caprate,Caprylyl Caprylate/Caprate,Safe,Safe,1,0.00010732663239166836,0.0015852644977123532,0.9863084701325185,0.011998938737377509,Low,Low,2,0.001975768443082035,0.9181646042764445,0.006598103226915368,0.0732615240535582,No Risk,No Risk,4,0.00023550641891674812,0.026421494585446154,0.0028854217661061963,0.970457577229531
Cetyl PEG/PPG-10/1 Dimethicone,Cetyl PEG/PPG-10/1 Dimethicone,Safe,Safe,3,0.0025838083094985305,0.009069387666776157,0.935998856233245,0.05234794779048043,Low,Low,2,0.003005214782340595,0.9213975161911943,0.007936046340625984,0.06766122268583906,No Risk,No Risk,4,0.002091750177736409,0.07922310834732607,0.00866749964754508,0.9100176418273924
Polyacrylate-13,Polyacrylate-13,Safe,Safe,2,0.0010254175874691992,0.007270953801794542,0.9615760346978871,0.030127593912849127,Low,Low,2,0.002713733389375017,0.9229360168335046,0.0021035488124252523,0.07224670096469517,No Risk,No Risk,3,0.0015074787935903339,0.04903893836358216,0.0037086069774080305,0.9457449758654195
Polyisobutene,Polyisobutene,Safe,Safe,1,0.010201042791123636,0.11168080830058165,0.8352140239663247,0.042904124941970045,Low,Low,1,0.021677728673323803,0.9099293659960994,0.020640258282429626,0.047752647048147114,No Risk,No Risk,0,0.004801682305915194,0.10568614169377734,0.0314423132325463,0.8580698627677612
Trimethylolpropane Triisostearate,Trimethylolpropane Triisostearate,Safe,Safe,4,0.0009704029006826612,0.005810581113397642,0.9898586365737282,0.0033603794121914933,Low,Low,1,0.0032933983031286497,0.9685603935681589,0.006423179914739858,0.02172302821397272,No Risk,No Risk,3,0.001875518920013947,0.08037860405347323,0.002834594103467884,0.9149112829230449
Diisostearyl Malate,Diisostearyl Malate,Safe,Safe,0,0.0005634040799958484,0.005525147564448391,0.9894217943085619,0.0044896540469938715,Low,Low,4,0.004867875392765213,0.9649578428835252,0.01485768033425404,0.015316601389455458,No Risk,No Risk,3,0.002074174009775547,0.10675524256926001,0.0027264474370889934,0.8884441359838755
Hydrogenated Polyisobutene,Hydrogenated Polyisobutene,Safe,Safe,4,0.0018520898823384073,0.009548898925905581,0.9849821462786449,0.003616864913111167,Low,Low,4,0.004124757798432933,0.9699942255378621,0.003937273089886769,0.02194374357381821,No Risk,No Risk,4,0.013474894726167827,0.3052571766979049,0.04836021192935035,0.632907716646577
Polybutene (Cosmetic Grade),Polybutene,Safe,Safe,4,0.002685943417760338,0.015932104609822355,0.9739186208920301,0.007463331080387216,Low,Low,1,0.009632730326023391,0.9249560326873052,0.020578300923082146,0.04483293606358938,No Risk,No Risk,0,0.010271395611135731,0.2785238099875698,0.0376085032824973,0.6735962911187972
Ozokerite (Cosmetic Grade),Ozokerite,Safe,Safe,3,0.0010288634766565678,0.010449342933714962,0.9304975688641441,0.058024224725484325,Low,Low,3,0.03260144982284403,0.8818819563643518,0.037992184172207004,0.04752440964059705,No Risk,No Risk,2,0.004784811007866314,0.061068906391877,0.141446094900452,0.7927001876998048
Synthetic Wax,Synthetic Wax,Safe,Safe,4,0.0022744983848610495,0.019203882658544356,0.9758713043895355,0.002650314567059042,Low,Low,0,0.001576381240529499,0.9680750337153263,0.027794762548379436,0.002553822495764665,No Risk,No Risk,1,0.008709427711263354,0.05010438059675389,0.016191931324705137,0.9249942603672777
Polyethylene,Polyethylene,Moderate Risk,Safe,0,0.061259649285987434,0.15895682160119326,0.7582870441363849,0.021496484976434287,Low,Medium,3,0.015320596121400906,0.25792392839750755,0.7137755734525677,0.01297990202852382,Low,Medium,0,0.04389793845116752,0.2759847163244198,0.6285306337241623,0.051586711500250404
Jojoba Esters,Jojoba Esters,Safe,Safe,4,0.0016269012387512961,0.03336863026414249,0.8843827649125808,0.08062170358452551,Low,Low,1,0.004475908008816519,0.9430792341981199,0.021713454437349778,0.030731403355713744,No Risk,Low,3,0.006194411469250945,0.5448973207497516,0.3110515757057623,0.13785669207523515
Walnut Shell Powder (Juglans Regia Shell Powder),Walnut Shell Powder (Juglans Regia Shell Powder),Safe,Safe,0,0.0005578231071856495,0.010721024359717172,0.9781389370970304,0.010582215436066697,Medium,Low,1,0.012441364713353678,0.6577812535410617,0.3155648160571241,0.01421256568846065,Medium,Low,1,0.01757084955087656,0.6190120977705026,0.2741021613037196,0.08931489137490133
Apricot Seed Powder (Prunus Armeniaca Seed Powder),Apricot Seed Powder (Prunus Armeniaca Seed Powder),Safe,Safe,2,0.0006074918383878029,0.02420998016837117,0.9673410199133321,0.007841508079908861,Medium,Low,2,0.014435283013376439,0.787229494039708,0.1888588956195681,0.009476327327347642,Medium,Low,2,0.015257455907429343,0.683763893880136,0.2314301106307084,0.06954853958172617
Bamboo Powder (Bambusa Vulgaris Powder),Bamboo Powder (Bambusa Vulgaris Powder),Safe,Safe,1,0.0008912073247560798,0.03148080527636847,0.9525954374840672,0.015032549914808397,Low,Low,1,0.013067333860069636,0.623975803675001,0.3483391361741302,0.01461772629079901,Low,Medium,0,0.01877684087617397,0.3329586105928442,0.548088928977884,0.1001756195530978
Rice Bran Powder (Oryza Sativa Bran Powder),Rice Bran Powder (Oryza Sativa Bran Powder),Safe,Safe,1,0.0008731887686256333,0.02944786216092253,0.9558637684668837,0.013815180603568256,Low,Medium,3,0.010171295549852613,0.4305378584091128,0.5476795496980338,0.01161129634300078,Low,Low,1,0.020156248783084967,0.5196564477408521,0.3169493326427118,0.14323797083335116
Coffee Seed Powder (Coffea Arabica Seed Powder),Coffee Seed Powder (Coffea Arabica Seed Powder),Safe,Safe,3,0.00032812230063821514,0.017289937533392627,0.9763924273600588,0.005989512805910239,Low,Low,3,0.00995626841247112,0.5383946993099142,0.43718217285163474,0.014466859425979943,Low,Low,0,0.023481445412221864,0.4505981324594398,0.22628981499357892,0.2996306071347594
Sugar (Saccharum Officinarum Extract),Sugar (Saccharum Officinarum Extract),Safe,Safe,0,0.0021173608845706043,0.02611424231337086,0.8943764890404327,0.07739190776162591,Low,Low,4,0.010449108457250677,0.6507594026817125,0.2936600159772776,0.04513147288375909,Low,Low,1,0.03167235757115138,0.3691001454426921,0.24587375246580798,0.3533537445203485
Sea Salt (Maris Sal),Sea Salt (Maris Sal),Safe,Safe,4,0.0016938806074161415,0.025744821900021222,0.8503835711805069,0.12217772631205566,Low,Low,4,0.0035510892053462542,0.8731028545574804,0.030819303053770026,0.09252675318340335,Medium,Low,3,0.0032774437311254003,0.6930624174560154,0.26732247674509196,0.03633766206776733
Pumice Powder,Pumice Powder,Safe,Safe,1,0.0019641082543961,0.0254922070254118,0.8598316810626349,0.11271200365755735,Low,Low,0,0.002469675062020549,0.9172206485288992,0.03549806048007139,0.04481161592900896,Medium,Low,0,0.005156672831865883,0.7230668119587514,0.23432957326396284,0.03744694194541993
Diatomaceous Earth,Diatomaceous Earth,Safe,Safe,1,0.0028979723518793897,0.03168155580970945,0.6772476120143605,0.2881728598240506,Low,Low,2,0.0015144249076340756,0.959591583645036,0.0052694743913101446,0.03362451705601958,Low,Low,0,0.0023162944872257,0.7623388820370064,0.013535314110403634,0.22180950936536425
Activated Charcoal (Charcoal Powder),Activated Charcoal (Charcoal Powder),Safe,Safe,4,0.0005335125633133996,0.03208338096608618,0.9161522894055276,0.05123081706507289,Low,Low,4,0.0034171075274214225,0.7514707207728901,0.2384144979157552,0.006697673783933268,Low,Low,4,0.007778612290817532,0.6628884242564558,0.0208344112007511,0.3084985522519754
Volcanic Ash,Volcanic Ash,Safe,Safe,3,0.0017949166103234007,0.03881323595539443,0.8711127298745402,0.08827911755974192,Low,Low,1,0.001795868007172265,0.9448544985353732,0.004483457579095265,0.048866175878359175,Low,Low,1,0.003399755120664935,0.6571228217182807,0.049908383421939095,0.2895690397391152
Rhassoul Clay (Moroccan Lava Clay),Rhassoul Clay (Moroccan Lava Clay),Safe,Safe,1,0.0019391034406742288,0.023745604361824983,0.8562153699547568,0.11809992224274408,Low,Low,4,0.0017435386799939069,0.9568150103422539,0.01166741698774352,0.02977403399000861,Low,Low,3,0.0025568492754904654,0.8057048694497985,0.019531652002639687,0.17220662927207137
French Green Clay (Illite),French Green Clay (Illite),Safe,Safe,1,0.002860184494912578,0.03188673403514607,0.6480461610533536,0.31720692041658766,Low,Low,1,0.0012949044592211764,0.9591536644875367,0.0027868897223945065,0.03676454133084762,Low,Low,1,0.0031749734864173493,0.5865044921162791,0.02432184833965774,0.38599868605764587
Sodium Cocoyl Apple Amino Acids,Sodium Cocoyl Apple Amino Acids,Safe,Safe,2,0.0002418215647064644,0.010907110337134792,0.9467781686234495,0.042072899474709116,Low,Low,2,0.0013535509060035053,0.9815394421597219,0.010414261655221654,0.006692745279053179,No Risk,No Risk,1,0.011464908866333912,0.39339922722104065,0.013606234673277639,0.5815296292393478
Disodium Cocoyl Glutamate,Disodium Cocoyl Glutamate,Safe,Safe,4,0.00021862509826147203,0.006386058166528243,0.9740898448889328,0.0193054718462775,Low,Low,0,0.0019901293889881357,0.8632496816672721,0.09760818319518826,0.037152005748551646,No Risk,No Risk,4,0.009871389257456124,0.4676160113479194,0.024407711497099673,0.4981048878975248
Sodium Cocoamphoacetate (Baby),Sodium Cocoamphoacetate,Safe,Safe,0,0.0003829291208714528,0.009439652080854262,0.9594615969572851,0.030715821840989383,Low,Low,4,0.0024645802215303783,0.9511920474226672,0.022237547640665576,0.024105824715136896,Low,Low,0,0.007256123210149684,0.7519736704086137,0.10148220364407061,0.13928800273716593
Glucamate SSE-20,Glucamate SSE-20,Safe,Safe,3,0.0029431371146819555,0.01610519180515104,0.9538394558171555,0.027112215263011538,Low,Low,4,0.008730982283516028,0.7767732993514415,0.04753670662580724,0.16695901173923505,No Risk,No Risk,4,0.0034244628876037467,0.4655051599329381,0.0215246938651157,0.5095456833143424
Sodium Acrylates Copolymer,Sodium Acrylates Copolymer,Safe,Safe,0,0.0009876544604956433,0.0066037438526795585,0.9834214964514946,0.008987105235330183,Low,Low,1,0.0051120166170755,0.9643051748764603,0.011452902108376148,0.019129906398088155,No Risk,No Risk,1,0.003293864236737706,0.061459079421770375,0.005406991031989013,0.929840065309503
Acrylates/Steareth-20 Methacrylate Copolymer,Acrylates/Steareth-20 Methacrylate Copolymer,Safe,Safe,2,0.00166565189272338,0.00996090017666614,0.9735240198718756,0.014849428058734971,Low,Low,1,0.004724203546556242,0.9688717636284543,0.013007080144977961,0.013396952680011322,No Risk,No Risk,2,0.0026824680966994747,0.05526219803683557,0.00442358860611062,0.9376317452603543
Ammonium Acryloyldimethyltaurate/VP Copolymer,Ammonium Acryloyldimethyltaurate/VP Copolymer,Safe,Safe,1,0.0006070188702395683,0.006124031621827008,0.9839468160976952,0.009322133410238083,Low,Low,4,0.0012828956440097666,0.97394202598555,0.003458318518728979,0.021316759851711324,No Risk,No Risk,1,0.0027424659397994027,0.02947561822902065,0.004017595808223821,0.9637643200229561
Polyacrylamide,Polyacrylamide,Safe,Safe,2,0.0024902746084686364,0.03007048811642719,0.9156620696758999,0.05177716759920423,Low,Low,4,0.011012255304927727,0.9136368212504496,0.015344364577823006,0.06000655886679977,No Risk,No Risk,2,0.009626561540254396,0.1405862715516906,0.03470004408920468,0.8150871228188503
C13-14 Isoparaffin,C13-14 Isoparaffin,Safe,Safe,2,0.0005701996794740058,0.02149383285243388,0.9710994351480386,0.006836532320053451,Low,Low,3,0.002033171467804853,0.977344228372793,0.003842034405242861,0.016780565754159447,No Risk,No Risk,1,0.011975837766390707,0.20204637360597222,0.09009250674566857,0.6958852818819686
Laureth-7,Laureth-7,Safe,Safe,3,0.0009936883124429747,0.00338525545457077,0.987792588864782,0.00782846736820419,Low,Low,3,0.0015348089130825934,0.9770935182437845,0.007947590189887228,0.013424082653245555,Low,No Risk,2,0.0032599873745715437,0.04357411229056699,0.0146237447686391,0.9385421555662223
PPG-1-PEG-9 Lauryl Glycol Ether,PPG-1-PEG-9 Lauryl Glycol Ether,Safe,Safe,4,0.004017105167018817,0.03200983005703928,0.9545891321040361,0.009383932671905824,Low,Low,4,0.0037099666342324147,0.9565634432511113,0.0266594877628725,0.013067102351783922,No Risk,Low,3,0.019878896910892438,0.7121859002315221,0.053658981234981494,0.21427622162260407
Poloxamer 407,Poloxamer 407,Safe,Safe,4,0.001255687731212175,0.016772749087073317,0.9666740312160385,0.01529753196567587,Low,Low,0,0.0014460661419041852,0.9778893075206669,0.00909551577055066,0.011569110566878338,No Risk,No Risk,4,0.0030621966552327683,0.021402863965526,0.003636396920627158,0.9718985424586141
Poloxamer 184,Poloxamer 184,Safe,Safe,1,0.005019618485068256,0.04402729939850278,0.9298434414290869,0.021109640687341915,Low,Low,2,0.0065750891590590005,0.9557087701445136,0.012389065561545187,0.025327075134882072,No Risk,No Risk,2,0.012232808348270913,0.18753176902392368,0.02071725770524416,0.7795181649225613
Hydroxyacetophenone,Hydroxyacetophenone,Safe,Safe,0,0.000248288166666179,0.012076688513685685,0.982874160885469,0.004800862434179097,Low,Low,0,0.0006687937172382914,0.9887154240120295,0.008898688373628722,0.0017170938971035798,Low,No Risk,1,0.005220361085915085,0.0745095120177191,0.009881098662047123,0.9103890282343187
Glyceryl Caprate,Glyceryl Caprate,Safe,Safe,3,0.0001005458646984022,0.004006896487125637,0.9758570824680249,0.020035475180151027,Low,Low,1,0.0015187074824898927,0.9887708346817844,0.0010086578297417246,0.00870180000598405,No Risk,No Risk,3,0.0001644257819270031,0.004092190879548748,0.0005182501783576991,0.9952251331601666
Glyceryl Cocoate,Glyceryl Cocoate,Safe,Safe,4,0.00022904574042972487,0.0015132864619864603,0.9773705243810151,0.020887143416568818,Low,Low,3,0.006835841702628306,0.947907799192973,0.0070319919708099945,0.038224367133588656,No Risk,No Risk,0,0.0006538506509092731,0.029266281274143147,0.002505205017621527,0.9675746630573261
Cetearyl Isononanoate,Cetearyl Isononanoate,Safe,Safe,1,0.0005051124750859407,0.003024562655677073,0.989101903509468,0.007368421359768955,Low,Low,1,0.006834829665859705,0.9105572623338771,0.012919031404626698,0.06968887659563656,No Risk,No Risk,2,0.005581326060702759,0.33407538771904266,0.015474491035242184,0.6448687951850124
Isodecyl Neopentanoate,Isodecyl Neopentanoate,Safe,Safe,4,0.0006145464222953033,0.002367314769934901,0.9923214662298556,0.0046966725779141105,Low,Low,2,0.0013877703450800763,0.9349273926039842,0.010650151369596112,0.053034685681339636,No Risk,No Risk,4,0.002662263645728437,0.17956314156259515,0.012878972580448777,0.8048956222112277
Diisostearyl Fumarate,Diisostearyl Fumarate,Safe,Safe,3,0.0009680583261105928,0.0051053409573897784,0.9864009961288615,0.007525604587638147,Low,Low,4,0.004687382771854653,0.949920221301755,0.007078445504565536,0.0383139504218248,No Risk,No Risk,2,0.005812308268800776,0.3511912805936296,0.009174231407272821,0.6338221797302969
Beeswax Derivative (Cera Alba Comb),Beeswax Derivative (Cera Alba Comb),Safe,Safe,3,0.00037222063475414045,0.004962863396512998,0.9814161579377233,0.01324875803100964,Medium,Low,4,0.047330130164602864,0.8577459273204074,0.08037176279938635,0.014552179715603452,No Risk,No Risk,2,0.0025980913242596914,0.016734864983343686,0.055656409966465335,0.9250106337259313
Copernicia Cerifera Cera (Carnauba),Copernicia Cerifera Cera (Carnauba),Safe,Safe,0,0.0005385771880485089,0.01208042173832984,0.9823206563659086,0.005060344707712938,Low,Low,0,0.005657307776950331,0.9381248825694524,0.053389246070477944,0.0028285635831193307,No Risk,No Risk,0,0.0011195473843394143,0.004129074478030648,0.005050523820444944,0.9897008543171849
Euphorbia Cerifera Cera (Candelilla),Euphorbia Cerifera Cera (Candelilla),Safe,Safe,0,0.0005087046862641918,0.010326936455422084,0.9821373429333198,0.007027015924993962,Low,Low,2,0.010059746264802459,0.9364738727102788,0.05124706585536829,0.0022193151695504513,No Risk,No Risk,1,0.002424796256020376,0.015548795196650563,0.009810282044346568,0.9722161265029825
Polyethylene Wax,Polyethylene Wax,Safe,Safe,4,0.02880966347507515,0.3249494918765817,0.6446997825414714,0.0015410621068716447,Low,Low,1,0.004433462034069454,0.9288678620213631,0.06585747373756098,0.0008412022070065669,No Risk,No Risk,4,0.02920654070017428,0.05779876665251446,0.07248483344058837,0.8405098592067229
Synthetic Beeswax,Synthetic Beeswax,Safe,Safe,3,0.0006601841083217346,0.004713527888000738,0.9932673937504528,0.0013588942532247593,Low,Low,1,0.002211009967102465,0.9472114202111886,0.04819519548626695,0.0023823743354419954,No Risk,No Risk,0,0.0036557179164300947,0.01292095142802234,0.011147774341805099,0.9722755563137424
Rice Wax (Oryza Sativa Cera),Rice Wax (Oryza Sativa Cera),Safe,Safe,1,0.0004339000033320559,0.004003548089306631,0.9915662429768864,0.0039963089304750265,Low,Low,0,0.015188178928982159,0.8790996885365938,0.10199681465726511,0.0037153178771588773,No Risk,No Risk,4,0.0023135670197978572,0.012081887650022128,0.00801800116936586,0.9775865441608141
Sunflower Seed Wax,Sunflower Seed Wax,Safe,Safe,0,0.0004281928475051799,0.008241382248218293,0.9861181422806851,0.005212282623591325,Low,Low,0,0.017407820845519527,0.8126768340291992,0.1658400618875435,0.004075283237737965,No Risk,No Risk,0,0.001905573126208686,0.010404827086756153,0.013442524035704884,0.9742470757513302
Jojoba Wax (Hydrogenated Jojoba Oil),Jojoba Wax (Hydrogenated Jojoba Oil),Safe,Safe,0,0.0008066631407356007,0.01194327860130807,0.9493929942900775,0.037857063967878704,Low,Low,4,0.03494787373341326,0.89502784001011,0.06045193011591043,0.00957235614056611,No Risk,No Risk,1,0.0032619196816915095,0.06764521246949773,0.014028584152774755,0.915064283696036
Polyglyceryl-2 Triisostearate,Polyglyceryl-2 Triisostearate,Safe,Safe,0,0.0015723248629858698,0.0036447549433669436,0.986816514938367,0.007966405255280012,Low,Low,4,0.0017424413629930013,0.9311980105924901,0.004143635024297132,0.06291591302021984,No Risk,No Risk,1,0.004470736320970242,0.2333085932974711,0.006006710805335654,0.756213959576223
Polyglyceryl-3 Polyricinoleate,Polyglyceryl-3 Polyricinoleate,Safe,Safe,2,0.0006534955239447571,0.0016878832438691103,0.9329436562315742,0.06471496500061215,Low,Low,3,0.0024623620324416675,0.9404961068281966,0.0011256695214315261,0.05591586161793022,No Risk,No Risk,2,0.0005295214370924625,0.055363809280918115,0.0027466187510751137,0.9413600505309143
Aluminum Hydroxide,Aluminum Hydroxide,Safe,Safe,1,0.0006304682516051404,0.006399370451573679,0.9246269742018893,0.0683431870949319,Low,Low,4,0.0008865488519581655,0.925530626791006,0.002817161051433496,0.0707656633056025,No Risk,No Risk,3,0.0027791022333933024,0.1811806634422845,0.010366279994501433,0.8056739543298208
Triethoxycaprylylsilane,Triethoxycaprylylsilane,Safe,Safe,1,0.004171716135528256,0.02555560069929041,0.8949594323351188,0.07531325083006268,Low,Low,1,0.00485833160160068,0.8340783840973313,0.02441664234706878,0.1366466419539994,No Risk,No Risk,2,0.009186424647224998,0.22257975911872893,0.020132234071010693,0.7481015821630355
Stearic Acid Coated Titanium Dioxide,Stearic Acid Coated Titanium Dioxide,Safe,Safe,4,0.00037000241189957914,0.006360721774851983,0.9315262427565111,0.06174303305673745,Low,Low,2,0.00873245969427523,0.8737845420549255,0.010968885552429582,0.10651411269836965,Low,Low,3,0.0016496367818799847,0.844625327778046,0.02662620215309577,0.12709883328697805
Dimethicone/Vinyl Dimethicone Crosspolymer,Dimethicone/Vinyl Dimethicone Crosspolymer,Safe,Safe,1,0.0033978334402969533,0.014241786314427254,0.9374318687031865,0.04492851154208933,Low,Low,4,0.0021185706025334465,0.9659374098752711,0.008548262543859117,0.023395756978336252,No Risk,No Risk,3,0.005320310330957788,0.06150525116138422,0.011735963398988046,0.9214384751086699
Peg-9 Polydimethylsiloxyethyl Dimethicone,Peg-9 Polydimethylsiloxyethyl Dimethicone,Safe,Safe,1,0.003592170651272706,0.0163304335617983,0.8328801724642739,0.1471972233226551,Low,Low,4,0.003150363041392046,0.6941007943185923,0.007395790269319526,0.2953530523706961,No Risk,No Risk,1,0.005977213597219198,0.45114133306405513,0.010597192804567465,0.5322842605341582
Disteardimonium Hectorite,Disteardimonium Hectorite,Safe,Safe,3,0.0008383911142722052,0.0059672546775937745,0.8611562165837043,0.13203813762442954,Low,Low,3,0.002177618630334435,0.8244818034806244,0.0037653181279666778,0.1695752597610745,No Risk,No Risk,2,0.0017564824693182463,0.39627117089156344,0.02142875255802154,0.5805435940810968
Silica Dimethyl Silylate,Silica Dimethyl Silylate,Safe,Safe,1,0.002561588734628574,0.012712067866568897,0.9671924168004209,0.01753392659838157,Low,Low,1,0.0018918116888561665,0.9429143782436044,0.02166119760675476,0.03353261246078474,No Risk,No Risk,1,0.010542455232444637,0.16763035716976316,0.015968500362510265,0.805858687235282
Hydrogen Dimethicone,Hydrogen Dimethicone,Safe,Safe,2,0.002172153037294675,0.010853283189197161,0.895330108809651,0.09164445496385708,Low,Low,1,0.005706606088513406,0.7465987215804567,0.019138646971990463,0.2285560253590395,No Risk,No Risk,2,0.0069240877648999374,0.4693842332669993,0.009494359780191069,0.5141973191879097
Iron Oxides (Natural),Iron Oxides (Natural),Safe,Safe,4,0.0040087676328462146,0.029834974464769348,0.8610170528579135,0.10513920504447077,Low,Low,2,0.004513291917579825,0.9344026330088587,0.01630730610738757,0.04477676896617381,Low,No Risk,0,0.004571172666223445,0.4591237578196311,0.020969265745567713,0.5153358037685778
Carmine (CI 75470),Carmine (CI 75470),Moderate Risk,Safe,3,0.0008251918042604131,0.0025062225777180793,0.9931509207354333,0.0035176648825882843,Medium,Low,1,0.04119864987645556,0.8285723248660748,0.11394234484465424,0.01628668041281563,Low,Low,2,0.007109039619165256,0.7207227047787474,0.04548280590578705,0.22668544969630014
Guanine (Fish Scale Pearl Pigment),Guanine (Fish Scale Pearl Pigment),Safe,Safe,3,0.002511078940320644,0.02854169678032672,0.9549595803667764,0.013987643912576243,Low,Low,1,0.10500579753275806,0.5142543172038441,0.3431123208742675,0.03762756438913033,No Risk,Low,0,0.0077659465181144915,0.649635528069839,0.17281179579720976,0.1697867296148366
Calcium Carbonate (Cosmetic Grade),Calcium Carbonate,Safe,Safe,2,0.0013780588437263199,0.024964935492197304,0.6582531194424874,0.31540388622158894,Low,Low,3,0.003258653665313783,0.8979180478670942,0.010986889259976032,0.08783640920761596,No Risk,No Risk,3,0.005283720587881124,0.12785360179764343,0.03860193551931225,0.8282607420951632
Magnesium Carbonate,Magnesium Carbonate,Safe,Safe,0,0.0008683966031620669,0.0047382377070837745,0.8634914307159364,0.13090193497381777,Low,Low,4,0.001969834620539341,0.958684864759615,0.004722285507098324,0.03462301511274727,No Risk,Low,0,0.002679896582068208,0.7053408128464024,0.03763207863465529,0.254347211936874
Zinc Laurate,Zinc Laurate,Safe,Safe,0,0.0019100325281725616,0.010979401024259806,0.974649177291386,0.012461389156181672,Low,Low,4,0.0012840890346672222,0.9854161288324718,0.008209355220630573,0.005090426912230581,No Risk,No Risk,1,0.006558603450807702,0.04897981322018687,0.009484844649748202,0.9349767386792572
Isopropyl Titanium Triisostearate,Isopropyl Titanium Triisostearate,Safe,Safe,2,0.0009307911561397728,0.004043879987564239,0.9891386542208258,0.005886674635470075,Low,Low,0,0.0033352009836733736,0.9570957987512135,0.004213866489187738,0.03535513377592541,No Risk,No Risk,4,0.006315451481096643,0.16879935606538457,0.026344792128866625,0.7985404003246522
Octenylsuccinate Starch,Octenylsuccinate Starch,Safe,Safe,3,0.0009241845955745681,0.00877442918013461,0.8653649609085974,0.12493642531569349,Low,Low,4,0.002590511913472929,0.9319236761828411,0.0037155606570014074,0.061770251246684664,No Risk,No Risk,3,0.00174262388449713,0.07396948712602257,0.009081805394354974,0.9152060835951252
Tapioca Starch (Manihot Esculenta Starch),Tapioca Starch (Manihot Esculenta Starch),Safe,Safe,2,0.001426644205615208,0.022787626807870297,0.9568850150566591,0.01890071392985532,Low,Low,0,0.0054165209885037955,0.9521253195114012,0.034256256896415344,0.008201902603679449,No Risk,No Risk,3,0.003631747546401081,0.03474766379564722,0.010891693011771411,0.9507288956461802
Potato Starch (Solanum Tuberosum Starch),Potato Starch (Solanum Tuberosum Starch),Safe,Safe,2,0.0014191827623252834,0.02539564138557145,0.957320544241012,0.015864631611091164,Low,Low,0,0.007715384299953775,0.9350995069440349,0.041759699068083446,0.01542540968792795,No Risk,No Risk,2,0.005448634757948452,0.05254111211978878,0.028271214782452814,0.91373903833981
Cyclodextrin,Cyclodextrin,Safe,Safe,0,0.002069257767410576,0.03810342928944586,0.6428215069861138,0.3170058059570297,Low,Low,0,0.014933477879633372,0.7760559631440618,0.018618657654190345,0.1903919013221145,No Risk,No Risk,0,0.003694807834163288,0.14236631825217907,0.16113337945239933,0.6928054944612584
Sodium Hyaluronate Crosspolymer (Sheet Mask),Sodium Hyaluronate Crosspolymer,Safe,Safe,2,0.00043932609776881884,0.005877401039881917,0.8939870681755868,0.09969620468676257,No Risk,No Risk,4,0.004254416893445197,0.345489462147229,0.00846349809169992,0.6417926228676258,No Risk,No Risk,0,0.00058868961389258,0.025147323665978844,0.0038770227129731444,0.9703869640071555
Hydrolyzed Hyaluronic Acid,Hydrolyzed Hyaluronic Acid,Safe,Safe,0,0.0005784529767067322,0.007009159128131595,0.8193282410331093,0.17308414686205237,No Risk,No Risk,2,0.0043032046138645206,0.4001005036102689,0.008606122843530382,0.5869901689323361,No Risk,No Risk,3,0.0007203513464812009,0.023491878697248482,0.0027909676389985412,0.9729968023172718
Sodium Acetylated Hyaluronate,Sodium Acetylated Hyaluronate,Safe,Safe,3,0.0004917319723865854,0.016246595631229176,0.7575904908566488,0.22567118153973548,No Risk,No Risk,0,0.003111101286539203,0.3092326764340104,0.012054775072480178,0.6756014472069701,No Risk,No Risk,4,0.0007835794305660666,0.014807917230243285,0.000856175536734227,0.9835523278024564
Superoxide Dismutase,Superoxide Dismutase,Safe,Safe,3,0.00030651853443017745,0.008409208869067564,0.936636880492526,0.05464739210397616,Low,Low,3,0.0019695273094956895,0.9249835251240536,0.006979409451600799,0.06606753811485,No Risk,No Risk,2,0.004130917658210293,0.1919927657132984,0.012657815666630485,0.7912185009618609
Glutathione,Glutathione,Safe,Safe,3,0.00031528715771697254,0.012305190816436294,0.946249059248621,0.0411304627772258,Low,Low,2,0.0025610716157408123,0.9035261601402335,0.036310859256386746,0.057601908987639054,No Risk,Low,0,0.0016419184479591618,0.8867270028391167,0.011315895530399583,0.10031518318252461
L-Ascorbic Acid,L-Ascorbic Acid,Safe,Safe,4,0.01064694080052391,0.12372134801829864,0.7317450641327232,0.13388664704845432,Low,Low,0,0.00800574135874336,0.7776225138983915,0.08202461751322623,0.13234712722963868,Medium,Low,2,0.03842783114122553,0.6414722315185809,0.21767459599011832,0.10242534135007514
3-O-Ethyl Ascorbic Acid,3-O-Ethyl Ascorbic Acid,Safe,Safe,3,0.0009750796364103895,0.026354920963215983,0.9371866178693081,0.03548338153106552,Low,Low,4,0.002640263377596779,0.9145754613861671,0.018929007732202987,0.06385526750403311,Low,Low,4,0.026478334630030523,0.763649603948556,0.06493484333393534,0.1449372180874781
Tetrahexyldecyl Ascorbate,Tetrahexyldecyl Ascorbate,Safe,Safe,4,0.003778397877789719,0.053377972947594804,0.5382052535896642,0.40463837558495125,Low,Low,4,0.002833607782823782,0.8710798329378742,0.015465845223904783,0.11062071405539739,Low,No Risk,3,0.02364309320718067,0.4279008215717375,0.09957574292138592,0.44888034229969587
Idebenone,Idebenone,Safe,Safe,4,0.0009262022625070237,0.020865843796245242,0.968048375154023,0.010159578787224796,Low,Low,3,0.0013762380795060293,0.9738104970652521,0.016825183932131775,0.007988080923109977,Low,Low,1,0.011295477884365853,0.5857807620736456,0.03623536443809645,0.366688395603892
Caffeine,Caffeine,Safe,Safe,4,0.0018226148833513328,0.04010840167508592,0.8921314750991144,0.06593750834244841,Low,Low,3,0.0071306972086669935,0.9214632653804954,0.041181405379478044,0.030224632031359455,Low,Low,3,0.02168305593840697,0.5967239948076128,0.049488976259273544,0.3321039729947065
Theobromine,Theobromine,Safe,Safe,3,0.0001474771094088592,0.003300942832178955,0.9790572868872348,0.017494293171177344,Low,Low,2,0.0008383194509828992,0.9870084592556632,0.002159091483402828,0.009994129809951041,No Risk,No Risk,0,0.0015015897364245086,0.17337465077418335,0.007024539400570607,0.8180992200888215
Guarana Extract (Paullinia Cupana Seed Extract),Guarana Extract (Paullinia Cupana Seed Extract),Safe,Safe,0,0.0009967854759194731,0.0489708291719637,0.9347580553415035,0.015274330010613344,Low,Low,0,0.014721521404260696,0.6945211961191612,0.2833398903065697,0.007417392170008628,No Risk,Low,2,0.041622353806339,0.682850466675059,0.08870656622162787,0.18682061329697397
Spirulina Extract (Arthrospira Platensis Extract),Spirulina Extract (Arthrospira Platensis Extract),Safe,Safe,4,0.0001915332721682732,0.008887450800879148,0.9747222453653531,0.01619877056159937,Low,Low,2,0.004904624387948588,0.9395517483448478,0.036689843309612134,0.018853783957591307,No Risk,No Risk,4,0.007680521556422443,0.14601540215086614,0.025638232631479543,0.8206658436612319
Chlorella Vulgaris Extract,Chlorella Vulgaris Extract,Safe,Safe,3,0.0002204951104474147,0.011422104386968978,0.9693288934518517,0.019028507050731933,Low,Low,4,0.003856851242169809,0.8975880535456614,0.0783306559507458,0.020224439261423043,No Risk,No Risk,4,0.010429442820268557,0.24279184853897784,0.04432536839228494,0.7024533402484686
Laminaria Extract (Seaweed Extract),Laminaria Extract (Seaweed Extract),Safe,Safe,2,0.0003213856051729033,0.011509701595421088,0.970437857395917,0.017731055403488974,Low,Low,3,0.0051162434391396104,0.931768948601078,0.03808060949218524,0.025034198467597246,No Risk,No Risk,2,0.004046545852197159,0.043303116838056,0.023922380469739376,0.9287279568400074
Ascophyllum Nodosum Extract (Brown Algae),Ascophyllum Nodosum Extract (Brown Algae),Safe,Safe,3,0.00028404366331937435,0.009556221410341651,0.9515472113295925,0.038612523596746565,Low,Low,0,0.006655170951921094,0.8951306785592216,0.052252516653944925,0.04596163383491233,No Risk,No Risk,2,0.0055003492505060645,0.04306242300564089,0.04600122611027421,0.9054360016335788
Spirulina Platensis Extract,Spirulina Platensis Extract,Safe,Safe,3,0.00019363014269901325,0.012018247400952179,0.9691035004368364,0.018684622019512532,Low,Low,4,0.0032066738426953646,0.9301396073872851,0.050550743552937226,0.016102975217082306,No Risk,No Risk,4,0.008136445653011805,0.1505830385004598,0.026199605820702736,0.8150809100258257
Yeast Extract (Faex Extract),Yeast Extract (Faex Extract),Safe,Safe,1,6.848245294237593e-05,0.0012495012270299078,0.9931249462353766,0.0055570700846511115,Low,Low,0,0.000642975761839134,0.9916131376832257,0.0019497694960446217,0.005794117058890579,No Risk,No Risk,1,0.0002613037692132407,0.00832832421906859,0.0006291509970222468,0.9907812210146959
Saccharomyces Ferment Filtrate,Saccharomyces Ferment Filtrate,Safe,Safe,3,0.0003788171339247577,0.008836700337435168,0.9466818629734853,0.0441026195551547,Low,Low,4,0.0016174850713776075,0.9621362127463715,0.004779731434942648,0.031466570747308256,No Risk,No Risk,2,0.005992639641586866,0.09153006121053214,0.012608790481324171,0.8898685086665569
Bifida Ferment Lysate,Bifida Ferment Lysate,Safe,Safe,0,0.0005310410310828838,0.014988897570200575,0.9251045890570649,0.05937547234165168,Low,Low,0,0.0022860536207872633,0.9366609319606714,0.020144993413520548,0.040908021005020695,No Risk,No Risk,0,0.002036565378373655,0.07784201289858482,0.013364481055480847,0.9067569406675607
Galactomyces Ferment Filtrate,Galactomyces Ferment Filtrate,Safe,Safe,0,0.00036080847366078497,0.007757071283407449,0.9434601194600449,0.048422000782886936,Low,Low,0,0.0016650416429542516,0.9481059583960251,0.014174462262193063,0.036054537698827556,No Risk,No Risk,4,0.0036581973522868873,0.08281454224493766,0.006687968547159546,0.9068392918556158
Lactobacillus/Rice Ferment Filtrate,Lactobacillus/Rice Ferment Filtrate,Safe,Safe,0,0.0004128699736750463,0.009839654805356635,0.9388182597097728,0.05092921551119531,Low,Low,3,0.0020175956263449447,0.9574862344557178,0.004350898037067384,0.03614527188087008,No Risk,No Risk,4,0.0034856997259619872,0.1314509673756684,0.00769024232125856,0.857373090577111
Sodium Cocoyl Amino Acids,Sodium Cocoyl Amino Acids,Safe,Safe,2,0.000352531097837292,0.015823784819236568,0.8761966884294918,0.10762699565343421,Low,Low,2,0.0014522443011791343,0.9806111939875455,0.01011590624047897,0.007820655470796608,No Risk,No Risk,3,0.011182571862044528,0.464242047771507,0.01582961029018458,0.5087457700762639
Sodium Lauroyl Oat Amino Acids,Sodium Lauroyl Oat Amino Acids,Safe,Safe,3,0.00014900771510039832,0.0072544526412975105,0.967861477957821,0.024735061685781167,Low,Low,1,0.00293064377456954,0.9795396353406712,0.009539266829989528,0.00799045405476971,No Risk,No Risk,0,0.01197068053082539,0.481570798994676,0.011856242165143284,0.49460227830935516
Potassium Sorbate (Baby),Potassium Sorbate,Safe,Safe,1,0.021093767077803905,0.08693896513965127,0.8572773069550446,0.03468996082750034,Low,Low,3,0.022867557816899715,0.9313675701745898,0.031676389421374705,0.014088482587135768,Low,Low,2,0.03402754189356284,0.7074535360454196,0.1270388057610351,0.13148011629998252
Sodium Benzoate (Baby),Sodium Benzoate,Safe,Safe,4,0.041818780544331954,0.1405566731307925,0.6363126546989479,0.18131189162592765,Low,Low,2,0.0495911159872126,0.7476975022610597,0.12935376949823013,0.07335761225349752,Low,Low,1,0.016404544921270157,0.8936418474355675,0.04201014646775191,0.0479434611754102
Chlorphenesin (Baby),Chlorphenesin,Safe,Safe,1,0.03852890947407461,0.11301595982612347,0.7442203700762636,0.10423476062353827,Low,Low,2,0.0595885597265921,0.7654118042066069,0.10508783479964855,0.06991180126715245,Low,Low,3,0.005777718241114969,0.9082966916607061,0.06490472520748268,0.021020864890696156
Panthenol (Baby),Panthenol,Very Safe,Very Safe,0,0.0023673255463754197,0.01160734352530007,0.029153343580190363,0.9568719873481342,Low,Low,4,0.006801630885318659,0.7533350562322111,0.0387074973514602,0.20115581553101025,No Risk,Low,2,0.03938805251166075,0.5014873690352762,0.0580728068274386,0.4010517716256244
Calendula Officinalis Oil,Calendula Officinalis Oil,Safe,Safe,2,0.0012320689320287628,0.009776484001799167,0.9427282646640512,0.046263182402120885,Low,Low,0,0.013416950377762867,0.6303205711624064,0.3373196944855741,0.01894278397425686,No Risk,No Risk,2,0.005988819451979373,0.36396589059623036,0.03219716373346346,0.5978481262183268
Chamomile Oil (Baby Care),Chamomile Oil,Safe,Safe,4,0.0014288769396457375,0.04444869692208599,0.5349700505315572,0.419152375606711,Medium,Medium,2,0.008925915645757732,0.20038772796394905,0.7604622309264231,0.03022412546387013,Low,No Risk,2,0.015429803719626784,0.4069698495706118,0.09251038568373326,0.4850899610260282
Olive Oil (Baby Care),Olive Oil,Safe,Safe,1,0.0013924262566091872,0.010216030297362155,0.9144661264352527,0.07392541701077589,Low,Medium,1,0.013890756622614322,0.40749778164813855,0.5444740646839727,0.034137397045274305,No Risk,No Risk,1,0.006837475786559183,0.4303411794556435,0.020583662553324233,0.5422376822044731
Coconut Oil (Baby Care),Coconut Oil,Safe,Safe,1,0.0014164417788484391,0.00988114956883146,0.9076165275275959,0.08108588112472419,Medium,Low,0,0.012212299994690536,0.6349906680839555,0.33205791396800705,0.020739117953346847,Low,Low,1,0.0062019706991520976,0.5080858044245228,0.017189425578773544,0.4685227992975516
Sweet Almond Oil (Baby Care),Sweet Almond Oil,Safe,Safe,3,0.0006079075515875393,0.0056076864291968445,0.9557468030499179,0.0380376029692979,Medium,Medium,1,0.011695227967400704,0.35779061881322954,0.6050838630779962,0.025430290141373504,Low,No Risk,1,0.007135695904956477,0.43670435656130024,0.022837642499585885,0.5333223050341573
Aloe Vera Gel (Baby Care),Aloe Vera Gel,Very Safe,Very Safe,2,0.0014576353651819403,0.01733409067611353,0.2584157416691654,0.7227925322895391,Low,Low,4,0.01185006183562387,0.8278693315045803,0.13398870762229123,0.026291899037504653,No Risk,No Risk,2,0.007431893746953868,0.13515772693948283,0.02948593262905287,0.8279244466845105
Menthol (Foot Care),Menthol,Safe,Safe,0,0.0014036744735212046,0.034068173445070606,0.7838795092397002,0.1806486428417081,Low,Low,0,0.001259335475614029,0.9786054753571615,0.006565292891768655,0.013569896275455736,Medium,No Risk,0,0.007475063752757553,0.23090036710379158,0.3501606886803291,0.41146388046312177
Urea (Foot Care),Urea,Safe,Safe,2,0.005733908283729348,0.049305566353114234,0.871764820954439,0.07319570440871745,Low,Low,4,0.010283551072618882,0.6447168542178087,0.26934022058103113,0.07565937412854128,Medium,Medium,4,0.025188809222880724,0.18752981438163044,0.4756961395780467,0.3115852368174423
Salicylic Acid (Foot Care),Salicylic Acid,Safe,Safe,1,0.007132501726070183,0.14294886523224143,0.8129101384293597,0.03700849461232869,Low,Low,4,0.005703318008526941,0.7575805409767253,0.22276021676282906,0.013955924251918666,Medium,Medium,2,0.022464170665741207,0.023478235640044375,0.9406417698044416,0.013415823889772655
Tea Tree Oil (Foot Care),Tea Tree Oil,Moderate Risk,Moderate Risk,4,0.03796900286837422,0.9001001385686566,0.052416458268974266,0.00951440029399482,Medium,Medium,2,0.027113627437511795,0.029163486155195473,0.9416461482922551,0.0020767381150375514,Medium,Medium,4,0.044045650066217,0.034676671552836956,0.9064802595668042,0.014797418814142014
Peppermint Oil (Foot Care),Peppermint Oil,Moderate Risk,Moderate Risk,1,0.04479122240547045,0.9092882609568158,0.0373007224895244,0.008619794148189351,Medium,Medium,1,0.04128032459339688,0.14658143814981658,0.8092830715489026,0.002855165707883947,Medium,Medium,2,0.0034395524440943284,0.0005597819305154208,0.9950325414618685,0.0009681241635216021
Shea Butter (Foot Care),Shea Butter,Very Safe,Safe,4,0.0004920439816898109,0.006619304359966597,0.977230753589967,0.015657898068376492,Low,Low,3,0.011365975154334027,0.8803334903122161,0.09113421745897725,0.01716631707447259,No Risk,No Risk,4,0.006554389762389679,0.07761007640884135,0.03850942688584174,0.8773261069429271
Beeswax (Lip Care),Beeswax,Safe,Safe,0,0.0022803045101043484,0.03711056346132629,0.8412163498282906,0.11939278220027885,Medium,Low,2,0.009593945159391921,0.9188528700898702,0.057983915301262894,0.013569269449475006,No Risk,No Risk,3,0.007870335715907416,0.05843672035318098,0.18042786915151662,0.7532650747793949
Castor Oil (Lip Care),Castor Oil,Safe,Safe,2,0.0015108860792269016,0.02320101839727721,0.8917824946548301,0.08350560086866583,Low,Low,1,0.0245643822219356,0.7278155233069415,0.23297097651342039,0.01464911795770259,Low,No Risk,2,0.005003286564553997,0.07319919715448238,0.06196292623034582,0.8598345900506179
Shea Butter (Lip Care),Shea Butter,Very Safe,Safe,4,0.0007326716330288077,0.011738535098879852,0.9498536863086823,0.037675106959409024,Low,Low,3,0.028114855333681982,0.6799103935802177,0.2733279646566011,0.01864678642949938,No Risk,No Risk,4,0.006739780300406385,0.07027495364728695,0.03856478054226421,0.8844204855100424
Vitamin E (Lip Care),Vitamin E,Very Safe,Very Safe,3,0.0012585680242879142,0.029625360138234125,0.24556229418054293,0.7235537776569351,Low,Low,1,0.02170399142822147,0.8015960008446217,0.09413853810650333,0.08256146962065351,No Risk,No Risk,3,0.010796045021770926,0.2826489196588708,0.2569669703283007,0.4495880649910575
Menthol (Lip Plumper),Menthol,Moderate Risk,Safe,0,0.0028102937761227765,0.137414398917077,0.4983349461902101,0.36144036111659006,Low,Low,0,0.0028538491796429298,0.9296865422125353,0.022415637835538918,0.04504397077228288,Medium,Low,0,0.030691765687525942,0.5427920223004573,0.0714670679645221,0.3550491440474947
Cinnamon Oil (Lip Plumper),Cinnamon Oil,Moderate Risk,Moderate Risk,4,0.01021652161112219,0.9860588693574827,0.001483682140512746,0.002240926890882443,Medium,Medium,2,0.05195232940449425,0.02594738399046157,0.9169257762624259,0.005174510342618146,High,Medium,0,0.21185082856541448,0.011473932893098645,0.7688590369192786,0.007816201622208302
Capsicum Extract (Lip Plumper),Capsicum Extract,Moderate Risk,Safe,3,0.001368104465610149,0.08923465951254049,0.8098616211962378,0.09953561482561152,Medium,Low,2,0.0347981517533861,0.81226654657869,0.1282423079986484,0.0246929936692755,High,No Risk,3,0.05230795017343348,0.2584422497768864,0.06037641355619228,0.6288733864934879
Hyaluronic Acid (Lip Plumper),Hyaluronic Acid,Very Safe,Safe,4,0.005556573188710965,0.17011279848288435,0.5106910122461313,0.3136396160822733,No Risk,No Risk,1,0.01604163476908993,0.2566783585334418,0.09303316095759707,0.6342468457398711,No Risk,No Risk,3,0.007350971577258306,0.10375627056751854,0.017397304511807654,0.8714954533434155
Titanium Dioxide (Sanitary Products),Titanium Dioxide,Safe,Safe,4,0.007715122330820538,0.05382346638455972,0.5298992464784358,0.40856216480618385,Low,Low,1,0.010104941386996247,0.8943413050426301,0.029426989804014935,0.06612676376635872,No Risk,Low,4,0.0049877895367300105,0.914179887846809,0.030194554430259927,0.050637768186201096
Superabsorbent Polymer (Sodium Polyacrylate),Superabsorbent Polymer (Sodium Polyacrylate),Safe,Safe,3,0.002986719189042999,0.033904463080624,0.9279487006228758,0.03516011710745732,Low,Low,2,0.0051215096132002985,0.9647915306807661,0.008748157256992121,0.02133880244904152,Low,No Risk,2,0.010302390135450893,0.1372495937215063,0.02003661274110648,0.8324114034019364
Cellulose Fiber (Wood Pulp),Cellulose Fiber (Wood Pulp),Safe,Safe,1,0.004144327100531403,0.05731106238494064,0.7604008352345986,0.17814377527992933,Low,Low,1,0.005237511589298461,0.9491820822677984,0.035100986925471256,0.010479419217431877,No Risk,No Risk,1,0.01462149848853439,0.2729380436824079,0.049196497946953674,0.663243959882104
Cotton Fiber (Gossypium Herbaceum),Cotton Fiber (Gossypium Herbaceum),Very Safe,Safe,2,0.0013874327412445164,0.021328204067119435,0.9596770277832566,0.017607335408379627,Low,Low,2,0.010367636033769967,0.9346892724919149,0.044431698144167815,0.01051139333014699,No Risk,No Risk,2,0.006428523058972144,0.05767716456648915,0.03777836539520013,0.8981159469793385
Medical Grade Silicone,Medical Grade Silicone,Very Safe,Safe,2,0.005945029796577244,0.03865872523186611,0.9108417624701471,0.044554482501409656,Low,Low,3,0.011816736963608042,0.9044652181163677,0.03931023647940155,0.04440780844062276,No Risk,No Risk,2,0.014901756811524818,0.2026890063659123,0.03018329136114256,0.7522259454614204
Thermoplastic Elastomer,Thermoplastic Elastomer,Safe,Safe,4,0.01093904800272667,0.07289203156066561,0.8136291640903911,0.10253975634621663,Low,Low,4,0.0076349849842584,0.9437672725827496,0.024195041000484623,0.024402701432507258,No Risk,No Risk,2,0.015162242005441912,0.18038710250657838,0.04466694137201063,0.7597837141159691
Isopropyl Alcohol (Menstrual Cup Cleanser),Isopropyl Alcohol (Menstrual Cup Cleanser),Moderate Risk,Safe,2,0.005059393516377185,0.15452757850850665,0.8200746667992442,0.020338361175871948,Low,Low,3,0.006511292597114723,0.8871086719373901,0.09035418362926279,0.016025851836232497,Medium,Low,1,0.01671561368143166,0.8181462141531985,0.1156064326568596,0.049531739508510114
Citric Acid (Menstrual Cup Cleanser),Citric Acid (Menstrual Cup Cleanser),Safe,Safe,0,0.0020740559909811886,0.052890559771670016,0.7901716858930472,0.1548636983443017,Low,Low,0,0.0022765359172085783,0.9642254890158399,0.01443813196604938,0.01905984310090233,Low,No Risk,2,0.01128654665213358,0.17032172196386958,0.31002151113072635,0.5083702202532705
Benzalkonium Chloride (Wipes),Benzalkonium Chloride,Moderate Risk,Safe,1,0.007690798057606956,0.10051680215163464,0.8754802655924384,0.01631213419831992,Medium,Low,3,0.024867063828833448,0.6948204937427684,0.25120560024503225,0.029106842183365823,Medium,Low,1,0.013580675586669394,0.9077109411527413,0.04626539104626075,0.03244299221432861
Polyhexamethylene Biguanide,Polyhexamethylene Biguanide,Safe,Safe,1,0.008419300235140474,0.15282255063491706,0.8220457795876872,0.01671236954225525,Low,Medium,1,0.011740363336203607,0.4817616768377448,0.481954899706837,0.024543060119214564,Low,Low,1,0.021158261749158136,0.7446950841560285,0.11527029372081213,0.11887636037400123
Ethylhexylglycerin (Wipes),Ethylhexylglycerin,Safe,Safe,3,0.005897541850849951,0.09203731384622092,0.5651042508586848,0.3369608934442444,Low,Low,3,0.0137231974942882,0.9537144238561782,0.015361430416404708,0.017200948233129017,No Risk,No Risk,2,0.006941223036318348,0.4186085906525906,0.10401819706119504,0.4704319892498961
Aloe Vera Extract (Wipes),Aloe Vera Extract,Very Safe,Safe,4,0.0010583288280925376,0.045676247872904016,0.8773443659333933,0.07592105736561022,Low,Low,2,0.028828987168602115,0.6293175777092475,0.31869207247637027,0.023161362645780215,No Risk,No Risk,2,0.014928514819301056,0.2990294016643368,0.1226244272868371,0.563417656229525
Chamomile Extract (Wipes),Chamomile Extract,Safe,Safe,0,0.00269151399915807,0.07233077367181572,0.5131750736683941,0.41180263866063205,Medium,Low,1,0.02070205606180252,0.7522108913173773,0.19916039877429786,0.027926653846522324,Low,No Risk,3,0.004846600917382701,0.07387361361546604,0.05155477643555695,0.8697250090315942
Polyester Nonwoven Fabric,Polyester Nonwoven Fabric,Safe,Safe,0,0.0048710485724802275,0.049817585719112566,0.9167215449583457,0.028589820750061497,Low,Low,2,0.00395572237862872,0.9508333474415357,0.0338623805581238,0.011348549621711848,No Risk,No Risk,0,0.01682735842686814,0.09355719687008558,0.08736683493904922,0.8022486097639969
Viscose Nonwoven Fabric,Viscose Nonwoven Fabric,Safe,Safe,3,0.0021593616550676133,0.04299489565908259,0.5703759228952014,0.3844698197906484,Low,Low,3,0.00457236067938972,0.9620218522209227,0.007336484082415201,0.026069303017272262,No Risk,No Risk,4,0.002100556478996591,0.03350454344140227,0.017738354218036264,0.946656545861565
Cellulose Sheet Mask Fabric,Cellulose Sheet Mask Fabric,Safe,Safe,3,0.0017451475866600713,0.0202140148270833,0.7729943247381156,0.20504651284814115,Low,Low,3,0.005656413045275209,0.942575265443279,0.011925126049187013,0.03984319546225857,No Risk,No Risk,4,0.0032181559773657976,0.08734420462826029,0.02069949690487732,0.8887381424894966
Bio-Cellulose (Fermented Cellulose),Bio-Cellulose (Fermented Cellulose),Safe,Safe,4,0.002477386077839276,0.015394581852980706,0.8477764997925817,0.1343515322765982,Low,Low,4,0.006118834620777008,0.8816160458889085,0.024116950355396526,0.08814816913491816,No Risk,No Risk,3,0.0022228108669810156,0.03166604809951342,0.008236754075472754,0.9578743869580327
Hydrogel (Cross-linked Polymer),Hydrogel (Cross-linked Polymer),Safe,Safe,2,0.003230049821379232,0.027076709516280294,0.9552718498358302,0.014421390826510054,Low,Low,1,0.00791570405719313,0.8992461781805523,0.026407384307439753,0.06643073345481493,No Risk,No Risk,3,0.010946419103387487,0.11746832869885357,0.02189933841624784,0.849685913781511
Ethylene Vinyl Acetate,Ethylene Vinyl Acetate,Safe,Safe,0,0.010372497893761726,0.07505326274696303,0.8507070328607775,0.06386720649849768,Low,Low,3,0.023587951272502836,0.8970340967440108,0.04559488024890109,0.033783071734585175,No Risk,No Risk,0,0.017475711029338037,0.22578362945687164,0.15113899857343424,0.6056016609403561
PVP/Dimethylaminoethylmethacrylate Copolymer,PVP/Dimethylaminoethylmethacrylate Copolymer,Safe,Safe,2,0.008678602017489516,0.0774107546453793,0.8768719146529131,0.03703872868421793,Low,Low,1,0.0925194145739479,0.6636467038694017,0.1388653049902976,0.10496857656635282,No Risk,No Risk,0,0.01222758206242156,0.20336951615157234,0.1451330805206826,0.6392698212653235
Acrylamidopropyltrimonium Chloride/Acrylamide Copolymer,Acrylamidopropyltrimonium Chloride/Acrylamide Copolymer,Safe,Safe,1,0.007777840906085751,0.06001345455321989,0.8983716480568298,0.03383705648386452,Low,Low,1,0.03782065777300435,0.7715812376587504,0.11036337537307885,0.0802347291951664,No Risk,No Risk,4,0.008594661001427303,0.2575320747502284,0.046943934952871726,0.6869293292954726
Beeswax (Hair Wax),Beeswax,Safe,Safe,0,0.0009482801587134131,0.019436263531747325,0.9713505966803897,0.008264859629149716,Medium,Low,2,0.005478937202109955,0.9576783710257621,0.026204798468688083,0.010637893303439748,No Risk,No Risk,3,0.00486698715254549,0.021066811666423924,0.1536387719013191,0.8204274292797115
Carnauba Wax (Hair Wax),Carnauba Wax,Safe,Safe,0,0.0007646482069468505,0.013321369813090287,0.9782918764009181,0.007622105579044734,Low,Low,3,0.04644126848497319,0.6373427114838226,0.30832985745132696,0.007886162579877239,No Risk,No Risk,0,0.0028589363055281504,0.0068838611382410955,0.04041363542301461,0.9498435671332163
Petrolatum (Hair Pomade),Petrolatum,Safe,Safe,3,0.001467673405963313,0.01790653805964685,0.9183020695634581,0.0623237189709318,Low,Low,2,0.005759331719804201,0.920975863418219,0.01391046901274537,0.05935433584923153,No Risk,No Risk,1,0.008920164404064701,0.1538097482917066,0.36516982834036876,0.47210025896386
Lanolin (Hair Pomade),Lanolin,Safe,Safe,0,0.0018057624751789798,0.025556244543978812,0.9147348228729181,0.05790317010792415,High,Low,2,0.007820202691482711,0.8972779080931649,0.05156653764235405,0.043335351572998365,Medium,No Risk,4,0.002332287218655476,0.02125846521121963,0.024959636073991785,0.9514496114961332
Butylene Glycol (Hair Spray),Butylene Glycol,Safe,Safe,4,0.011961105201528315,0.448472257239809,0.5107831723756893,0.028783465182973412,Low,Low,2,0.004086692279008576,0.9622748499431698,0.014416182370287344,0.019222275407534295,Low,Medium,0,0.034282945719345474,0.17670255697642245,0.44952854745542,0.33948594984881214
Dimethyl Ether,Dimethyl Ether,Safe,Safe,3,0.0034230698289180483,0.02858885273853332,0.9398805366557004,0.028107540776848242,Low,Low,4,0.007163497129628034,0.9267468165004188,0.0369308121812907,0.029158874188662556,Low,Low,1,0.008090512658519204,0.9211517018204916,0.03684128760538487,0.03391649791560449
Butane,Butane,Safe,Safe,3,0.0029844740082640296,0.027564987479521158,0.9464866583244597,0.022963880187755168,Low,Low,2,0.004618748487797791,0.9626630942792228,0.023434333951310074,0.009283823281669532,Low,Low,3,0.006945723410431053,0.9261732147504423,0.018120120543806056,0.04876094129532071
Isobutane,Isobutane,Safe,Safe,1,0.004187911496815271,0.0314020405973849,0.9524939365140275,0.01191611139177241,Low,Low,2,0.007019531261119244,0.9488255455236347,0.030589296729429328,0.013565626485816733,Low,Low,0,0.007955300776129277,0.9145585967524009,0.03812319496961525,0.03936290750185462
Propane,Propane,Safe,Safe,3,0.002930947861710113,0.031240062779439873,0.947868069874955,0.01796091948389485,Low,Low,4,0.004928242066752466,0.953404521817091,0.031589739271208596,0.01007749684494801,Low,Low,0,0.01306779460609963,0.7942827651504687,0.09077841599726587,0.10187102424616575
Nitrous Oxide,Nitrous Oxide,Safe,Safe,3,0.007034915483721982,0.07187575870156614,0.878439721171944,0.04264960464276779,Low,Low,1,0.0030871808547118192,0.9564621948603793,0.024861973272057344,0.015588651012851703,Low,Low,2,0.027811520107804393,0.8236390719552037,0.049011561115223534,0.09953784682176842
Stearamidopropyl Dimethylamine,Stearamidopropyl Dimethylamine,Safe,Safe,3,0.003249909704015178,0.00720818530324385,0.9668467662103376,0.022695138782403416,Low,Low,3,0.0007641046862907424,0.9913438893296245,0.0050967967436967715,0.0027952092403880032,Low,No Risk,3,0.008390881555533821,0.40229411521880837,0.01685928972303767,0.5724557135026201
Dicetyldimonium Chloride,Dicetyldimonium Chloride,Safe,Safe,4,0.004124541470281941,0.014357542324167598,0.953619440115555,0.027898476089995558,Low,Low,4,0.0021551660216868954,0.9691980556818278,0.015977682140866256,0.012669096155618958,Low,Low,4,0.008142851469662305,0.8464224645944496,0.016655991336219103,0.12877869259966895
Isopropyl Titanium Triisostearate (Sunscreen),Isopropyl Titanium Triisostearate,Safe,Safe,2,0.0015216539902859997,0.011371529880341754,0.9811217871304151,0.005985028998957278,Low,Low,0,0.006555443799238853,0.9335980333689322,0.012502066877263124,0.04734445595456586,No Risk,No Risk,4,0.01179245230804772,0.23769835047901067,0.057302482912149164,0.6932067143007925
Ethylhexyl Triazone,Ethylhexyl Triazone,Safe,Moderate Risk,2,0.01582667121366837,0.5970594214367746,0.380499545648545,0.006614361701012119,Low,Low,1,0.04152796279537319,0.7086584529329771,0.23879096176026754,0.011022622511382122,Low,Low,1,0.01824928172792179,0.615798456721324,0.32953373329428115,0.036418528256473064
Drometrizole Trisiloxane,Drometrizole Trisiloxane,Safe,Safe,0,0.017934148625382812,0.4463626603329142,0.527071212000685,0.008631979041018147,Low,Low,2,0.052731879469691094,0.50980547773856,0.4255067231325681,0.011955919659180891,Low,Low,0,0.02263907271170661,0.6061328413519284,0.3163453851048434,0.054882700831521775
Polysilicone-15 (Sunscreen),Polysilicone-15,Safe,Safe,0,0.0017073340923931654,0.05167803360210916,0.934641520159388,0.011973112146109808,Low,Low,2,0.02057386463709842,0.8993260315375339,0.06099534120015805,0.019104762625209694,Low,Low,1,0.012608261923854697,0.7749258447078395,0.09229555168772581,0.12017034168058001
Terephthalylidene Dicamphor Sulfonic Acid,Terephthalylidene Dicamphor Sulfonic Acid,Safe,Moderate Risk,4,0.013992390473850489,0.6761888062901525,0.30416331437505495,0.005655488860941966,Low,Medium,4,0.0095383869999668,0.4234671639995068,0.5580056524586435,0.008988796541882884,Low,Medium,4,0.015579482291856727,0.3619084885732916,0.6080418140099665,0.01447021512488515
Disodium Phenyl Dibenzimidazole Tetrasulfonate,Disodium Phenyl Dibenzimidazole Tetrasulfonate,Safe,Moderate Risk,2,0.015190040104182893,0.5681702817964182,0.4093043590316837,0.00733531906771532,Low,Medium,2,0.05726056616770509,0.3997637522157184,0.5243898359868693,0.018585845629707342,Low,Low,3,0.023253349500810646,0.49854483232555297,0.4399147663475229,0.038287051826113354
4-Methylbenzylidene Camphor,4-Methylbenzylidene Camphor,Moderate Risk,Safe,3,0.01802950200939485,0.15023844085511642,0.8236369596883829,0.008095097447105869,Medium,Low,1,0.03821216699983429,0.6635548150789427,0.28809043864895634,0.010142579272266913,Medium,Low,3,0.02344153696008314,0.6592956423035558,0.28280108014951444,0.03446174058684648
PEG-25 PABA,PEG-25 PABA,Moderate Risk,Safe,3,0.02037368427206697,0.20052834929613936,0.7664317355631354,0.012666230868658227,Medium,Low,0,0.03651382283584638,0.8643633997803528,0.08893563564857666,0.010187141735224095,Medium,Low,0,0.025387454322938343,0.5037255060511826,0.3905224564157313,0.08036458321014785
Padimate O,Padimate O,Moderate Risk,Safe,3,0.017475706045276127,0.14656563408768172,0.8266104804493453,0.009348179417697002,Medium,Low,0,0.043672028223931555,0.8075027239588892,0.13247978921823203,0.016345458598947208,Medium,Low,1,0.023704660644424815,0.50168599203043,0.4020378054081502,0.07257154191699494
o-Phenylenediamine,o-Phenylenediamine,High Risk,High Risk,4,0.8795749814693004,0.1137971026974014,0.005059221528315888,0.0015686943049821795,High,High,3,0.8215902074004712,0.021937927949595537,0.15347905307012488,0.0029928115798082996,High,Medium,3,0.47495587148057145,0.03907532611275229,0.4824275108659557,0.0035412915407204456
m-Phenylenediamine,m-Phenylenediamine,High Risk,High Risk,2,0.9353151502934482,0.05686607209816563,0.006653134754593659,0.0011656428537924221,High,High,2,0.8169991288227162,0.02345323019086652,0.15616974685115106,0.003377894135266221,High,High,2,0.4833814073584856,0.024349736017685062,0.48207533499622957,0.01019352162759969
"2,4-Diaminoanisole","2,4-Diaminoanisole",High Risk,High Risk,0,0.8230101454047176,0.16653508558587365,0.008749346986029506,0.0017054220233792643,High,High,0,0.7313654420036947,0.017916213212464685,0.24743427501655532,0.0032840697672853573,High,High,4,0.5895020327932456,0.03868635261440552,0.3678694768454853,0.003942137746863498
"2,4-Diaminoanisole Sulfate","2,4-Diaminoanisole Sulfate",High Risk,High Risk,4,0.739930029182504,0.25287190490267214,0.005338668294111718,0.0018593976207122568,High,High,4,0.6246981852317549,0.017208396109432932,0.3548548428174576,0.00323857584135467,High,Medium,3,0.42785010555111275,0.019276338416429575,0.5499959357712578,0.002877620261199872
4-Amino-3-Nitrophenol,4-Amino-3-Nitrophenol,High Risk,High Risk,0,0.7382312207594778,0.25089938072535806,0.008747081666411518,0.0021223168487527343,High,High,0,0.5613816253980343,0.019915967919221556,0.4154969578469255,0.0032054488358186847,Medium,Medium,0,0.24860225711748657,0.02365416966339897,0.7235386952361217,0.004204877982992835
2-Nitro-p-Phenylenediamine,2-Nitro-p-Phenylenediamine,High Risk,High Risk,3,0.8850778996021936,0.10553678590531795,0.007629788137507197,0.0017555263549812454,High,High,3,0.7918028353395652,0.0207623074631701,0.1844524309442102,0.0029824262530544483,Medium,Medium,1,0.47103840976707356,0.03119209500154426,0.49313572539329537,0.004633769838086812
4-Nitro-o-Phenylenediamine,4-Nitro-o-Phenylenediamine,High Risk,High Risk,2,0.9338369484513152,0.05915696610398798,0.005842245162311075,0.0011638402823856344,High,High,1,0.7813683251168847,0.020397818424614283,0.195024714253207,0.003209142205294186,Medium,Medium,2,0.34635207124380163,0.01993173527875325,0.6241942886402335,0.009521904837211622
4-Methoxy-m-Phenylenediamine,4-Methoxy-m-Phenylenediamine,High Risk,High Risk,1,0.8943986117125422,0.09432344810081704,0.009694192916848369,0.0015837472697922397,High,High,0,0.7561057287544948,0.018247544696759828,0.22273380639453494,0.0029129201542103297,High,High,1,0.6087946933390054,0.025297223088025195,0.36193092928926507,0.0039771542837043275
"2,4-Diaminotoluene","2,4-Diaminotoluene",High Risk,High Risk,3,0.7416508364890048,0.2448082404284057,0.010782882299954225,0.0027580407826352147,High,High,2,0.6448424013134209,0.025881175725873107,0.3255926050979565,0.003683817862749428,High,Medium,3,0.34937372787657484,0.03139411630267202,0.6158181485017741,0.0034140073189790755
o-Toluidine,o-Toluidine,High Risk,High Risk,3,0.7575686001306495,0.22881876199686008,0.010747718708175277,0.002864919164315036,Medium,High,4,0.5198165723906856,0.0271867105612443,0.4489908298697561,0.0040058871783140975,Medium,Medium,4,0.38391469208690177,0.04292536848112079,0.569373833263191,0.003786106168786401
o-Anisidine,o-Anisidine,High Risk,High Risk,2,0.8823607830202765,0.10834778066138581,0.007816117144301367,0.0014753191740362439,Medium,High,2,0.5000803709380903,0.030459729288709513,0.465250464724053,0.004209435049146995,Medium,Medium,4,0.38407029816088994,0.04544146967724477,0.5662350572595797,0.0042531749022855945
4-Chloro-m-Phenylenediamine,4-Chloro-m-Phenylenediamine,High Risk,High Risk,4,0.8814871018302907,0.11240704311865503,0.004575782980221347,0.0015300720708331164,High,High,2,0.8042096899415226,0.019934100428782468,0.17226875852976897,0.0035874510999259327,High,Medium,2,0.39653973268103515,0.018606963028667694,0.5764528584094636,0.00840044588083366
2-Amino-4-Nitrophenol,2-Amino-4-Nitrophenol,High Risk,High Risk,1,0.7359890553131632,0.24870049910022937,0.013075131066277073,0.0022353145203304,Medium,High,0,0.5574383829285627,0.020620782065965335,0.41863417810268544,0.003306656902786476,Medium,Medium,1,0.1874107672557096,0.017475991996751525,0.7914147515185564,0.0036984892289824278
4-Nitro-m-Phenylenediamine,4-Nitro-m-Phenylenediamine,High Risk,High Risk,4,0.8838404467973568,0.11051987831798633,0.004179146887562517,0.0014605279970942326,High,High,1,0.7864142059897264,0.01994092716521802,0.19048636894735743,0.0031584978976981317,Medium,High,0,0.5561114997997372,0.033799225891311444,0.40546046676340897,0.004628807545542329
HC Blue No. 1,HC Blue No. 1,High Risk,High Risk,2,0.861308816156112,0.12421304883383301,0.012413387846504097,0.002064747163550819,Medium,Medium,2,0.2362905089962814,0.03109258430883203,0.7286273706665681,0.003989536028318564,Medium,Medium,0,0.07525766404052656,0.019191547404474246,0.9003206202708937,0.005230168284105545
HC Red No. 3,HC Red No. 3,High Risk,High Risk,0,0.7698575671441283,0.21384418691804707,0.013747616042480924,0.0025506298953435385,Medium,Medium,3,0.12815298559550317,0.025891245359687134,0.842928977859232,0.003026791185577788,Medium,Medium,0,0.07471588569582896,0.016566653217005338,0.9036160863620434,0.005101374725122159
Disperse Blue 1,Disperse Blue 1,High Risk,High Risk,0,0.7808255769893401,0.20308429190019384,0.013466702554953525,0.0026234285555123745,Medium,Medium,0,0.2993934560735062,0.038380542046774976,0.6568959910835439,0.00533001079617483,Medium,Medium,4,0.09367646430145589,0.025437404931743225,0.8770273818434616,0.00385874892333903
Basic Blue 99,Basic Blue 99,High Risk,High Risk,3,0.8135501045994227,0.16720611745281466,0.015864946613381056,0.003378831334381656,High,Medium,3,0.12263704476283678,0.030292523515379383,0.843951784978297,0.0031186467434867493,Medium,Medium,2,0.07054378862231536,0.0131096197730647,0.9082503852944784,0.00809620631014146
Solvent Yellow 2,Solvent Yellow 2,High Risk,High Risk,3,0.7361360435461938,0.24100269797751842,0.01917720504644927,0.003684053429838482,Medium,Medium,3,0.2611507703137465,0.037617503184783366,0.6971905597488266,0.004041166752643532,Medium,Medium,4,0.28070175199471875,0.03944523029560617,0.674606579963565,0.005246437746110122
Sudan I (CI 12055),Sudan I (CI 12055),High Risk,High Risk,0,0.7316156822897986,0.24007306581553844,0.024705811383081665,0.0036054405115811673,Medium,Medium,2,0.2856652621955477,0.06924449441764256,0.6394345666706155,0.00565567671619421,Medium,Medium,4,0.3181906194366954,0.05407410785563792,0.6172512559365573,0.010484016771109328
Lead Acetate,Lead Acetate,High Risk,High Risk,0,0.6449315478378035,0.3149183115764565,0.037028912465899046,0.003121228119840876,Medium,Medium,0,0.19816474236659623,0.15495363219992306,0.639115466024497,0.007766159408983651,Medium,Medium,0,0.05881634106618356,0.01587834511857845,0.9153630629800887,0.009942250835149226
Thimerosal,Thimerosal,High Risk,Moderate Risk,0,0.4138783004921209,0.5559333468829627,0.027948099821230466,0.0022402528036858166,High,Medium,1,0.2527295382473381,0.31674423426065107,0.41896117484027123,0.011565052651739592,Medium,Medium,1,0.06366448497657835,0.056877332157503145,0.8749461853316098,0.004511997534308705
Hydroquinone,Hydroquinone,High Risk,Moderate Risk,3,0.19961241599916518,0.7444886061955839,0.04546706316730551,0.010431914637945575,Medium,Medium,2,0.10999734068712927,0.38579891775278713,0.4913000281818809,0.012903713378202666,High,Medium,1,0.24523631653415898,0.06195635089306181,0.6603649803216112,0.032442352251167934
Methylene Glycol (Formaldehyde Solution),Methylene Glycol (Formaldehyde Solution),High Risk,High Risk,0,0.525670649415128,0.43746382821473395,0.03324106979590054,0.0036244525742377114,High,Medium,4,0.19138203412149876,0.29529038494896775,0.503660380318946,0.009667200610587512,High,Medium,1,0.3496085287384418,0.07304896975709442,0.5617309093949154,0.015611592109548341
Formaldehyde,Formaldehyde,High Risk,High Risk,2,0.6805020666910007,0.30231457669057504,0.015991607632425374,0.0011917489859989978,High,Medium,4,0.34301660390979594,0.18696859811669814,0.46187885633886167,0.008135941634644383,High,Medium,3,0.09166296575788155,0.07295121065193867,0.8332737266652772,0.0021120969249026947
Musk Ambrette,Musk Ambrette,High Risk,High Risk,4,0.7895148468754556,0.19844262392552015,0.011013544792542736,0.0010289844064814667,Medium,Medium,1,0.245843166073701,0.23948048844680214,0.5111267659808234,0.00354957949867343,Medium,Medium,3,0.08107210018339212,0.42849392244513484,0.48763366452575746,0.0028003128457156487
Musk Xylene,Musk Xylene,High Risk,High Risk,1,0.8579810541425802,0.12956026107310134,0.011552483619692439,0.0009062011646261294,Low,Medium,0,0.38208359158444766,0.09505026114808753,0.5199956995547376,0.0028704477127271906,Low,Low,1,0.09825019795223895,0.5126575987243254,0.385295163203081,0.0037970401203547078
Musk Ketone,Musk Ketone,High Risk,High Risk,0,0.7657452463172055,0.22499001269791008,0.008347508393315536,0.0009172325915688332,Low,Medium,0,0.33545126843747614,0.08406489163041007,0.5773515067008377,0.003132333231276275,Low,Medium,0,0.07882650052151201,0.19814613504727882,0.7201734046870484,0.002853959744160915
Musk Moskene,Musk Moskene,High Risk,High Risk,2,0.8130394957387814,0.17890236326963999,0.007262695378480934,0.0007954456130976273,Low,Medium,2,0.32493378693753255,0.1608402957419382,0.5099688967051783,0.00425702061535091,Low,Medium,0,0.0861059004524199,0.21793055446134257,0.6927321690034055,0.0032313760828319616
Methyleugenol,Methyleugenol,High Risk,High Risk,1,0.6900577188297622,0.2664810464193352,0.033274654370266644,0.010186580380636145,Medium,High,4,0.5956864479630783,0.15847862312774982,0.2363583023513895,0.009476626557782343,Medium,Medium,2,0.0064989378863537055,0.3597159952866264,0.6263133669899094,0.0074716998371105875
Butylphenyl Methylpropional (Lilial),Butylphenyl Methylpropional (Lilial),High Risk,High Risk,2,0.7815820534476278,0.21269527620890621,0.004698436157142142,0.0010242341863238899,Medium,Medium,4,0.2103295332532092,0.029110643095776857,0.7576721668304182,0.0028876568205956333,Medium,Medium,2,0.015705731634784382,0.23681374923298054,0.7454674854204958,0.0020130337117394326
Hydroxyisohexyl 3-Cyclohexene Carboxaldehyde (Lyral),Hydroxyisohexyl 3-Cyclohexene Carboxaldehyde (Lyral),High Risk,High Risk,1,0.7324572209706834,0.2547725723541323,0.011967732201910703,0.000802474473273433,High,Medium,3,0.3333063854498659,0.11116754453150952,0.5520776360986657,0.003448433919958816,Medium,Medium,1,0.1645918971583861,0.2648152556182387,0.5662736529276718,0.004319194295703362
Atranol,Atranol,High Risk,High Risk,3,0.6410903756260986,0.3319279182296254,0.021671655379334995,0.005310050764940905,High,Medium,1,0.4741243003307871,0.03875536390372594,0.4857964033574634,0.0013239324080236477,Medium,Medium,1,0.0585343781225544,0.09057446392626,0.8411076233171422,0.00978353463404333
Chloroatranol,Chloroatranol,High Risk,High Risk,4,0.6401678301688314,0.3032455794103486,0.05073754844455094,0.005849041976269042,High,Medium,4,0.42812074796713306,0.03171359979460353,0.5378346837904581,0.00233096844780531,Medium,Medium,2,0.007781374617197769,0.10216593099566465,0.8862986834147033,0.0037540109724342272
Isobutylparaben,Isobutylparaben,High Risk,High Risk,4,0.5039729233055791,0.4812978786452752,0.006126970005169501,0.008602228043976291,Low,Medium,2,0.23467628397765172,0.10533146835538917,0.6317587273929722,0.02823352027398698,Low,Low,1,0.02750660844264099,0.5038349814564577,0.463871803505918,0.004786606594983324
Isopropylparaben,Isopropylparaben,High Risk,Moderate Risk,1,0.47693147893279436,0.49328939771754643,0.018852087007020082,0.010927036342639106,Low,Medium,0,0.2822481091832217,0.11265505052948646,0.5457446110181102,0.059352229269181704,Low,Low,2,0.027933959101146915,0.6009647385969502,0.3679559459363611,0.0031453563655417264
Chloroacetamide,Chloroacetamide,High Risk,Moderate Risk,1,0.19798064691304454,0.751170389952818,0.04867835244196245,0.002170610692174949,Medium,Medium,1,0.36202616251941033,0.214893285526886,0.4025089574301363,0.020571594523567348,Medium,Medium,2,0.03178527798271908,0.08319183210694367,0.8800153217910684,0.005007568119268758
Diethanolamine,Diethanolamine,High Risk,Moderate Risk,1,0.0710298006671617,0.7067206406374378,0.20985443457483977,0.01239512412056057,Low,Medium,4,0.07549185935619841,0.15543068431521376,0.7562634367446799,0.012814019583907913,Medium,Medium,4,0.06311868668393635,0.09570120715531694,0.805361231912848,0.03581887424789874
8-Methoxypsoralen,8-Methoxypsoralen,High Risk,Moderate Risk,3,0.1949196141798022,0.6172119270222134,0.10006499967098686,0.08780345912699743,Medium,Low,4,0.09275011443520334,0.6905373908364972,0.18211573419881408,0.034596760529485265,High,Medium,2,0.08454449610467255,0.13413867478793617,0.6438070537065768,0.13750977540081452
Bergapten (5-Methoxypsoralen),Bergapten (5-Methoxypsoralen),High Risk,High Risk,4,0.5945973436479506,0.3427091223486579,0.05671095165969542,0.005982582343695971,Medium,Medium,2,0.35517365286790753,0.009017911719927198,0.634668304236619,0.001140131175546057,High,Medium,2,0.011605925631825387,0.14266926638413804,0.8392596390534751,0.00646516893056149
Quaternium-15,Quaternium-15,High Risk,Moderate Risk,1,0.2182116233887074,0.7448926191713118,0.032777725726436197,0.004118031713544691,High,High,0,0.5230719662790199,0.07776789405113092,0.3857642698861789,0.01339586978367039,Medium,Medium,0,0.04782118404423246,0.11070568996125074,0.83657078045943,0.004902345535086847
Myroxylon Pereirae Resin Extract (Peru Balsam),Myroxylon Pereirae Resin Extract (Peru Balsam),Moderate Risk,Moderate Risk,1,0.2250110094054858,0.730394576922648,0.03718074505393167,0.007413668617934604,High,High,1,0.7524350297745297,0.0311545009580384,0.21596835929050712,0.00044210997692468887,Medium,Medium,2,0.007349544824962527,0.021588119889297132,0.9666202964132846,0.004442038872455801
Evernia Prunastri Extract (Oakmoss),Evernia Prunastri Extract (Oakmoss),Moderate Risk,Moderate Risk,2,0.18407167859682044,0.7896389274719602,0.022227023536323907,0.004062370394895567,High,High,3,0.6101055542830408,0.13885773297193726,0.24831832051308236,0.0027183922319394954,Medium,Medium,2,0.01412223334997343,0.06420691592361605,0.9113042064250566,0.010366644301353728
Evernia Furfuracea Extract (Treemoss),Evernia Furfuracea Extract (Treemoss),Moderate Risk,Moderate Risk,0,0.19500747494001824,0.7726058742195455,0.028124507668122363,0.004262143172313865,High,High,0,0.7118343120945068,0.03578682034719759,0.251029112492817,0.0013497550654786516,Medium,Medium,3,0.02450961922884805,0.033154237084724286,0.927830152525974,0.014505991160453648
Cinnamal (Cinnamaldehyde),Cinnamal (Cinnamaldehyde),Moderate Risk,High Risk,3,0.548412992833448,0.4160081176752723,0.022864509404519045,0.012714380086760523,High,High,2,0.6206171403461862,0.019166455552779148,0.3552898587751272,0.004926545325907464,Medium,Medium,0,0.052674606677066756,0.08145578148388803,0.8592898207311219,0.006579791107923265
Cinnamyl Alcohol,Cinnamyl Alcohol,Moderate Risk,Safe,4,0.009055777887114957,0.034721812813990206,0.9044527656993394,0.05176964359955559,High,Low,0,0.08945640017165687,0.5098539863877244,0.34846349690289785,0.052226116537720926,Medium,Low,1,0.004330360747366433,0.9241999137054516,0.03836858542339102,0.03310114012379067
Isoeugenol,Isoeugenol,Moderate Risk,High Risk,1,0.6874340866849589,0.2657653946693205,0.03771661244181094,0.009083906203909854,High,High,4,0.5490654175157512,0.16802636432891058,0.27300377179564844,0.009904446359689786,Medium,Medium,1,0.04013609199608216,0.2860062348088393,0.6566859426058966,0.017171730589181908
Amyl Cinnamal,Amyl Cinnamal,Safe,Safe,1,0.07732344759505427,0.1746825906231584,0.7354332310141765,0.012560730767610925,Medium,Medium,2,0.16037741181004095,0.3602163016795151,0.4586779510341345,0.020728335476309645,Low,Low,3,0.014877046191169129,0.8347007470246554,0.1338975546880836,0.01652465209609195
Amylcinnamyl Alcohol,Amylcinnamyl Alcohol,Safe,Safe,1,0.09980221633532359,0.2797229955410294,0.6031861622893627,0.017288625834284217,Medium,Medium,4,0.2325164107784854,0.32415089660891905,0.41850328654398067,0.024829406068614793,Low,Low,1,0.011153154141575826,0.9359424342565481,0.045060377814127646,0.007844033787748408
Alpha-Isomethyl Ionone,Alpha-Isomethyl Ionone,Safe,Safe,1,0.10443887210974569,0.09455879507904336,0.7852587760945879,0.015743556716622923,Medium,Low,0,0.08308255474779645,0.5970282169890664,0.2999413545216237,0.019947873741513494,Low,Low,1,0.007118694930325782,0.9647647971378512,0.022629855279844655,0.005486652651978365
Anisyl Alcohol,Anisyl Alcohol,Safe,Safe,2,0.09249055644511014,0.3051384841344688,0.5817945552894377,0.02057640413098326,Low,Low,2,0.18584907498643086,0.42947667595768124,0.3656927670880339,0.01898148196785396,Low,Low,2,0.006076940580003448,0.7302870443345377,0.2461571643612112,0.01747885072424763
Benzyl Cinnamate,Benzyl Cinnamate,Safe,Safe,2,0.02908885496942585,0.14068512039030875,0.7496269663377525,0.08059905830251304,Medium,Low,1,0.1558779711588822,0.5520992720905585,0.2512540862760148,0.040768670474544494,Low,Low,2,0.0014863043987684385,0.8583343974284241,0.0847561150053848,0.05542318316742262
Benzyl Benzoate,Benzyl Benzoate,Safe,Safe,2,0.07463474884040047,0.18493647798088161,0.7280367026064021,0.012392070572315927,Medium,Medium,3,0.0642445033163369,0.3659798441936742,0.5533638662908322,0.016411786199156675,Low,Low,4,0.008083268066917813,0.8998322688642555,0.08041319011019465,0.011671272958632226
Lanolin Alcohol (Wool Alcohols),Lanolin Alcohol (Wool Alcohols),Safe,Safe,4,0.0002977545738080906,0.004063353208667252,0.9831389869576632,0.012499905259861471,High,Low,2,0.010638401389571608,0.8697548671973868,0.06494336614011721,0.05466336527292431,Medium,No Risk,3,0.0025032735407249157,0.11568811321888899,0.06577511078473344,0.8160335024556525
Colophonium (Rosin),Colophonium (Rosin),Moderate Risk,Safe,4,0.0018490336300361612,0.011238725493608192,0.9650107016834807,0.02190153919287496,High,Low,4,0.06443169761262434,0.8348961386393664,0.0635335277249394,0.037138636023069896,Medium,No Risk,3,0.0017220273419036767,0.012548403546658721,0.01792837326631731,0.9678011958451203
p-Aminobenzoic Acid (PABA),p-Aminobenzoic Acid (PABA),Moderate Risk,Moderate Risk,3,0.23411328149122956,0.40732428439914004,0.3450428011221626,0.01351963298746766,High,Medium,4,0.030751013276462798,0.4056424138571554,0.557725809999433,0.005880762866948921,Medium,Medium,1,0.04803186485566488,0.09534003966837486,0.8457452589688559,0.010882836507104424
Glyceryl Thioglycolate,Glyceryl Thioglycolate,High Risk,Moderate Risk,2,0.1682611158492191,0.7833561305115668,0.04071953878137971,0.007663214857834278,High,Medium,1,0.08666919881387046,0.38718104423559546,0.5101964220742763,0.015953334876257823,High,High,1,0.6071612598889338,0.06636134530860496,0.27963428413031777,0.04684311067214353
"2-Bromo-2-Nitropropane-1,3-Diol (Bronopol)","2-Bromo-2-Nitropropane-1,3-Diol (Bronopol)",Moderate Risk,Safe,0,0.004503107458006829,0.047300735853365604,0.9423571438228074,0.005839012865820079,Medium,Low,0,0.1088849789423832,0.7353333278043899,0.12249987844952721,0.03328181480369963,Medium,Low,3,0.0022964831192600066,0.6830261416877379,0.24406180282783968,0.07061557236516249
Tosylamide/Epoxy Resin,Tosylamide/Epoxy Resin,Moderate Risk,Safe,2,0.01352140175094087,0.07044242981182507,0.8656661206218318,0.05037004781540214,High,Low,0,0.007358992843318356,0.8743251118781521,0.08242445457312073,0.035891440705408936,Medium,Low,4,0.007769359495326718,0.5019919113375891,0.11688414130897097,0.3733545878581131
p-tert-Butylphenol Formaldehyde Resin,p-tert-Butylphenol Formaldehyde Resin,High Risk,Moderate Risk,3,0.03381166997739144,0.9617554213087125,0.002206359472517627,0.002226549241378205,High,High,3,0.6402996607610288,0.09364313490368599,0.25410231828607444,0.011954886049210656,Medium,Medium,1,0.025244804178733368,0.005829858989106401,0.9584421314675402,0.010483205364620161
Propolis Extract (Bee Propolis),Propolis Extract (Bee Propolis),Safe,Safe,1,0.0005965989396028383,0.05547960794882353,0.7670058117578884,0.17691798135368525,High,Low,3,0.03131773860513565,0.6191755744735945,0.2826949129963531,0.06681177392491679,Medium,No Risk,1,0.010926246419102304,0.4414558113222607,0.0726749309914191,0.47494301126721794
Diazolidinyl Urea/Formaldehyde Complex,Diazolidinyl Urea/Formaldehyde Complex,Moderate Risk,Safe,3,0.021472253436117323,0.10782285989991947,0.8557671862055263,0.014937700458436988,High,Low,1,0.049225217349184225,0.4265899889239032,0.41437507221779424,0.10980972150911825,Medium,Low,0,0.009430745859272012,0.72893342507586,0.23842326584062773,0.023212563224240278
Cobalt Chloride (Trace Colorant),Cobalt Chloride (Trace Colorant),High Risk,High Risk,2,0.8254590388487562,0.1539532746486779,0.017098906920131954,0.0034887795824338633,High,Medium,0,0.15142996253452887,0.0675754560825899,0.7751351735509715,0.005859407831909635,High,Medium,0,0.05034041037967085,0.018103877512568558,0.924184720299187,0.007370991808573478
Potassium Chloride,Potassium Chloride,Very Safe,Safe,2,0.0027788841381823364,0.039325403044349214,0.5182321540834808,0.4396635587339876,No Risk,Low,4,0.007180149012168394,0.5002776974102922,0.020685166738345022,0.47185698683919436,Low,Low,4,0.004723192328405947,0.929003445274157,0.021186659315251193,0.045086703082185715
Magnesium Chloride,Magnesium Chloride,Very Safe,Very Safe,1,0.0029018546681809,0.018591702957564543,0.22847862674663644,0.7500278156276181,No Risk,No Risk,1,0.006664296077543043,0.254078521422883,0.011802241737912094,0.727454940761662,Low,Low,2,0.004842184278928001,0.8783906394773758,0.02466294940946163,0.09210422683423451
Calcium Chloride,Calcium Chloride,Very Safe,Very Safe,4,0.002183949809721916,0.02819863464278832,0.2354943593351202,0.7341230562123695,No Risk,No Risk,0,0.006110718179943986,0.2013019502183952,0.0219237994996067,0.7706635321020542,Low,Low,1,0.002157070852617423,0.9586676304347306,0.014769636997688695,0.02440566171496327
Sodium Sulfate,Sodium Sulfate,Very Safe,Very Safe,3,0.0010020505581891854,0.0098287313183774,0.06561606113051166,0.9235531569929217,No Risk,No Risk,3,0.0034683787127878615,0.07249661445994604,0.013340595229223502,0.9106944115980425,Low,Low,4,0.006785435396885499,0.9122004380922134,0.04327687995739389,0.037737246553507374
Zinc Sulfate,Zinc Sulfate,Very Safe,Very Safe,0,0.001570789122116186,0.009880228233458802,0.40438671067191156,0.5841622719725135,No Risk,No Risk,0,0.009599186156462757,0.12376618919459015,0.028252918519445076,0.838381706129502,Low,Low,1,0.0031458343738214305,0.9063318027701917,0.055366204293555495,0.035156158562431365
Calcium Silicate,Calcium Silicate,Very Safe,Very Safe,1,0.0024535622533698597,0.03468937525178941,0.40323088055662376,0.5596261819382169,No Risk,No Risk,1,0.0032965194253017933,0.25841047597179845,0.012127375695915524,0.7261656289069842,Low,Low,2,0.0027318533075889467,0.84474575092772,0.03244235989340454,0.12008003587128648
Magnesium Silicate,Magnesium Silicate,Very Safe,Very Safe,1,0.002662987440143472,0.021410273177299106,0.33257272018099004,0.6433540192015674,No Risk,No Risk,4,0.003946445399485646,0.2584457470012317,0.010365543119838653,0.7272422644794441,Low,Low,2,0.004648949554226525,0.7265042970963621,0.051796818691604955,0.2170499346578064
Aluminum Oxide,Aluminum Oxide,Very Safe,Safe,1,0.002446311388460334,0.026204172782455425,0.7844445460329513,0.186904969796133,No Risk,Low,2,0.002682534537201087,0.9308802182188077,0.008428573426405394,0.05800867381758579,Low,Low,2,0.009393283958841559,0.6904422608111642,0.1328144909929688,0.16734996423702536
Perlite,Perlite,Very Safe,Safe,3,0.001766274243128795,0.04459961930134384,0.8748258454196783,0.07880826103584894,No Risk,Low,0,0.0031375018489934944,0.8954237501675557,0.039288876199735506,0.06214987178371541,Low,Low,2,0.0049500282362750355,0.842845486984788,0.12243606080749062,0.029768423971446398
Glycine,Glycine,Very Safe,Very Safe,2,0.0040737310890141725,0.03707312010581021,0.35328771005859205,0.6055654387465836,No Risk,Low,1,0.010740282977753358,0.5075848444871096,0.04213897678659617,0.43953589574854074,Low,Low,0,0.007459512317317161,0.6981410465934919,0.01716464640480977,0.27723479468438134
Alanine,Alanine,Very Safe,Very Safe,4,0.0002144955976334946,0.0013903944000748368,0.036148578626400946,0.9622465313758907,No Risk,No Risk,4,0.0024304301855093656,0.0983147320454018,0.003986704773214192,0.8952681329958747,Low,Low,0,0.000667654123604732,0.937146821687157,0.004220383596364678,0.05796514059287364
Arginine,Arginine,Very Safe,Very Safe,3,0.0009795283166122376,0.019278606627208567,0.3458882620613178,0.6338536029948615,No Risk,No Risk,2,0.002183998770751835,0.09391994024945603,0.006313216039288507,0.8975828449405036,Low,Low,2,0.008048055101480975,0.6983718021740616,0.019672821884683587,0.27390732083977387
Serine,Serine,Very Safe,Very Safe,4,0.00022406371276437618,0.001552328155409041,0.038494817018569875,0.9597287911132567,No Risk,No Risk,4,0.0022849619952068135,0.11986615211506456,0.003813771174511998,0.8740351147152166,Low,Low,1,0.0008568465134303161,0.9095650530736983,0.0019728367179370735,0.08760526369493442
Proline,Proline,Very Safe,Very Safe,3,0.0015072237373258356,0.012499112108929183,0.0721874605258161,0.9138062036279289,No Risk,No Risk,2,0.019344799660096057,0.14735868187718154,0.023445827622615267,0.8098506908401072,Low,Low,1,0.002694789966775912,0.9436159858676375,0.010041801484236423,0.043647422681350016
Threonine,Threonine,Very Safe,Very Safe,0,0.00025758390328973726,0.002615781920309057,0.051035803187214485,0.9460908309891868,No Risk,No Risk,0,0.001968312602676882,0.06973811808406337,0.004894122381299494,0.9233994469319602,Low,Low,0,0.0006411929080774055,0.9459972405131931,0.0039033002212917763,0.049458266357437726
Aspartic Acid,Aspartic Acid,Very Safe,Very Safe,1,0.00032621679059734735,0.001378318411461543,0.041817301334362664,0.9564781634635786,No Risk,No Risk,0,0.0020026979371578243,0.08179698437537615,0.0051094690963998666,0.9110908485910661,Low,Low,4,0.0012838150994199475,0.9221429288305222,0.003431844983945773,0.0731414110861121
Ceramide 1,Ceramide 1,Very Safe,Very Safe,0,0.0008276638762667374,0.004315737216192314,0.025073263709301196,0.9697833351982398,No Risk,No Risk,2,0.007253935316307555,0.14855611495100224,0.021336827879467432,0.8228531218532228,Low,Low,3,0.0022183420813558278,0.8529911980996056,0.011235246936720967,0.13355521288231764
Ceramide 2,Ceramide 2,Very Safe,Very Safe,0,0.0008382314747454049,0.004244268345327696,0.024647905183464547,0.9702695949964625,No Risk,No Risk,0,0.004139299721481216,0.10753078894580789,0.009668377400428828,0.878661533932282,Low,Low,3,0.0022721981033411143,0.8468517125301702,0.011420629072499385,0.13945546029398906
Ceramide 6-II,Ceramide 6-II,Very Safe,Very Safe,4,0.0006131803364537851,0.0027660993613974776,0.02156918733464288,0.9750515329675059,No Risk,No Risk,3,0.0031891441714901516,0.11464305693279775,0.009561625359641597,0.8726061735360704,Low,Low,0,0.0018185492635642534,0.8941378806805518,0.008076180553392692,0.09596738950249126
Beta-Sitosterol,Beta-Sitosterol,Very Safe,Very Safe,4,0.0016146599648504474,0.014679054235054452,0.32239880514674923,0.6613074806533459,No Risk,Low,2,0.04078409289541021,0.6109853794315927,0.1333279771128526,0.21490255056014457,Low,Low,1,0.006641176901814133,0.6532210663839653,0.021476269333244834,0.3186614873809757
Inositol,Inositol,Very Safe,Very Safe,1,0.0005423993708972543,0.004837405249583393,0.09080123235710802,0.9038189630224113,No Risk,Low,1,0.004017535923068328,0.7168783582134026,0.012958468601331532,0.2661456372621974,Low,No Risk,4,0.006126534404749799,0.1216028998668459,0.007142796599080698,0.8651277691293237
Sodium Ascorbate,Sodium Ascorbate,Very Safe,Safe,2,0.0013435649203683672,0.01711057412354761,0.6182981061881907,0.3632477547678934,No Risk,Low,3,0.0013494097813309073,0.873012234443349,0.018063463528596127,0.10757489224672395,Low,Low,2,0.010819880610681572,0.8540595086640296,0.025487956876455414,0.10963265384883326
Calcium Ascorbate,Calcium Ascorbate,Very Safe,Very Safe,4,0.0021634479947992484,0.027606250569385756,0.3988413996748119,0.5713889017610031,No Risk,Low,1,0.0026142225395626773,0.7956007609757777,0.03314814025223869,0.16863687623242118,Low,Low,0,0.0032774322475744118,0.7708077386697052,0.03856944946127437,0.187345379621446
Zinc Gluconate,Zinc Gluconate,Very Safe,Very Safe,2,0.0009577795583810045,0.021046752984641637,0.17035540303407914,0.8076400644228983,No Risk,No Risk,4,0.012660752848852938,0.09979981148078548,0.01046690809455282,0.8770725275758088,Low,Low,2,0.0014624559164937915,0.9054122808253209,0.06731453096131776,0.0258107322968676
Magnesium Aspartate,Magnesium Aspartate,Very Safe,Very Safe,0,0.0012726806905148725,0.0049293452962089895,0.14652541679830497,0.8472725572149711,No Risk,No Risk,4,0.0047902060268677224,0.08869743054480246,0.005964106076870154,0.9005482573514597,Low,Low,0,0.001737800978004563,0.9454503834552317,0.02434674497495876,0.028465070591804954
Potassium Sorbate (Baby Care Grade),Potassium Sorbate,Very Safe,Safe,1,0.03195116858074107,0.14318648354579372,0.73255394983785,0.0923083980356153,No Risk,Low,3,0.04206983372727021,0.8402211607098027,0.08620969995300616,0.03149930560992088,Low,Low,2,0.02115553263927431,0.8529847964288043,0.08829314763490453,0.037566523297016784
Hydrogenated Starch Hydrolysate,Hydrogenated Starch Hydrolysate,Very Safe,Safe,4,0.0007517836708168205,0.009289490455405707,0.6949105512904314,0.2950481745833461,No Risk,Low,2,0.004907872595854905,0.8760892235921756,0.027529319356555025,0.09147358445541458,Low,No Risk,1,0.004196582885196316,0.18636650172356828,0.04108673932653294,0.7683501760647025
Maltodextrin,Maltodextrin,Very Safe,Very Safe,2,0.003517975392456343,0.03334033947377066,0.18948828063565107,0.7736534044981219,No Risk,No Risk,4,0.030184769412558196,0.43169429762978356,0.04804580833857815,0.4900751246190802,Low,Low,0,0.0038659697074696986,0.7402468995321856,0.038454294197394434,0.2174328365629503
Pullulan,Pullulan,Very Safe,Safe,0,0.0013132154102325968,0.036051559251700144,0.6951378279133236,0.26749739742474365,No Risk,Low,2,0.0072344489576995534,0.6758426695339338,0.018985902254227176,0.29793697925413937,Low,No Risk,3,0.004042710129703284,0.25020450195339,0.030618239986714563,0.7151345479301922
Cyclodextrin (Beta-Cyclodextrin),Cyclodextrin (Beta-Cyclodextrin),Very Safe,Safe,1,0.006086969650721119,0.07648142278076707,0.6787327572312765,0.23869885033723537,No Risk,Low,1,0.027011947544469485,0.6172163618675728,0.03261958287766392,0.3231521077102936,Low,Low,0,0.0044369520258854475,0.8477442429967953,0.07118730929772522,0.07663149567959417
Sclerotium Gum (Baby Care Grade),Sclerotium Gum,Very Safe,Very Safe,2,0.0007658189581796634,0.005756412735280811,0.07121119941695324,0.9222665688895862,No Risk,Low,2,0.005382124805009156,0.760063522188627,0.012842977990455178,0.22171137501590846,Low,No Risk,1,0.0033977718534935935,0.48091887537647615,0.009020290300692202,0.506663062469338
Sodium Hyaluronate (Low Molecular Weight),Sodium Hyaluronate (Low Molecular Weight),Very Safe,Safe,0,0.00044977167226359355,0.003977575900394871,0.6099216572843941,0.3856509951429474,No Risk,No Risk,1,0.0027788192691128233,0.43774532727304083,0.018578149238413538,0.5408977042194328,Low,No Risk,2,0.0023939662971401913,0.2784852151470367,0.015800898726868063,0.7033199198289549
Beta Glucan (Yeast Derived),Beta Glucan (Yeast Derived),Very Safe,Very Safe,4,0.00018767904490048118,0.0013206651932712945,0.029898480181636773,0.9685931755801913,No Risk,No Risk,1,0.0032776681467266986,0.11083478871219014,0.006040163279427044,0.879847379861656,Low,Low,4,0.0009706651012435844,0.9375138235001196,0.0017659799582114065,0.05974953144042545
Trehalose (Baby Care Grade),Trehalose,Very Safe,Very Safe,1,0.0017368772308876733,0.008878129117466403,0.12694287259409762,0.8624421210575482,No Risk,No Risk,0,0.00498536583860708,0.26210703454888645,0.01749177159759855,0.7154158280149079,Low,No Risk,0,0.003950703295316174,0.30345712031856537,0.02234468705955251,0.670247489326566
Sodium Cocoyl Isethionate (Baby Care Grade),Sodium Cocoyl Isethionate,Very Safe,Safe,0,0.0005225674932365979,0.0118173397422259,0.8803402412126831,0.10731985155185449,Low,Low,0,0.00177539121799816,0.9516674683045441,0.015817591491769766,0.03073954898568796,Low,Low,4,0.005858100298785992,0.7445113108392126,0.036488957785428586,0.21314163107657283
Panthenyl Ethyl Ether,Panthenyl Ethyl Ether,Very Safe,Very Safe,3,0.009943949322530534,0.060655123972035145,0.3655669959239023,0.563833930781532,No Risk,Low,0,0.008469724602494115,0.8138957113040625,0.0694795442981221,0.10815501979532124,Low,Low,0,0.013696187262948032,0.7982177515122805,0.06928562597389876,0.11880043525087265
Biotinyl Tripeptide-1,Biotinyl Tripeptide-1,Very Safe,Safe,0,0.00294273183533722,0.024880008915051398,0.6394302631546147,0.3327469960949966,Low,Low,0,0.004810981811626868,0.8892853386596569,0.013819783525044543,0.09208389600367166,Low,No Risk,3,0.005142207438933913,0.23743199741696353,0.019678304289459516,0.737747490854643
Copper Gluconate,Copper Gluconate,Very Safe,Very Safe,2,0.0014189690398782714,0.012983385050349112,0.10780279295176921,0.8777948529580034,Low,No Risk,4,0.004752842373126189,0.0872679807115851,0.006613470128989725,0.9013657067862989,Low,Low,4,0.0017816476071709532,0.95075943176183,0.028857341426739336,0.01860157920425976
Manganese Gluconate,Manganese Gluconate,Very Safe,Very Safe,2,0.00142700480467838,0.011303603380191209,0.11243956752631405,0.8748298242888164,No Risk,No Risk,4,0.0051696098458220135,0.11570614121846552,0.006206182863122989,0.8729180660725894,Low,Low,0,0.0018124701258667168,0.9413191513741623,0.022047029614039648,0.03482134888593114
Sodium Gluconate,Sodium Gluconate,Very Safe,Safe,3,0.0032173708185875517,0.029145457794515373,0.950783634907156,0.01685353647974115,No Risk,Low,3,0.01393810918976865,0.9349699735779652,0.036275735893747496,0.0148161813385187,Low,Low,1,0.010711790907599564,0.894845202071624,0.03477294557495766,0.059670061445818864
Piperonal,Piperonal,Moderate Risk,Safe,1,0.1026403060721383,0.10913000645824918,0.7717427448846047,0.01648694258500765,Low,Low,4,0.1193533285312051,0.49053656768610454,0.3632720711254983,0.02683803265719209,Low,Low,1,0.014031562327606228,0.9281207086346124,0.0459867866906051,0.011860942347176337
Diethylene Glycol Monoethyl Ether,Diethylene Glycol Monoethyl Ether,Moderate Risk,Moderate Risk,0,0.02455327592966128,0.4613466837276716,0.4475967578927906,0.06650328244987652,Low,Low,1,0.0084800906523514,0.929535917144772,0.015976171475656505,0.04600782072722013,Medium,Low,1,0.022674078111447116,0.6229836815175765,0.3248259600678179,0.02951628030315834
Ethylhexylglycerin (Deodorant Grade),Ethylhexylglycerin,Moderate Risk,Safe,3,0.00624594672352891,0.0534466953299599,0.8473686609514595,0.09293869699505176,Low,Low,3,0.0077916511111396245,0.928668907743007,0.044808586208117396,0.01873085493773601,Low,Low,2,0.03569325422916193,0.5788099666939833,0.19578070388283886,0.18971607519401587
Zirconium Trichlorohydrex Gly,Zirconium Trichlorohydrex Gly,Moderate Risk,Moderate Risk,3,0.16757587754097486,0.6233226136132229,0.06960027682698516,0.13950123201881698,Low,Medium,2,0.19514233570303016,0.2627462345333711,0.3762878839417279,0.1658235458218708,Medium,Medium,3,0.040643671208316814,0.12659934764588332,0.8139703488845349,0.018786632261264934
Sodium Perborate,Sodium Perborate,Moderate Risk,Moderate Risk,2,0.31786275283219345,0.6079310359914226,0.06101304545798466,0.013193165718399211,Low,Low,2,0.13275105158016268,0.41640976568110993,0.4138104930256068,0.03702868971312038,Medium,Medium,1,0.1651895668226253,0.06560789537286782,0.7389671530448416,0.03023538475966534
Sodium Cetearyl Sulfate,Sodium Cetearyl Sulfate,Safe,Safe,3,0.0026113563252004755,0.02027701414434042,0.9296232005309998,0.04748842899945941,No Risk,Low,4,0.008187795294388088,0.6490224720670943,0.1123995277797749,0.23039020485874284,Low,No Risk,3,0.009892087567084868,0.33189134294720085,0.04256979711449627,0.615646772371218
Cetearyl Olivate,Cetearyl Olivate,Safe,Safe,2,0.0013251718029230503,0.008588383426396527,0.8803770243444814,0.10970942042619905,No Risk,Low,3,0.00505442931241269,0.639706069642678,0.008070390264663817,0.3471691107802455,Low,No Risk,0,0.0009791426344225149,0.28118373445677425,0.008229095111967896,0.7096080277968353
Sorbitan Olivate,Sorbitan Olivate,Safe,Safe,3,0.0009687014797146779,0.008235603273861079,0.8988221094298946,0.09197358581652955,No Risk,Low,4,0.006807833365491173,0.6740635037081674,0.0068928075844873985,0.31223585534185416,Low,No Risk,4,0.0007102763110542548,0.21366315831977375,0.01051030645754308,0.7751162589116289
Polyglyceryl-6 Distearate,Polyglyceryl-6 Distearate,Safe,Safe,1,0.0015617926108863651,0.015691001580068933,0.9640008580655258,0.018746347743518764,No Risk,Low,3,0.002976516924944401,0.9260287929357768,0.013508945200630843,0.05748574493864805,Low,No Risk,2,0.004018884852582971,0.12749265120453132,0.010671229068970741,0.857817234873915
Cetyl PEG/PPG-10/1 Dimethicone (Emulsifier Grade),Cetyl PEG/PPG-10/1 Dimethicone,Safe,Safe,3,0.005308006757737166,0.009945279622513152,0.8703950939602488,0.11435161965950078,No Risk,Low,2,0.0037421860064160103,0.8423482802302655,0.004846624265019585,0.1490629094982988,Low,No Risk,4,0.004215129075987635,0.13340982773770882,0.008317788898700537,0.854057254287603
Sodium Stearoyl Glutamate,Sodium Stearoyl Glutamate,Safe,Safe,4,0.0006084266135497276,0.004991622382752957,0.8780120614538598,0.11638788954983753,No Risk,Low,1,0.0033070709717298494,0.8629491118245921,0.00678128473442436,0.12696253246925365,Low,No Risk,3,0.0005641720309374851,0.05348993344046266,0.004330620848859271,0.9416152736797406
Isoamyl Cocoate,Isoamyl Cocoate,Safe,Safe,2,0.0016343361517186796,0.014566650238174697,0.9678848892078855,0.015914124402221116,No Risk,Low,2,0.012676978940282135,0.7439208112796016,0.046439283991892115,0.19696292578822416,Low,No Risk,4,0.0040499083298189305,0.3104921567709222,0.031142361175256126,0.6543155737240028
Coco-Caprylate/Caprate,Coco-Caprylate/Caprate,Safe,Safe,1,0.0001985074665764039,0.0016323724035879478,0.9733318573334783,0.024837262796357288,No Risk,Low,1,0.006436212952563146,0.8161330819901892,0.004656176696110937,0.17277452836113677,Low,No Risk,3,0.0011150588980454034,0.1561342145483202,0.004671592592995447,0.8380791339606389
Neopentyl Glycol Diethylhexanoate,Neopentyl Glycol Diethylhexanoate,Safe,Safe,4,0.002802783691403834,0.017949558762594645,0.9600784512221464,0.01916920632385515,No Risk,Low,4,0.01713519587508002,0.7885720854007447,0.022934070724507722,0.17135864799966746,Low,No Risk,3,0.0026940238471939728,0.13014907581615592,0.009414551047981062,0.8577423492886691
Dicaprylyl Ether,Dicaprylyl Ether,Safe,Safe,3,0.00010692078847560154,0.0021274415305678933,0.9807935610324222,0.016972076648534208,No Risk,Low,3,0.007245044714013568,0.7771932736966577,0.005018984801752613,0.21054269678757614,Low,No Risk,4,0.0016949086992210515,0.13144636844857524,0.005507681305360581,0.8613510415468432
Sodium Phosphate,Sodium Phosphate,Very Safe,Very Safe,4,0.0005391687765448712,0.015490517702757993,0.054596574559700774,0.9293737389609964,No Risk,No Risk,1,0.00326525842872715,0.06352514471261472,0.004427871118275003,0.9287817257403831,Low,Low,1,0.012975299611585077,0.9011398289014749,0.04710411110649815,0.03878076038044193
Disodium Phosphate,Disodium Phosphate,Very Safe,Very Safe,0,0.0009226338812227196,0.013213659910414115,0.25758436317579625,0.7282793430325669,No Risk,No Risk,0,0.0040892057315468355,0.107836323155801,0.007381101756000864,0.8806933693566513,Low,Low,3,0.002945260867032463,0.8573590953300498,0.021188154126449213,0.11850748967646853
Trisodium Phosphate,Trisodium Phosphate,Very Safe,Very Safe,0,0.0008247631313022034,0.005015403668895546,0.03285735109473881,0.9613024821050634,No Risk,No Risk,2,0.0024907678001568115,0.049976655139323437,0.0039932738911481434,0.9435393031693715,Low,Low,1,0.0037094262307262632,0.9684340403956225,0.011903021002524387,0.015953512371126747
Sodium Metasilicate,Sodium Metasilicate,Very Safe,Safe,3,0.0029336028139303368,0.0334428923865627,0.518536364407638,0.44508714039186903,No Risk,No Risk,3,0.006540773578212558,0.42551499429341677,0.016536037686529295,0.5514081944418414,Low,Low,2,0.009632288997999615,0.7562726164909483,0.09904977045577132,0.13504532405528077
Ammonium Alum,Ammonium Alum,Very Safe,Very Safe,2,0.0029810825668830547,0.035071427833374115,0.4422398782579406,0.5197076113418022,No Risk,Low,2,0.006903925778365454,0.5743769836508551,0.026836931172432524,0.391882159398347,Low,Low,4,0.00403467763738618,0.902635980124395,0.03874594437675324,0.054583397861465564
Zeolite,Zeolite,Very Safe,Safe,1,0.002717164917932841,0.0744188849576034,0.7201491344126928,0.2027148157117711,No Risk,Low,3,0.007905108936405442,0.7200841615394267,0.02483152480931785,0.2471792047148501,Low,Low,3,0.003574153045416797,0.785254170596414,0.06486615187877669,0.1463055244793926
Sodium Aluminosilicate,Sodium Aluminosilicate,Very Safe,Very Safe,3,0.0016556552767229126,0.017458726263363117,0.17063926111085437,0.8102463573490596,No Risk,No Risk,0,0.0036089257578930684,0.17451149804815191,0.013084579650476203,0.8087949965434788,Low,Low,3,0.002795649540834235,0.9138227885351169,0.022417980156201698,0.06096358176784723
Nylon-6,Nylon-6,Very Safe,Safe,1,0.013602219594780222,0.10348841030125434,0.7510013537441744,0.13190801635979107,No Risk,Low,0,0.013374940143320833,0.7504602065007487,0.0671412149661541,0.16902363838977624,Low,No Risk,4,0.012954290841115943,0.44475085287276434,0.03849349248290968,0.5038013638032101
Silica Microspheres,Silica Microspheres,Very Safe,Safe,4,0.0014388799294636847,0.011372815734841033,0.7566411878118853,0.23054711652381002,No Risk,Low,4,0.0016559161777078206,0.9273069900374156,0.0035381327100797934,0.06749896107479679,Low,Low,2,0.0034311672408270212,0.5630952118832364,0.047398909536064196,0.3860747113398724
Polymethyl Methacrylate (PMMA),Polymethyl Methacrylate (PMMA),Very Safe,Safe,4,0.003811130363758155,0.024116798153868073,0.9534830587833899,0.01858901269898393,No Risk,Low,4,0.004486631206714825,0.9615745719467937,0.010749753208520231,0.023189043637971266,Low,No Risk,4,0.005361304117648247,0.1794952400769772,0.010368158758622402,0.8047752970467521
Calcium Phosphate,Calcium Phosphate,Very Safe,Safe,3,0.0017567525429170565,0.02292674848864366,0.6894818131446573,0.28583468582378196,No Risk,Low,2,0.007007163142158113,0.792674142846945,0.014232398351758201,0.1860862956591387,Low,Low,4,0.006871779233220046,0.7965601912301842,0.12775130457909903,0.06881672495749687
Potassium Bicarbonate,Potassium Bicarbonate,Very Safe,Very Safe,1,0.0015531860846975246,0.01627782479997569,0.05736760778875748,0.9248013813265693,No Risk,No Risk,3,0.00637410299257268,0.41598837175091896,0.021558772431540366,0.556078752824968,Low,Low,2,0.008818772691254546,0.8880836575163821,0.04364262967271923,0.05945494011964409
Ammonium Bicarbonate,Ammonium Bicarbonate,Very Safe,Very Safe,0,0.0018194363600656472,0.03397730373047758,0.29121445133621976,0.6729888085732371,No Risk,Low,3,0.006949034028411876,0.5480191119336542,0.032401985359456,0.4126298686784781,Low,Low,3,0.0174905413312217,0.7431730588708926,0.11782094369982286,0.12151545609806283
Magnesium Citrate,Magnesium Citrate,Very Safe,Very Safe,0,0.0009795593725401418,0.0046459676266577595,0.059374190423826974,0.9350002825769751,No Risk,No Risk,2,0.006955263243037177,0.09625905508552147,0.006771825617971589,0.8900138560534698,Low,Low,0,0.0023017184573174672,0.9323800047018279,0.018274036957901647,0.04704423988295297
Valine,Valine,Very Safe,Very Safe,3,0.00040445354293178236,0.0058441471137937705,0.07530443903338613,0.9184469603098883,No Risk,No Risk,2,0.003269142650481517,0.05112206841254513,0.0045199824424263495,0.941088806494547,Low,Low,4,0.0031078794622075366,0.9204643461511643,0.008247029795702859,0.06818074459092538
Leucine,Leucine,Very Safe,Very Safe,1,0.0007255515698583039,0.006583753582372532,0.07955547198345624,0.9131352228643129,No Risk,No Risk,1,0.00461941348843898,0.0813744303096046,0.007716256511549153,0.9062898996904072,Low,Low,3,0.0019745164925389544,0.9400969275685968,0.01003545137122783,0.04789310456763661
Isoleucine,Isoleucine,Very Safe,Very Safe,0,0.0004899179314283082,0.00748622103659981,0.08469880383056455,0.9073250572014073,No Risk,No Risk,1,0.005101626953557536,0.08490206247871558,0.00631929476599736,0.9036770158017295,Low,Low,0,0.0019524063963518646,0.9182447723239943,0.010548094280964143,0.06925472699868962
Histidine,Histidine,Very Safe,Very Safe,2,0.0005387948312941081,0.008942343976323661,0.08636009955082752,0.9041587616415546,No Risk,No Risk,1,0.0037068896155383474,0.07650401789573909,0.007781926636337424,0.9120071658523852,Low,Low,2,0.002196187961437523,0.9109967360796757,0.011140453031285908,0.07566662292760075
Lysine HCl,Lysine HCl,Very Safe,Very Safe,1,0.0008430229008457366,0.007036504937255675,0.09422215679377463,0.8978983153681239,No Risk,No Risk,3,0.0017660544857157497,0.03926369661842628,0.003361708490564023,0.955608540405294,Low,Low,2,0.0025080171454797545,0.8996997845363552,0.010366100179057224,0.08742609813910764
Glutamic Acid,Glutamic Acid,Very Safe,Very Safe,0,0.0004961770473223296,0.0069965077789047115,0.12576333533780418,0.8667439798359688,No Risk,No Risk,3,0.0020876429161560475,0.05196529371876997,0.00363227848204943,0.9423147848830244,Low,Low,0,0.002767688232449254,0.8774389186188345,0.019862796681571742,0.09993059646714449
Trimethylsiloxyphenyl Dimethicone,Trimethylsiloxyphenyl Dimethicone,Very Safe,Safe,3,0.0004657210071842232,0.004119456684007219,0.978394258117714,0.0170205641910945,No Risk,Low,0,0.0009968924264437827,0.9862303448258019,0.003545821215118622,0.009226941532635896,Low,No Risk,4,0.0033308562293897915,0.06114170009597734,0.0023605356258935084,0.9331669080487394
PEG-10 Dimethicone,PEG-10 Dimethicone,Very Safe,Safe,4,0.003049427842409483,0.006405806065404498,0.9697417300160524,0.0208030360761337,No Risk,Low,0,0.002121340866800577,0.9288130815012537,0.0036895111350850477,0.06537606649686067,Low,No Risk,0,0.003798063322510148,0.15519593081740915,0.007022400409212052,0.8339836054508686
